[   10962ms] [ERROR] Attestation check for Attribution Reporting on https://www.facebook.com failed. @ https://www.shopify.com/:0
[   11721ms] [ERROR] Attestation check for Attribution Reporting on https://www.facebook.com failed. @ https://www.shopify.com/:0
[   11946ms] [ERROR] The Content Security Policy directive 'upgrade-insecure-requests' is ignored when delivered in a report-only policy. @ https://admin.shopify.com/?ui_locales=en:0
[   12092ms] [ERROR] The Content Security Policy directive 'upgrade-insecure-requests' is ignored when delivered in a report-only policy. @ https://admin.shopify.com/login?ui_locales=en&errorHint=no_cookie_auth_token:0
[   12747ms] [ERROR] The Content Security Policy directive 'upgrade-insecure-requests' is ignored when delivered in a report-only policy. @ https://accounts.shopify.com/lookup?rid=9849f452-85c6-4f63-85ff-17d608205370&verify=1773763736-FI3fQL2M3QPowloh6uplPVRYvdUhxCDFfs6z1nC9gNg%3D:0
[   16813ms] [ERROR] The Content Security Policy directive 'upgrade-insecure-requests' is ignored when delivered in a report-only policy. @ https://hcaptcha.com/1/api.js?render=explicit&onload=simpleCaptchaReady:3
[   16816ms] [ERROR] The Content Security Policy directive 'upgrade-insecure-requests' is ignored when delivered in a report-only policy. @ https://hcaptcha.com/1/api.js?render=explicit&onload=simpleCaptchaReady:3
[   16877ms] [WARNING] Failed to execute 'postMessage' on 'DOMWindow': The target origin provided ('https://newassets.hcaptcha.com') does not match the recipient window's origin ('https://accounts.shopify.com'). @ https://cdn.shopify.com/shopifycloud/dux/dux-6.0.1.min.js:0
[   16877ms] [WARNING] Failed to execute 'postMessage' on 'DOMWindow': The target origin provided ('https://newassets.hcaptcha.com') does not match the recipient window's origin ('https://accounts.shopify.com'). @ https://cdn.shopify.com/shopifycloud/dux/dux-6.0.1.min.js:0
[   30698ms] [ERROR] The Content Security Policy directive 'upgrade-insecure-requests' is ignored when delivered in a report-only policy. @ https://accounts.shopify.com/login?rid=9849f452-85c6-4f63-85ff-17d608205370:0
[   30933ms] [ERROR] The Content Security Policy directive 'upgrade-insecure-requests' is ignored when delivered in a report-only policy. @ https://hcaptcha.com/1/api.js?render=explicit&onload=simpleCaptchaReady:3
[   30935ms] [ERROR] The Content Security Policy directive 'upgrade-insecure-requests' is ignored when delivered in a report-only policy. @ https://hcaptcha.com/1/api.js?render=explicit&onload=simpleCaptchaReady:3
[   39927ms] [ERROR] The Content Security Policy directive 'upgrade-insecure-requests' is ignored when delivered in a report-only policy. @ https://accounts.shopify.com/login?rid=9849f452-85c6-4f63-85ff-17d608205370:0
[   40077ms] [ERROR] The Content Security Policy directive 'upgrade-insecure-requests' is ignored when delivered in a report-only policy. @ https://hcaptcha.com/1/api.js?render=explicit&onload=simpleCaptchaReady:3
[   40081ms] [ERROR] The Content Security Policy directive 'upgrade-insecure-requests' is ignored when delivered in a report-only policy. @ https://hcaptcha.com/1/api.js?render=explicit&onload=simpleCaptchaReady:3
[   45112ms] [ERROR] The Content Security Policy directive 'upgrade-insecure-requests' is ignored when delivered in a report-only policy. @ https://accounts.shopify.com/login/two-factor/app?rid=9849f452-85c6-4f63-85ff-17d608205370&send_code=true:0
[   45392ms] [ERROR] The Content Security Policy directive 'upgrade-insecure-requests' is ignored when delivered in a report-only policy. @ https://hcaptcha.com/1/api.js?hl=en&onload=captchaEnterpriseOnloadCallback&render=explicit:3
[   45396ms] [ERROR] The Content Security Policy directive 'upgrade-insecure-requests' is ignored when delivered in a report-only policy. @ https://hcaptcha.com/1/api.js?hl=en&onload=captchaEnterpriseOnloadCallback&render=explicit:3
[   48500ms] [ERROR] The Content Security Policy directive 'upgrade-insecure-requests' is ignored when delivered in a report-only policy. @ https://accounts.shopify.com/login/two-factor/sms/28085165?rid=9849f452-85c6-4f63-85ff-17d608205370&send_code=true:0
[   48723ms] [ERROR] The Content Security Policy directive 'upgrade-insecure-requests' is ignored when delivered in a report-only policy. @ https://hcaptcha.com/1/api.js?hl=en&onload=captchaEnterpriseOnloadCallback&render=explicit:3
[   48728ms] [ERROR] The Content Security Policy directive 'upgrade-insecure-requests' is ignored when delivered in a report-only policy. @ https://hcaptcha.com/1/api.js?hl=en&onload=captchaEnterpriseOnloadCallback&render=explicit:3
[   57175ms] [ERROR] The Content Security Policy directive 'upgrade-insecure-requests' is ignored when delivered in a report-only policy. @ https://admin.shopify.com/?ui_locales=en&country=US:0
[   59392ms] [ERROR] The Content Security Policy directive 'upgrade-insecure-requests' is ignored when delivered in a report-only policy. @ https://admin.shopify.com/store/30e7d3?ui_locales=en&country=US:0
[   61018ms] [WARNING] using deprecated parameters for the initialization function; pass a single object instead @ https://cdn.shopify.com/shopifycloud/web/assets/v1/vite/client/en/assets/main-0ba72b8ca9bd.js:1
[   62632ms] [WARNING] polaris:  JSHandle@node - accessibilityLabel is recommended when scroll-box is provided @ https://cdn.shopify.com/shopifycloud/web/assets/v1/vite/client/en/assets/main-0ba72b8ca9bd.js:1
[  257537ms] [ERROR] The Content Security Policy directive 'upgrade-insecure-requests' is ignored when delivered in a report-only policy. @ https://cdn.shopify.com/shopifycloud/web/assets/v1/vite/client/en/render-common-aeffdac9f7c0.js:24
[  257543ms] [ERROR] The Content Security Policy directive 'upgrade-insecure-requests' is ignored when delivered in a report-only policy. @ https://cdn.shopify.com/shopifycloud/web/assets/v1/vite/client/en/render-common-aeffdac9f7c0.js:24
[  258377ms] [WARNING] Dux iframe sync: Blocked message from unauthorized origin: https://admin.shopify.com @ https://cdn.shopify.com/shopifycloud/online-store-web/assets/main/assets/main-6077acece5f5f8ccf5602fe2d27f0731bab55ccb.1.js:5
[  259726ms] [WARNING] An error occurred! For more details, see the full error text at https://go.apollo.dev/c/err#%7B%22version%22%3A%223.12.11%22%2C%22message%22%3A15%2C%22args%22%3A%5B%22features%22%2C%22Shop%22%2C%22either%20ensure%20all%20objects%20of%20type%20ShopFeatures%20have%20an%20ID%20or%20a%20custom%20merge%20function%2C%20or%20%22%2C%22Shop.features%22%2C%22%7B%5Cn%20%20%5C%22__typename%5C%22%3A%20%5C%22ShopFeatures%5C%22%2C%5Cn%20%20%5C%22hasGlobalEClassicApp%5C%22%3A%20false%2C%5Cn%20%20%5C%22hasGlobalEApp%5C%22%3A%20false%2C%5Cn%20%20%5C%22giftCards%5C%22%3A%20true%2C%5Cn%20%20%5C%22productProtection%5C%22%3A%20false%2C%5Cn%20%20%5C%22checkoutLiquidConfigurationEligible%5C%22%3A%20false%2C%5Cn%20%20%5C%22blogContentGenerationEnabled%5C%22%3A%20true%2C%5Cn%20%20%5C%22pageContentGenerationEnabled%5C%22%3A%20true%2C%5Cn%20%20%5C%22customDataTaxonomyEnabled%5C%22%3A%20true%2C%5Cn%20%20%5C%22themePreviewEnabled%5C%22%3A%20true%2C%5Cn%20%20%5C%22wooMagicThemeImportEnabled%5C%22%3A%20false%2C%5Cn%20%20%5C%22wixMagicThemeImportEnabled%5C%22%3A%20false%2C%5Cn%20%20%5C%22wordpressMagicThemeImportEnabled%5C%22%3A%20false%2C%5Cn%20%20%5C%22magicThemeImportEnabled%5C%22%3A%20false%2C%5Cn%20%20%5C%22sidekickEnabled%5C%22%3A%20true%2C%5Cn%20%20%5C%22marketsHome%5C%22%3A%20true%5Cn%7D%22%2C%22%7B%5Cn%20%20%5C%22__typename%5C%22%3A%20%5C%22ShopFeatures%5C%22%2C%5Cn%20%20%5C%22b2bEnabled%5C%22%3A%20false%5Cn%7D%22%5D%7D @ https://cdn.shopify.com/shopifycloud/online-store-web/assets/main/assets/main-6077acece5f5f8ccf5602fe2d27f0731bab55ccb.1.js:5
[  259728ms] [WARNING] An error occurred! For more details, see the full error text at https://go.apollo.dev/c/err#%7B%22version%22%3A%223.12.11%22%2C%22message%22%3A15%2C%22args%22%3A%5B%22plan%22%2C%22Shop%22%2C%22either%20ensure%20all%20objects%20of%20type%20ShopPlan%20have%20an%20ID%20or%20a%20custom%20merge%20function%2C%20or%20%22%2C%22Shop.plan%22%2C%22%7B%5Cn%20%20%5C%22__typename%5C%22%3A%20%5C%22ShopPlan%5C%22%2C%5Cn%20%20%5C%22name%5C%22%3A%20%5C%22professional%5C%22%2C%5Cn%20%20%5C%22shopifyPlus%5C%22%3A%20false%5Cn%7D%22%2C%22%7B%5Cn%20%20%5C%22__typename%5C%22%3A%20%5C%22ShopPlan%5C%22%2C%5Cn%20%20%5C%22name%5C%22%3A%20%5C%22professional%5C%22%2C%5Cn%20%20%5C%22trial%5C%22%3A%20false%5Cn%7D%22%5D%7D @ https://cdn.shopify.com/shopifycloud/online-store-web/assets/main/assets/main-6077acece5f5f8ccf5602fe2d27f0731bab55ccb.1.js:5
[  262554ms] [ERROR] Framing 'https://30e7d3.myshopify.com/' violates the following Content Security Policy directive: "frame-ancestors 'none'". The request has been blocked.
 @ :0
[  262592ms] [ERROR] Framing 'https://30e7d3.myshopify.com/' violates the following Content Security Policy directive: "frame-ancestors 'none'". The request has been blocked.
 @ :0
[  262602ms] [ERROR] Suppressed error exporting logs: TypeError: Failed to fetch
    at https://cdn.shopify.com/shopifycloud/app-bridge.js:1:13449 @ https://cdn.shopify.com/shopifycloud/online-store-web/assets/main/assets/main-6077acece5f5f8ccf5602fe2d27f0731bab55ccb.1.js:5
[  271434ms] [WARNING] An error occurred! For more details, see the full error text at https://go.apollo.dev/c/err#%7B%22version%22%3A%223.12.11%22%2C%22message%22%3A15%2C%22args%22%3A%5B%22passwordProtection%22%2C%22OnlineStore%22%2C%22either%20ensure%20all%20objects%20of%20type%20OnlineStorePasswordProtection%20have%20an%20ID%20or%20a%20custom%20merge%20function%2C%20or%20%22%2C%22OnlineStore.passwordProtection%22%2C%22%7B%5Cn%20%20%5C%22__typename%5C%22%3A%20%5C%22OnlineStorePasswordProtection%5C%22%2C%5Cn%20%20%5C%22enabled%5C%22%3A%20false%2C%5Cn%20%20%5C%22permanentStorefrontPasswordPage%5C%22%3A%20false%5Cn%7D%22%2C%22%7B%5Cn%20%20%5C%22__typename%5C%22%3A%20%5C%22OnlineStorePasswordProtection%5C%22%2C%5Cn%20%20%5C%22enabled%5C%22%3A%20false%5Cn%7D%22%5D%7D @ https://cdn.shopify.com/shopifycloud/online-store-web/assets/main/assets/main-6077acece5f5f8ccf5602fe2d27f0731bab55ccb.1.js:5
[  271905ms] [WARNING] An error occurred! For more details, see the full error text at https://go.apollo.dev/c/err#%7B%22version%22%3A%223.12.11%22%2C%22message%22%3A15%2C%22args%22%3A%5B%22entitlements%22%2C%22Shop%22%2C%22either%20ensure%20all%20objects%20of%20type%20EntitlementsType%20have%20an%20ID%20or%20a%20custom%20merge%20function%2C%20or%20%22%2C%22Shop.entitlements%22%2C%22%7B%5Cn%20%20%5C%22__typename%5C%22%3A%20%5C%22EntitlementsType%5C%22%2C%5Cn%20%20%5C%22checkoutExtensibility%5C%22%3A%20%5C%22LIMITED%5C%22%5Cn%7D%22%2C%22%7B%5Cn%20%20%5C%22__typename%5C%22%3A%20%5C%22EntitlementsType%5C%22%2C%5Cn%20%20%5C%22markets%5C%22%3A%20%7B%5Cn%20%20%20%20%5C%22__typename%5C%22%3A%20%5C%22MarketsType%5C%22%2C%5Cn%20%20%20%20%5C%22themes%5C%22%3A%20%7B%5Cn%20%20%20%20%20%20%5C%22__typename%5C%22%3A%20%5C%22MarketsThemesEntitlement%5C%22%2C%5Cn%20%20%20%20%20%20%5C%22enabled%5C%22%3A%20true%5Cn%20%20%20%20%7D%5Cn%20%20%7D%5Cn%7D%22%5D%7D @ https://cdn.shopify.com/shopifycloud/online-store-web/assets/main/assets/main-6077acece5f5f8ccf5602fe2d27f0731bab55ccb.1.js:5
[  272837ms] [WARNING] A preload for 'https://cdn.shopify.com/s/files/1/0680/6572/2620/t/7/assets/app.css?v=41711045368030204751742336208' is found, but is not used because the request credentials mode does not match. Consider taking a look at crossorigin attribute. @ https://30e7d3.myshopify.com/?oseid=UZF4eKB32pfDdLBw1Ap2ACzC:146
[  277630ms] [ERROR] Failed to load resource: the server responded with a status of 503 () @ https://online-store-web.shopifyapps.com/.well-known/dux:0
[  277657ms] [WARNING] Dux: unable to fetch server-data SyntaxError: Unexpected token '<', "<html>
<h"... is not valid JSON @ https://cdn.shopify.com/shopifycloud/online-store-web/assets/main/assets/main-6077acece5f5f8ccf5602fe2d27f0731bab55ccb.1.js:5
[  277687ms] [WARNING] Dux iframe sync: Error processing message: SecurityError: Failed to read a named property 'constructor' from 'Window': Blocked a frame with origin "https://admin.shopify.com" from accessing a cross-origin frame.
    at https://cdn.shopify.com/shopifycloud/web/assets/v1/vite/client/en/common-c822441b1946.js:89:48008 @ https://cdn.shopify.com/shopifycloud/web/assets/v1/vite/client/en/assets/main-0ba72b8ca9bd.js:1
[  277763ms] [ERROR] Failed to load resource: the server responded with a status of 503 () @ https://online-store-web.shopifyapps.com/.well-known/dux:0
[  278434ms] [ERROR] Failed to load resource: the server responded with a status of 500 () @ https://va.tawk.to/v1/session/start:0
[  272837ms] [WARNING] A preload for 'https://cdn.shopify.com/s/files/1/0680/6572/2620/t/7/assets/app.css?v=41711045368030204751742336208' is found, but is not used because the request credentials mode does not match. Consider taking a look at crossorigin attribute. @ https://30e7d3.myshopify.com/?oseid=UZF4eKB32pfDdLBw1Ap2ACzC:146
[  278434ms] [ERROR] Failed to load resource: the server responded with a status of 500 () @ https://va.tawk.to/v1/session/start:0
[  278438ms] [ERROR] Failed to load resource: net::ERR_CERT_AUTHORITY_INVALID @ https://sc.shopcarbon.com/4piuohbne.js?5cu2of=DApfLzs4RCctODI5OSYqVhNTUEZeUw0eWB0KBx8WCAIHAQxGDBoE:0
[  278834ms] [ERROR] Failed to load resource: the server responded with a status of 503 () @ https://online-store-web.shopifyapps.com/.well-known/dux:0
[  278992ms] [WARNING] A preload for 'https://cdn.shopify.com/s/files/1/0680/6572/2620/t/7/assets/app.css?v=41711045368030204751742336208' is found, but is not used because the request credentials mode does not match. Consider taking a look at crossorigin attribute. @ https://30e7d3.myshopify.com/?oseid=UZF4eKB32pfDdLBw1Ap2ACzC&source=visualPreviewInitialLoad:149
[  272837ms] [WARNING] A preload for 'https://cdn.shopify.com/s/files/1/0680/6572/2620/t/7/assets/app.css?v=41711045368030204751742336208' is found, but is not used because the request credentials mode does not match. Consider taking a look at crossorigin attribute. @ https://30e7d3.myshopify.com/?oseid=UZF4eKB32pfDdLBw1Ap2ACzC:146
[  278434ms] [ERROR] Failed to load resource: the server responded with a status of 500 () @ https://va.tawk.to/v1/session/start:0
[  278438ms] [ERROR] Failed to load resource: net::ERR_CERT_AUTHORITY_INVALID @ https://sc.shopcarbon.com/4piuohbne.js?5cu2of=DApfLzs4RCctODI5OSYqVhNTUEZeUw0eWB0KBx8WCAIHAQxGDBoE:0
[  278992ms] [WARNING] A preload for 'https://cdn.shopify.com/s/files/1/0680/6572/2620/t/7/assets/app.css?v=41711045368030204751742336208' is found, but is not used because the request credentials mode does not match. Consider taking a look at crossorigin attribute. @ https://30e7d3.myshopify.com/?oseid=UZF4eKB32pfDdLBw1Ap2ACzC&source=visualPreviewInitialLoad:149
[  279975ms] Uncaught TypeError: Cannot read properties of null (reading 'addEventListener')
    at connectedCallback (https://cdn.shopify.com/s/files/1/0680/6572/2620/t/7/assets/app.js?v=102655523405455894281736174133:0:13966)
    at <anonymous> (https://cdn.shopify.com/s/files/1/0680/6572/2620/t/7/assets/app.js?v=102655523405455894281736174133:0:17462)
[  279985ms] [WARNING] The resource https://cdn.shopify.com/s/files/1/0680/6572/2620/t/7/assets/app.css?v=41711045368030204751742336208 was preloaded using link preload but not used within a few seconds from the window's load event. Please make sure it has an appropriate `as` value and it is preloaded intentionally. @ https://30e7d3.myshopify.com/?oseid=UZF4eKB32pfDdLBw1Ap2ACzC:0
[  280033ms] [WARNING] A preload for 'https://cdn.shopify.com/s/files/1/0680/6572/2620/t/7/assets/app.css?v=41711045368030204751742336208' is found, but is not used because the request credentials mode does not match. Consider taking a look at crossorigin attribute. @ https://30e7d3.myshopify.com/?oseid=UZF4eKB32pfDdLBw1Ap2ACzC&source=visualPreviewInitialLoad:149
[  280157ms] [ERROR] Failed to load resource: the server responded with a status of 503 () @ https://online-store-web.shopifyapps.com/.well-known/dux:0
[  280176ms] [ERROR] Failed to load resource: the server responded with a status of 503 () @ https://online-store-web.shopifyapps.com/.well-known/dux:0
[  280527ms] Uncaught TypeError: Cannot read properties of null (reading 'addEventListener')
    at connectedCallback (https://cdn.shopify.com/s/files/1/0680/6572/2620/t/7/assets/app.js?v=102655523405455894281736174133:0:13966)
    at <anonymous> (https://cdn.shopify.com/s/files/1/0680/6572/2620/t/7/assets/app.js?v=102655523405455894281736174133:0:17462)
[  281795ms] [ERROR] Failed to load resource: the server responded with a status of 500 () @ https://va.tawk.to/v1/session/start:0
[  282155ms] [ERROR] Access to fetch at 'https://shopcarbon.com/cart.js' from origin 'https://30e7d3.myshopify.com' has been blocked by CORS policy: No 'Access-Control-Allow-Origin' header is present on the requested resource. @ https://30e7d3.myshopify.com/?oseid=UZF4eKB32pfDdLBw1Ap2ACzC&source=visualPreviewInitialLoad:0
[  282157ms] [ERROR] Failed to load resource: net::ERR_FAILED @ https://shopcarbon.com/cart.js:0
[  282218ms] [ERROR] Failed to load resource: the server responded with a status of 500 () @ https://va.tawk.to/v1/session/start:0
[  282402ms] [ERROR] Access to fetch at 'https://shopcarbon.com/cart.js' from origin 'https://30e7d3.myshopify.com' has been blocked by CORS policy: No 'Access-Control-Allow-Origin' header is present on the requested resource. @ https://30e7d3.myshopify.com/?oseid=UZF4eKB32pfDdLBw1Ap2ACzC&source=visualPreviewInitialLoad:0
[  282403ms] [ERROR] Failed to load resource: net::ERR_FAILED @ https://shopcarbon.com/cart.js:0
[  282727ms] [ERROR] Failed to load resource: net::ERR_CERT_AUTHORITY_INVALID @ https://sc.shopcarbon.com/4piuohbne.js?5cu2of=DApfLzs4RCctODI5OSYqVhNTUEZeUw0eWB0KBx8WCAIHAQxGDBoE:0
[  283212ms] [ERROR] Failed to load resource: net::ERR_CERT_AUTHORITY_INVALID @ https://sc.shopcarbon.com/4piuohbne.js?5cu2of=DApfLzs4RCctODI5OSYqVhNTUEZeUw0eWB0KBx8WCAIHAQxGDBoE:0
[  291174ms] [WARNING] The resource https://cdn.shopify.com/s/files/1/0680/6572/2620/t/7/assets/app.css?v=41711045368030204751742336208 was preloaded using link preload but not used within a few seconds from the window's load event. Please make sure it has an appropriate `as` value and it is preloaded intentionally. @ https://30e7d3.myshopify.com/?oseid=UZF4eKB32pfDdLBw1Ap2ACzC&source=visualPreviewInitialLoad:0
[  293686ms] [WARNING] The resource https://cdn.shopify.com/s/files/1/0680/6572/2620/t/7/assets/app.css?v=41711045368030204751742336208 was preloaded using link preload but not used within a few seconds from the window's load event. Please make sure it has an appropriate `as` value and it is preloaded intentionally. @ https://30e7d3.myshopify.com/?oseid=UZF4eKB32pfDdLBw1Ap2ACzC&source=visualPreviewInitialLoad:0
[  294071ms] [WARNING] The resource https://cdn.shopify.com/s/files/1/0680/6572/2620/t/7/assets/app.css?v=41711045368030204751742336208 was preloaded using link preload but not used within a few seconds from the window's load event. Please make sure it has an appropriate `as` value and it is preloaded intentionally. @ https://30e7d3.myshopify.com/?oseid=UZF4eKB32pfDdLBw1Ap2ACzC:0
[  294504ms] [WARNING] The resource https://cdn.shopify.com/s/files/1/0680/6572/2620/t/7/assets/app.css?v=41711045368030204751742336208 was preloaded using link preload but not used within a few seconds from the window's load event. Please make sure it has an appropriate `as` value and it is preloaded intentionally. @ https://30e7d3.myshopify.com/?oseid=UZF4eKB32pfDdLBw1Ap2ACzC&source=visualPreviewInitialLoad:0
[  272837ms] [WARNING] A preload for 'https://cdn.shopify.com/s/files/1/0680/6572/2620/t/7/assets/app.css?v=41711045368030204751742336208' is found, but is not used because the request credentials mode does not match. Consider taking a look at crossorigin attribute. @ https://30e7d3.myshopify.com/?oseid=UZF4eKB32pfDdLBw1Ap2ACzC:146
[  278434ms] [ERROR] Failed to load resource: the server responded with a status of 500 () @ https://va.tawk.to/v1/session/start:0
[  278438ms] [ERROR] Failed to load resource: net::ERR_CERT_AUTHORITY_INVALID @ https://sc.shopcarbon.com/4piuohbne.js?5cu2of=DApfLzs4RCctODI5OSYqVhNTUEZeUw0eWB0KBx8WCAIHAQxGDBoE:0
[  278992ms] [WARNING] A preload for 'https://cdn.shopify.com/s/files/1/0680/6572/2620/t/7/assets/app.css?v=41711045368030204751742336208' is found, but is not used because the request credentials mode does not match. Consider taking a look at crossorigin attribute. @ https://30e7d3.myshopify.com/?oseid=UZF4eKB32pfDdLBw1Ap2ACzC&source=visualPreviewInitialLoad:149
[  279985ms] [WARNING] The resource https://cdn.shopify.com/s/files/1/0680/6572/2620/t/7/assets/app.css?v=41711045368030204751742336208 was preloaded using link preload but not used within a few seconds from the window's load event. Please make sure it has an appropriate `as` value and it is preloaded intentionally. @ https://30e7d3.myshopify.com/?oseid=UZF4eKB32pfDdLBw1Ap2ACzC:0
[  280033ms] [WARNING] A preload for 'https://cdn.shopify.com/s/files/1/0680/6572/2620/t/7/assets/app.css?v=41711045368030204751742336208' is found, but is not used because the request credentials mode does not match. Consider taking a look at crossorigin attribute. @ https://30e7d3.myshopify.com/?oseid=UZF4eKB32pfDdLBw1Ap2ACzC&source=visualPreviewInitialLoad:149
[  281795ms] [ERROR] Failed to load resource: the server responded with a status of 500 () @ https://va.tawk.to/v1/session/start:0
[  282155ms] [ERROR] Access to fetch at 'https://shopcarbon.com/cart.js' from origin 'https://30e7d3.myshopify.com' has been blocked by CORS policy: No 'Access-Control-Allow-Origin' header is present on the requested resource. @ https://30e7d3.myshopify.com/?oseid=UZF4eKB32pfDdLBw1Ap2ACzC&source=visualPreviewInitialLoad:0
[  282157ms] [ERROR] Failed to load resource: net::ERR_FAILED @ https://shopcarbon.com/cart.js:0
[  282218ms] [ERROR] Failed to load resource: the server responded with a status of 500 () @ https://va.tawk.to/v1/session/start:0
[  282402ms] [ERROR] Access to fetch at 'https://shopcarbon.com/cart.js' from origin 'https://30e7d3.myshopify.com' has been blocked by CORS policy: No 'Access-Control-Allow-Origin' header is present on the requested resource. @ https://30e7d3.myshopify.com/?oseid=UZF4eKB32pfDdLBw1Ap2ACzC&source=visualPreviewInitialLoad:0
[  282403ms] [ERROR] Failed to load resource: net::ERR_FAILED @ https://shopcarbon.com/cart.js:0
[  282727ms] [ERROR] Failed to load resource: net::ERR_CERT_AUTHORITY_INVALID @ https://sc.shopcarbon.com/4piuohbne.js?5cu2of=DApfLzs4RCctODI5OSYqVhNTUEZeUw0eWB0KBx8WCAIHAQxGDBoE:0
[  283212ms] [ERROR] Failed to load resource: net::ERR_CERT_AUTHORITY_INVALID @ https://sc.shopcarbon.com/4piuohbne.js?5cu2of=DApfLzs4RCctODI5OSYqVhNTUEZeUw0eWB0KBx8WCAIHAQxGDBoE:0
[  291174ms] [WARNING] The resource https://cdn.shopify.com/s/files/1/0680/6572/2620/t/7/assets/app.css?v=41711045368030204751742336208 was preloaded using link preload but not used within a few seconds from the window's load event. Please make sure it has an appropriate `as` value and it is preloaded intentionally. @ https://30e7d3.myshopify.com/?oseid=UZF4eKB32pfDdLBw1Ap2ACzC&source=visualPreviewInitialLoad:0
[  293686ms] [WARNING] The resource https://cdn.shopify.com/s/files/1/0680/6572/2620/t/7/assets/app.css?v=41711045368030204751742336208 was preloaded using link preload but not used within a few seconds from the window's load event. Please make sure it has an appropriate `as` value and it is preloaded intentionally. @ https://30e7d3.myshopify.com/?oseid=UZF4eKB32pfDdLBw1Ap2ACzC&source=visualPreviewInitialLoad:0
[  294071ms] [WARNING] The resource https://cdn.shopify.com/s/files/1/0680/6572/2620/t/7/assets/app.css?v=41711045368030204751742336208 was preloaded using link preload but not used within a few seconds from the window's load event. Please make sure it has an appropriate `as` value and it is preloaded intentionally. @ https://30e7d3.myshopify.com/?oseid=UZF4eKB32pfDdLBw1Ap2ACzC:0
[  294504ms] [WARNING] The resource https://cdn.shopify.com/s/files/1/0680/6572/2620/t/7/assets/app.css?v=41711045368030204751742336208 was preloaded using link preload but not used within a few seconds from the window's load event. Please make sure it has an appropriate `as` value and it is preloaded intentionally. @ https://30e7d3.myshopify.com/?oseid=UZF4eKB32pfDdLBw1Ap2ACzC&source=visualPreviewInitialLoad:0
[  306357ms] [WARNING] A preload for 'https://cdn.shopify.com/s/files/1/0680/6572/2620/t/7/assets/app.css?v=41711045368030204751742336208' is found, but is not used because the request credentials mode does not match. Consider taking a look at crossorigin attribute. @ https://30e7d3.myshopify.com/?oseid=UZF4eKB32pfDdLBw1Ap2ACzC:146
[  307191ms] [ERROR] Failed to load resource: the server responded with a status of 504 () @ https://online-store-web.shopifyapps.com/.well-known/dux:0
[  309213ms] [WARNING] Widget initialization error: no account/code provided. Default code will be used @ https://cdn.userway.org/widgetapp/2026-03-17-15-07-37/widget_app_base_1773760057621.js:4
[  272837ms] [WARNING] A preload for 'https://cdn.shopify.com/s/files/1/0680/6572/2620/t/7/assets/app.css?v=41711045368030204751742336208' is found, but is not used because the request credentials mode does not match. Consider taking a look at crossorigin attribute. @ https://30e7d3.myshopify.com/?oseid=UZF4eKB32pfDdLBw1Ap2ACzC:146
[  278434ms] [ERROR] Failed to load resource: the server responded with a status of 500 () @ https://va.tawk.to/v1/session/start:0
[  278438ms] [ERROR] Failed to load resource: net::ERR_CERT_AUTHORITY_INVALID @ https://sc.shopcarbon.com/4piuohbne.js?5cu2of=DApfLzs4RCctODI5OSYqVhNTUEZeUw0eWB0KBx8WCAIHAQxGDBoE:0
[  278992ms] [WARNING] A preload for 'https://cdn.shopify.com/s/files/1/0680/6572/2620/t/7/assets/app.css?v=41711045368030204751742336208' is found, but is not used because the request credentials mode does not match. Consider taking a look at crossorigin attribute. @ https://30e7d3.myshopify.com/?oseid=UZF4eKB32pfDdLBw1Ap2ACzC&source=visualPreviewInitialLoad:149
[  279985ms] [WARNING] The resource https://cdn.shopify.com/s/files/1/0680/6572/2620/t/7/assets/app.css?v=41711045368030204751742336208 was preloaded using link preload but not used within a few seconds from the window's load event. Please make sure it has an appropriate `as` value and it is preloaded intentionally. @ https://30e7d3.myshopify.com/?oseid=UZF4eKB32pfDdLBw1Ap2ACzC:0
[  280033ms] [WARNING] A preload for 'https://cdn.shopify.com/s/files/1/0680/6572/2620/t/7/assets/app.css?v=41711045368030204751742336208' is found, but is not used because the request credentials mode does not match. Consider taking a look at crossorigin attribute. @ https://30e7d3.myshopify.com/?oseid=UZF4eKB32pfDdLBw1Ap2ACzC&source=visualPreviewInitialLoad:149
[  281795ms] [ERROR] Failed to load resource: the server responded with a status of 500 () @ https://va.tawk.to/v1/session/start:0
[  282155ms] [ERROR] Access to fetch at 'https://shopcarbon.com/cart.js' from origin 'https://30e7d3.myshopify.com' has been blocked by CORS policy: No 'Access-Control-Allow-Origin' header is present on the requested resource. @ https://30e7d3.myshopify.com/?oseid=UZF4eKB32pfDdLBw1Ap2ACzC&source=visualPreviewInitialLoad:0
[  282157ms] [ERROR] Failed to load resource: net::ERR_FAILED @ https://shopcarbon.com/cart.js:0
[  282218ms] [ERROR] Failed to load resource: the server responded with a status of 500 () @ https://va.tawk.to/v1/session/start:0
[  282402ms] [ERROR] Access to fetch at 'https://shopcarbon.com/cart.js' from origin 'https://30e7d3.myshopify.com' has been blocked by CORS policy: No 'Access-Control-Allow-Origin' header is present on the requested resource. @ https://30e7d3.myshopify.com/?oseid=UZF4eKB32pfDdLBw1Ap2ACzC&source=visualPreviewInitialLoad:0
[  282403ms] [ERROR] Failed to load resource: net::ERR_FAILED @ https://shopcarbon.com/cart.js:0
[  282727ms] [ERROR] Failed to load resource: net::ERR_CERT_AUTHORITY_INVALID @ https://sc.shopcarbon.com/4piuohbne.js?5cu2of=DApfLzs4RCctODI5OSYqVhNTUEZeUw0eWB0KBx8WCAIHAQxGDBoE:0
[  283212ms] [ERROR] Failed to load resource: net::ERR_CERT_AUTHORITY_INVALID @ https://sc.shopcarbon.com/4piuohbne.js?5cu2of=DApfLzs4RCctODI5OSYqVhNTUEZeUw0eWB0KBx8WCAIHAQxGDBoE:0
[  291174ms] [WARNING] The resource https://cdn.shopify.com/s/files/1/0680/6572/2620/t/7/assets/app.css?v=41711045368030204751742336208 was preloaded using link preload but not used within a few seconds from the window's load event. Please make sure it has an appropriate `as` value and it is preloaded intentionally. @ https://30e7d3.myshopify.com/?oseid=UZF4eKB32pfDdLBw1Ap2ACzC&source=visualPreviewInitialLoad:0
[  293686ms] [WARNING] The resource https://cdn.shopify.com/s/files/1/0680/6572/2620/t/7/assets/app.css?v=41711045368030204751742336208 was preloaded using link preload but not used within a few seconds from the window's load event. Please make sure it has an appropriate `as` value and it is preloaded intentionally. @ https://30e7d3.myshopify.com/?oseid=UZF4eKB32pfDdLBw1Ap2ACzC&source=visualPreviewInitialLoad:0
[  294071ms] [WARNING] The resource https://cdn.shopify.com/s/files/1/0680/6572/2620/t/7/assets/app.css?v=41711045368030204751742336208 was preloaded using link preload but not used within a few seconds from the window's load event. Please make sure it has an appropriate `as` value and it is preloaded intentionally. @ https://30e7d3.myshopify.com/?oseid=UZF4eKB32pfDdLBw1Ap2ACzC:0
[  294504ms] [WARNING] The resource https://cdn.shopify.com/s/files/1/0680/6572/2620/t/7/assets/app.css?v=41711045368030204751742336208 was preloaded using link preload but not used within a few seconds from the window's load event. Please make sure it has an appropriate `as` value and it is preloaded intentionally. @ https://30e7d3.myshopify.com/?oseid=UZF4eKB32pfDdLBw1Ap2ACzC&source=visualPreviewInitialLoad:0
[  306357ms] [WARNING] A preload for 'https://cdn.shopify.com/s/files/1/0680/6572/2620/t/7/assets/app.css?v=41711045368030204751742336208' is found, but is not used because the request credentials mode does not match. Consider taking a look at crossorigin attribute. @ https://30e7d3.myshopify.com/?oseid=UZF4eKB32pfDdLBw1Ap2ACzC:146
[  309812ms] [WARNING] A preload for 'https://cdn.shopify.com/s/files/1/0680/6572/2620/t/7/assets/app.css?v=41711045368030204751742336208' is found, but is not used because the request credentials mode does not match. Consider taking a look at crossorigin attribute. @ https://30e7d3.myshopify.com/?oseid=UZF4eKB32pfDdLBw1Ap2ACzC&source=visualPreviewInitialLoad:149
[  272837ms] [WARNING] A preload for 'https://cdn.shopify.com/s/files/1/0680/6572/2620/t/7/assets/app.css?v=41711045368030204751742336208' is found, but is not used because the request credentials mode does not match. Consider taking a look at crossorigin attribute. @ https://30e7d3.myshopify.com/?oseid=UZF4eKB32pfDdLBw1Ap2ACzC:146
[  278434ms] [ERROR] Failed to load resource: the server responded with a status of 500 () @ https://va.tawk.to/v1/session/start:0
[  278438ms] [ERROR] Failed to load resource: net::ERR_CERT_AUTHORITY_INVALID @ https://sc.shopcarbon.com/4piuohbne.js?5cu2of=DApfLzs4RCctODI5OSYqVhNTUEZeUw0eWB0KBx8WCAIHAQxGDBoE:0
[  278992ms] [WARNING] A preload for 'https://cdn.shopify.com/s/files/1/0680/6572/2620/t/7/assets/app.css?v=41711045368030204751742336208' is found, but is not used because the request credentials mode does not match. Consider taking a look at crossorigin attribute. @ https://30e7d3.myshopify.com/?oseid=UZF4eKB32pfDdLBw1Ap2ACzC&source=visualPreviewInitialLoad:149
[  279985ms] [WARNING] The resource https://cdn.shopify.com/s/files/1/0680/6572/2620/t/7/assets/app.css?v=41711045368030204751742336208 was preloaded using link preload but not used within a few seconds from the window's load event. Please make sure it has an appropriate `as` value and it is preloaded intentionally. @ https://30e7d3.myshopify.com/?oseid=UZF4eKB32pfDdLBw1Ap2ACzC:0
[  280033ms] [WARNING] A preload for 'https://cdn.shopify.com/s/files/1/0680/6572/2620/t/7/assets/app.css?v=41711045368030204751742336208' is found, but is not used because the request credentials mode does not match. Consider taking a look at crossorigin attribute. @ https://30e7d3.myshopify.com/?oseid=UZF4eKB32pfDdLBw1Ap2ACzC&source=visualPreviewInitialLoad:149
[  281795ms] [ERROR] Failed to load resource: the server responded with a status of 500 () @ https://va.tawk.to/v1/session/start:0
[  282155ms] [ERROR] Access to fetch at 'https://shopcarbon.com/cart.js' from origin 'https://30e7d3.myshopify.com' has been blocked by CORS policy: No 'Access-Control-Allow-Origin' header is present on the requested resource. @ https://30e7d3.myshopify.com/?oseid=UZF4eKB32pfDdLBw1Ap2ACzC&source=visualPreviewInitialLoad:0
[  282157ms] [ERROR] Failed to load resource: net::ERR_FAILED @ https://shopcarbon.com/cart.js:0
[  282218ms] [ERROR] Failed to load resource: the server responded with a status of 500 () @ https://va.tawk.to/v1/session/start:0
[  282402ms] [ERROR] Access to fetch at 'https://shopcarbon.com/cart.js' from origin 'https://30e7d3.myshopify.com' has been blocked by CORS policy: No 'Access-Control-Allow-Origin' header is present on the requested resource. @ https://30e7d3.myshopify.com/?oseid=UZF4eKB32pfDdLBw1Ap2ACzC&source=visualPreviewInitialLoad:0
[  282403ms] [ERROR] Failed to load resource: net::ERR_FAILED @ https://shopcarbon.com/cart.js:0
[  282727ms] [ERROR] Failed to load resource: net::ERR_CERT_AUTHORITY_INVALID @ https://sc.shopcarbon.com/4piuohbne.js?5cu2of=DApfLzs4RCctODI5OSYqVhNTUEZeUw0eWB0KBx8WCAIHAQxGDBoE:0
[  283212ms] [ERROR] Failed to load resource: net::ERR_CERT_AUTHORITY_INVALID @ https://sc.shopcarbon.com/4piuohbne.js?5cu2of=DApfLzs4RCctODI5OSYqVhNTUEZeUw0eWB0KBx8WCAIHAQxGDBoE:0
[  291174ms] [WARNING] The resource https://cdn.shopify.com/s/files/1/0680/6572/2620/t/7/assets/app.css?v=41711045368030204751742336208 was preloaded using link preload but not used within a few seconds from the window's load event. Please make sure it has an appropriate `as` value and it is preloaded intentionally. @ https://30e7d3.myshopify.com/?oseid=UZF4eKB32pfDdLBw1Ap2ACzC&source=visualPreviewInitialLoad:0
[  293686ms] [WARNING] The resource https://cdn.shopify.com/s/files/1/0680/6572/2620/t/7/assets/app.css?v=41711045368030204751742336208 was preloaded using link preload but not used within a few seconds from the window's load event. Please make sure it has an appropriate `as` value and it is preloaded intentionally. @ https://30e7d3.myshopify.com/?oseid=UZF4eKB32pfDdLBw1Ap2ACzC&source=visualPreviewInitialLoad:0
[  294071ms] [WARNING] The resource https://cdn.shopify.com/s/files/1/0680/6572/2620/t/7/assets/app.css?v=41711045368030204751742336208 was preloaded using link preload but not used within a few seconds from the window's load event. Please make sure it has an appropriate `as` value and it is preloaded intentionally. @ https://30e7d3.myshopify.com/?oseid=UZF4eKB32pfDdLBw1Ap2ACzC:0
[  294504ms] [WARNING] The resource https://cdn.shopify.com/s/files/1/0680/6572/2620/t/7/assets/app.css?v=41711045368030204751742336208 was preloaded using link preload but not used within a few seconds from the window's load event. Please make sure it has an appropriate `as` value and it is preloaded intentionally. @ https://30e7d3.myshopify.com/?oseid=UZF4eKB32pfDdLBw1Ap2ACzC&source=visualPreviewInitialLoad:0
[  306357ms] [WARNING] A preload for 'https://cdn.shopify.com/s/files/1/0680/6572/2620/t/7/assets/app.css?v=41711045368030204751742336208' is found, but is not used because the request credentials mode does not match. Consider taking a look at crossorigin attribute. @ https://30e7d3.myshopify.com/?oseid=UZF4eKB32pfDdLBw1Ap2ACzC:146
[  309812ms] [WARNING] A preload for 'https://cdn.shopify.com/s/files/1/0680/6572/2620/t/7/assets/app.css?v=41711045368030204751742336208' is found, but is not used because the request credentials mode does not match. Consider taking a look at crossorigin attribute. @ https://30e7d3.myshopify.com/?oseid=UZF4eKB32pfDdLBw1Ap2ACzC&source=visualPreviewInitialLoad:149
[  310927ms] [WARNING] A preload for 'https://cdn.shopify.com/s/files/1/0680/6572/2620/t/7/assets/app.css?v=41711045368030204751742336208' is found, but is not used because the request credentials mode does not match. Consider taking a look at crossorigin attribute. @ https://30e7d3.myshopify.com/?oseid=UZF4eKB32pfDdLBw1Ap2ACzC&source=visualPreviewInitialLoad:149
[  311031ms] Uncaught TypeError: Cannot read properties of null (reading 'addEventListener')
    at connectedCallback (https://cdn.shopify.com/s/files/1/0680/6572/2620/t/7/assets/app.js?v=102655523405455894281736174133:0:13966)
    at <anonymous> (https://cdn.shopify.com/s/files/1/0680/6572/2620/t/7/assets/app.js?v=102655523405455894281736174133:0:17462)
[  311578ms] [ERROR] Failed to load resource: net::ERR_CERT_AUTHORITY_INVALID @ https://sc.shopcarbon.com/4piuohbne.js?5cu2of=DApfLzs4RCctODI5OSYqVhNTUEZeUw0eWB0KBx8WCAIHAQxGDBoE:0
[  311879ms] Uncaught TypeError: Cannot read properties of null (reading 'addEventListener')
    at connectedCallback (https://cdn.shopify.com/s/files/1/0680/6572/2620/t/7/assets/app.js?v=102655523405455894281736174133:0:13966)
    at <anonymous> (https://cdn.shopify.com/s/files/1/0680/6572/2620/t/7/assets/app.js?v=102655523405455894281736174133:0:17462)
[  311885ms] [ERROR] Failed to load resource: the server responded with a status of 500 () @ https://va.tawk.to/v1/session/start:0
[  311912ms] [WARNING] Widget initialization error: no account/code provided. Default code will be used @ https://cdn.userway.org/widgetapp/2026-03-17-15-07-37/widget_app_base_1773760057621.js:4
[  312294ms] [ERROR] Failed to load resource: the server responded with a status of 503 () @ https://online-store-web.shopifyapps.com/.well-known/dux:0
[  312394ms] [WARNING] Widget initialization error: no account/code provided. Default code will be used @ https://cdn.userway.org/widgetapp/2026-03-17-15-07-37/widget_app_base_1773760057621.js:4
[  313213ms] [ERROR] Error: TypeError: Failed to fetch
    at https://cdn.shopify.com/shopifycloud/online-store-web/assets/main/visual-preview-modules-6077acece5f5f8ccf5602fe2d27f0731bab55ccb.1.js:7:15894
    at https://30e7d3.myshopify.com/?oseid=UZF4eKB32pfDdLBw1Ap2ACzC&source=visualPreviewInitialLoad:808:3 @ https://30e7d3.myshopify.com/?oseid=UZF4eKB32pfDdLBw1Ap2ACzC&source=visualPreviewInitialLoad:813
[  313345ms] [ERROR] Error: TypeError: Failed to fetch
    at https://cdn.shopify.com/shopifycloud/online-store-web/assets/main/visual-preview-modules-6077acece5f5f8ccf5602fe2d27f0731bab55ccb.1.js:7:15894
    at https://30e7d3.myshopify.com/?oseid=UZF4eKB32pfDdLBw1Ap2ACzC&source=visualPreviewInitialLoad:808:3 @ https://30e7d3.myshopify.com/?oseid=UZF4eKB32pfDdLBw1Ap2ACzC&source=visualPreviewInitialLoad:813
[  272837ms] [WARNING] A preload for 'https://cdn.shopify.com/s/files/1/0680/6572/2620/t/7/assets/app.css?v=41711045368030204751742336208' is found, but is not used because the request credentials mode does not match. Consider taking a look at crossorigin attribute. @ https://30e7d3.myshopify.com/?oseid=UZF4eKB32pfDdLBw1Ap2ACzC:146
[  278434ms] [ERROR] Failed to load resource: the server responded with a status of 500 () @ https://va.tawk.to/v1/session/start:0
[  278438ms] [ERROR] Failed to load resource: net::ERR_CERT_AUTHORITY_INVALID @ https://sc.shopcarbon.com/4piuohbne.js?5cu2of=DApfLzs4RCctODI5OSYqVhNTUEZeUw0eWB0KBx8WCAIHAQxGDBoE:0
[  278992ms] [WARNING] A preload for 'https://cdn.shopify.com/s/files/1/0680/6572/2620/t/7/assets/app.css?v=41711045368030204751742336208' is found, but is not used because the request credentials mode does not match. Consider taking a look at crossorigin attribute. @ https://30e7d3.myshopify.com/?oseid=UZF4eKB32pfDdLBw1Ap2ACzC&source=visualPreviewInitialLoad:149
[  279985ms] [WARNING] The resource https://cdn.shopify.com/s/files/1/0680/6572/2620/t/7/assets/app.css?v=41711045368030204751742336208 was preloaded using link preload but not used within a few seconds from the window's load event. Please make sure it has an appropriate `as` value and it is preloaded intentionally. @ https://30e7d3.myshopify.com/?oseid=UZF4eKB32pfDdLBw1Ap2ACzC:0
[  280033ms] [WARNING] A preload for 'https://cdn.shopify.com/s/files/1/0680/6572/2620/t/7/assets/app.css?v=41711045368030204751742336208' is found, but is not used because the request credentials mode does not match. Consider taking a look at crossorigin attribute. @ https://30e7d3.myshopify.com/?oseid=UZF4eKB32pfDdLBw1Ap2ACzC&source=visualPreviewInitialLoad:149
[  281795ms] [ERROR] Failed to load resource: the server responded with a status of 500 () @ https://va.tawk.to/v1/session/start:0
[  282155ms] [ERROR] Access to fetch at 'https://shopcarbon.com/cart.js' from origin 'https://30e7d3.myshopify.com' has been blocked by CORS policy: No 'Access-Control-Allow-Origin' header is present on the requested resource. @ https://30e7d3.myshopify.com/?oseid=UZF4eKB32pfDdLBw1Ap2ACzC&source=visualPreviewInitialLoad:0
[  282157ms] [ERROR] Failed to load resource: net::ERR_FAILED @ https://shopcarbon.com/cart.js:0
[  282218ms] [ERROR] Failed to load resource: the server responded with a status of 500 () @ https://va.tawk.to/v1/session/start:0
[  282402ms] [ERROR] Access to fetch at 'https://shopcarbon.com/cart.js' from origin 'https://30e7d3.myshopify.com' has been blocked by CORS policy: No 'Access-Control-Allow-Origin' header is present on the requested resource. @ https://30e7d3.myshopify.com/?oseid=UZF4eKB32pfDdLBw1Ap2ACzC&source=visualPreviewInitialLoad:0
[  282403ms] [ERROR] Failed to load resource: net::ERR_FAILED @ https://shopcarbon.com/cart.js:0
[  282727ms] [ERROR] Failed to load resource: net::ERR_CERT_AUTHORITY_INVALID @ https://sc.shopcarbon.com/4piuohbne.js?5cu2of=DApfLzs4RCctODI5OSYqVhNTUEZeUw0eWB0KBx8WCAIHAQxGDBoE:0
[  283212ms] [ERROR] Failed to load resource: net::ERR_CERT_AUTHORITY_INVALID @ https://sc.shopcarbon.com/4piuohbne.js?5cu2of=DApfLzs4RCctODI5OSYqVhNTUEZeUw0eWB0KBx8WCAIHAQxGDBoE:0
[  291174ms] [WARNING] The resource https://cdn.shopify.com/s/files/1/0680/6572/2620/t/7/assets/app.css?v=41711045368030204751742336208 was preloaded using link preload but not used within a few seconds from the window's load event. Please make sure it has an appropriate `as` value and it is preloaded intentionally. @ https://30e7d3.myshopify.com/?oseid=UZF4eKB32pfDdLBw1Ap2ACzC&source=visualPreviewInitialLoad:0
[  293686ms] [WARNING] The resource https://cdn.shopify.com/s/files/1/0680/6572/2620/t/7/assets/app.css?v=41711045368030204751742336208 was preloaded using link preload but not used within a few seconds from the window's load event. Please make sure it has an appropriate `as` value and it is preloaded intentionally. @ https://30e7d3.myshopify.com/?oseid=UZF4eKB32pfDdLBw1Ap2ACzC&source=visualPreviewInitialLoad:0
[  294071ms] [WARNING] The resource https://cdn.shopify.com/s/files/1/0680/6572/2620/t/7/assets/app.css?v=41711045368030204751742336208 was preloaded using link preload but not used within a few seconds from the window's load event. Please make sure it has an appropriate `as` value and it is preloaded intentionally. @ https://30e7d3.myshopify.com/?oseid=UZF4eKB32pfDdLBw1Ap2ACzC:0
[  294504ms] [WARNING] The resource https://cdn.shopify.com/s/files/1/0680/6572/2620/t/7/assets/app.css?v=41711045368030204751742336208 was preloaded using link preload but not used within a few seconds from the window's load event. Please make sure it has an appropriate `as` value and it is preloaded intentionally. @ https://30e7d3.myshopify.com/?oseid=UZF4eKB32pfDdLBw1Ap2ACzC&source=visualPreviewInitialLoad:0
[  306357ms] [WARNING] A preload for 'https://cdn.shopify.com/s/files/1/0680/6572/2620/t/7/assets/app.css?v=41711045368030204751742336208' is found, but is not used because the request credentials mode does not match. Consider taking a look at crossorigin attribute. @ https://30e7d3.myshopify.com/?oseid=UZF4eKB32pfDdLBw1Ap2ACzC:146
[  309812ms] [WARNING] A preload for 'https://cdn.shopify.com/s/files/1/0680/6572/2620/t/7/assets/app.css?v=41711045368030204751742336208' is found, but is not used because the request credentials mode does not match. Consider taking a look at crossorigin attribute. @ https://30e7d3.myshopify.com/?oseid=UZF4eKB32pfDdLBw1Ap2ACzC&source=visualPreviewInitialLoad:149
[  310927ms] [WARNING] A preload for 'https://cdn.shopify.com/s/files/1/0680/6572/2620/t/7/assets/app.css?v=41711045368030204751742336208' is found, but is not used because the request credentials mode does not match. Consider taking a look at crossorigin attribute. @ https://30e7d3.myshopify.com/?oseid=UZF4eKB32pfDdLBw1Ap2ACzC&source=visualPreviewInitialLoad:149
[  311578ms] [ERROR] Failed to load resource: net::ERR_CERT_AUTHORITY_INVALID @ https://sc.shopcarbon.com/4piuohbne.js?5cu2of=DApfLzs4RCctODI5OSYqVhNTUEZeUw0eWB0KBx8WCAIHAQxGDBoE:0
[  311885ms] [ERROR] Failed to load resource: the server responded with a status of 500 () @ https://va.tawk.to/v1/session/start:0
[  314034ms] [WARNING] A preload for 'https://cdn.shopify.com/s/files/1/0680/6572/2620/t/7/assets/app.css?v=41711045368030204751742336208' is found, but is not used because the request credentials mode does not match. Consider taking a look at crossorigin attribute. @ https://30e7d3.myshopify.com/?oseid=UZF4eKB32pfDdLBw1Ap2ACzC:146
[  316828ms] [WARNING] Widget initialization error: no account/code provided. Default code will be used @ https://cdn.userway.org/widgetapp/2026-03-17-15-07-37/widget_app_base_1773760057621.js:4
[  317162ms] [WARNING] The resource https://cdn.shopify.com/s/files/1/0680/6572/2620/t/7/assets/app.css?v=41711045368030204751742336208 was preloaded using link preload but not used within a few seconds from the window's load event. Please make sure it has an appropriate `as` value and it is preloaded intentionally. @ https://30e7d3.myshopify.com/?oseid=UZF4eKB32pfDdLBw1Ap2ACzC:0
[  272837ms] [WARNING] A preload for 'https://cdn.shopify.com/s/files/1/0680/6572/2620/t/7/assets/app.css?v=41711045368030204751742336208' is found, but is not used because the request credentials mode does not match. Consider taking a look at crossorigin attribute. @ https://30e7d3.myshopify.com/?oseid=UZF4eKB32pfDdLBw1Ap2ACzC:146
[  278434ms] [ERROR] Failed to load resource: the server responded with a status of 500 () @ https://va.tawk.to/v1/session/start:0
[  278438ms] [ERROR] Failed to load resource: net::ERR_CERT_AUTHORITY_INVALID @ https://sc.shopcarbon.com/4piuohbne.js?5cu2of=DApfLzs4RCctODI5OSYqVhNTUEZeUw0eWB0KBx8WCAIHAQxGDBoE:0
[  278992ms] [WARNING] A preload for 'https://cdn.shopify.com/s/files/1/0680/6572/2620/t/7/assets/app.css?v=41711045368030204751742336208' is found, but is not used because the request credentials mode does not match. Consider taking a look at crossorigin attribute. @ https://30e7d3.myshopify.com/?oseid=UZF4eKB32pfDdLBw1Ap2ACzC&source=visualPreviewInitialLoad:149
[  279985ms] [WARNING] The resource https://cdn.shopify.com/s/files/1/0680/6572/2620/t/7/assets/app.css?v=41711045368030204751742336208 was preloaded using link preload but not used within a few seconds from the window's load event. Please make sure it has an appropriate `as` value and it is preloaded intentionally. @ https://30e7d3.myshopify.com/?oseid=UZF4eKB32pfDdLBw1Ap2ACzC:0
[  280033ms] [WARNING] A preload for 'https://cdn.shopify.com/s/files/1/0680/6572/2620/t/7/assets/app.css?v=41711045368030204751742336208' is found, but is not used because the request credentials mode does not match. Consider taking a look at crossorigin attribute. @ https://30e7d3.myshopify.com/?oseid=UZF4eKB32pfDdLBw1Ap2ACzC&source=visualPreviewInitialLoad:149
[  281795ms] [ERROR] Failed to load resource: the server responded with a status of 500 () @ https://va.tawk.to/v1/session/start:0
[  282155ms] [ERROR] Access to fetch at 'https://shopcarbon.com/cart.js' from origin 'https://30e7d3.myshopify.com' has been blocked by CORS policy: No 'Access-Control-Allow-Origin' header is present on the requested resource. @ https://30e7d3.myshopify.com/?oseid=UZF4eKB32pfDdLBw1Ap2ACzC&source=visualPreviewInitialLoad:0
[  282157ms] [ERROR] Failed to load resource: net::ERR_FAILED @ https://shopcarbon.com/cart.js:0
[  282218ms] [ERROR] Failed to load resource: the server responded with a status of 500 () @ https://va.tawk.to/v1/session/start:0
[  282402ms] [ERROR] Access to fetch at 'https://shopcarbon.com/cart.js' from origin 'https://30e7d3.myshopify.com' has been blocked by CORS policy: No 'Access-Control-Allow-Origin' header is present on the requested resource. @ https://30e7d3.myshopify.com/?oseid=UZF4eKB32pfDdLBw1Ap2ACzC&source=visualPreviewInitialLoad:0
[  282403ms] [ERROR] Failed to load resource: net::ERR_FAILED @ https://shopcarbon.com/cart.js:0
[  282727ms] [ERROR] Failed to load resource: net::ERR_CERT_AUTHORITY_INVALID @ https://sc.shopcarbon.com/4piuohbne.js?5cu2of=DApfLzs4RCctODI5OSYqVhNTUEZeUw0eWB0KBx8WCAIHAQxGDBoE:0
[  283212ms] [ERROR] Failed to load resource: net::ERR_CERT_AUTHORITY_INVALID @ https://sc.shopcarbon.com/4piuohbne.js?5cu2of=DApfLzs4RCctODI5OSYqVhNTUEZeUw0eWB0KBx8WCAIHAQxGDBoE:0
[  291174ms] [WARNING] The resource https://cdn.shopify.com/s/files/1/0680/6572/2620/t/7/assets/app.css?v=41711045368030204751742336208 was preloaded using link preload but not used within a few seconds from the window's load event. Please make sure it has an appropriate `as` value and it is preloaded intentionally. @ https://30e7d3.myshopify.com/?oseid=UZF4eKB32pfDdLBw1Ap2ACzC&source=visualPreviewInitialLoad:0
[  293686ms] [WARNING] The resource https://cdn.shopify.com/s/files/1/0680/6572/2620/t/7/assets/app.css?v=41711045368030204751742336208 was preloaded using link preload but not used within a few seconds from the window's load event. Please make sure it has an appropriate `as` value and it is preloaded intentionally. @ https://30e7d3.myshopify.com/?oseid=UZF4eKB32pfDdLBw1Ap2ACzC&source=visualPreviewInitialLoad:0
[  294071ms] [WARNING] The resource https://cdn.shopify.com/s/files/1/0680/6572/2620/t/7/assets/app.css?v=41711045368030204751742336208 was preloaded using link preload but not used within a few seconds from the window's load event. Please make sure it has an appropriate `as` value and it is preloaded intentionally. @ https://30e7d3.myshopify.com/?oseid=UZF4eKB32pfDdLBw1Ap2ACzC:0
[  294504ms] [WARNING] The resource https://cdn.shopify.com/s/files/1/0680/6572/2620/t/7/assets/app.css?v=41711045368030204751742336208 was preloaded using link preload but not used within a few seconds from the window's load event. Please make sure it has an appropriate `as` value and it is preloaded intentionally. @ https://30e7d3.myshopify.com/?oseid=UZF4eKB32pfDdLBw1Ap2ACzC&source=visualPreviewInitialLoad:0
[  306357ms] [WARNING] A preload for 'https://cdn.shopify.com/s/files/1/0680/6572/2620/t/7/assets/app.css?v=41711045368030204751742336208' is found, but is not used because the request credentials mode does not match. Consider taking a look at crossorigin attribute. @ https://30e7d3.myshopify.com/?oseid=UZF4eKB32pfDdLBw1Ap2ACzC:146
[  309812ms] [WARNING] A preload for 'https://cdn.shopify.com/s/files/1/0680/6572/2620/t/7/assets/app.css?v=41711045368030204751742336208' is found, but is not used because the request credentials mode does not match. Consider taking a look at crossorigin attribute. @ https://30e7d3.myshopify.com/?oseid=UZF4eKB32pfDdLBw1Ap2ACzC&source=visualPreviewInitialLoad:149
[  310927ms] [WARNING] A preload for 'https://cdn.shopify.com/s/files/1/0680/6572/2620/t/7/assets/app.css?v=41711045368030204751742336208' is found, but is not used because the request credentials mode does not match. Consider taking a look at crossorigin attribute. @ https://30e7d3.myshopify.com/?oseid=UZF4eKB32pfDdLBw1Ap2ACzC&source=visualPreviewInitialLoad:149
[  311578ms] [ERROR] Failed to load resource: net::ERR_CERT_AUTHORITY_INVALID @ https://sc.shopcarbon.com/4piuohbne.js?5cu2of=DApfLzs4RCctODI5OSYqVhNTUEZeUw0eWB0KBx8WCAIHAQxGDBoE:0
[  311885ms] [ERROR] Failed to load resource: the server responded with a status of 500 () @ https://va.tawk.to/v1/session/start:0
[  314034ms] [WARNING] A preload for 'https://cdn.shopify.com/s/files/1/0680/6572/2620/t/7/assets/app.css?v=41711045368030204751742336208' is found, but is not used because the request credentials mode does not match. Consider taking a look at crossorigin attribute. @ https://30e7d3.myshopify.com/?oseid=UZF4eKB32pfDdLBw1Ap2ACzC:146
[  317162ms] [WARNING] The resource https://cdn.shopify.com/s/files/1/0680/6572/2620/t/7/assets/app.css?v=41711045368030204751742336208 was preloaded using link preload but not used within a few seconds from the window's load event. Please make sure it has an appropriate `as` value and it is preloaded intentionally. @ https://30e7d3.myshopify.com/?oseid=UZF4eKB32pfDdLBw1Ap2ACzC:0
[  317756ms] [WARNING] A preload for 'https://cdn.shopify.com/s/files/1/0680/6572/2620/t/7/assets/app.css?v=41711045368030204751742336208' is found, but is not used because the request credentials mode does not match. Consider taking a look at crossorigin attribute. @ https://30e7d3.myshopify.com/?oseid=UZF4eKB32pfDdLBw1Ap2ACzC&source=visualPreviewInitialLoad:149
[  272837ms] [WARNING] A preload for 'https://cdn.shopify.com/s/files/1/0680/6572/2620/t/7/assets/app.css?v=41711045368030204751742336208' is found, but is not used because the request credentials mode does not match. Consider taking a look at crossorigin attribute. @ https://30e7d3.myshopify.com/?oseid=UZF4eKB32pfDdLBw1Ap2ACzC:146
[  278434ms] [ERROR] Failed to load resource: the server responded with a status of 500 () @ https://va.tawk.to/v1/session/start:0
[  278438ms] [ERROR] Failed to load resource: net::ERR_CERT_AUTHORITY_INVALID @ https://sc.shopcarbon.com/4piuohbne.js?5cu2of=DApfLzs4RCctODI5OSYqVhNTUEZeUw0eWB0KBx8WCAIHAQxGDBoE:0
[  278992ms] [WARNING] A preload for 'https://cdn.shopify.com/s/files/1/0680/6572/2620/t/7/assets/app.css?v=41711045368030204751742336208' is found, but is not used because the request credentials mode does not match. Consider taking a look at crossorigin attribute. @ https://30e7d3.myshopify.com/?oseid=UZF4eKB32pfDdLBw1Ap2ACzC&source=visualPreviewInitialLoad:149
[  279985ms] [WARNING] The resource https://cdn.shopify.com/s/files/1/0680/6572/2620/t/7/assets/app.css?v=41711045368030204751742336208 was preloaded using link preload but not used within a few seconds from the window's load event. Please make sure it has an appropriate `as` value and it is preloaded intentionally. @ https://30e7d3.myshopify.com/?oseid=UZF4eKB32pfDdLBw1Ap2ACzC:0
[  280033ms] [WARNING] A preload for 'https://cdn.shopify.com/s/files/1/0680/6572/2620/t/7/assets/app.css?v=41711045368030204751742336208' is found, but is not used because the request credentials mode does not match. Consider taking a look at crossorigin attribute. @ https://30e7d3.myshopify.com/?oseid=UZF4eKB32pfDdLBw1Ap2ACzC&source=visualPreviewInitialLoad:149
[  281795ms] [ERROR] Failed to load resource: the server responded with a status of 500 () @ https://va.tawk.to/v1/session/start:0
[  282155ms] [ERROR] Access to fetch at 'https://shopcarbon.com/cart.js' from origin 'https://30e7d3.myshopify.com' has been blocked by CORS policy: No 'Access-Control-Allow-Origin' header is present on the requested resource. @ https://30e7d3.myshopify.com/?oseid=UZF4eKB32pfDdLBw1Ap2ACzC&source=visualPreviewInitialLoad:0
[  282157ms] [ERROR] Failed to load resource: net::ERR_FAILED @ https://shopcarbon.com/cart.js:0
[  282218ms] [ERROR] Failed to load resource: the server responded with a status of 500 () @ https://va.tawk.to/v1/session/start:0
[  282402ms] [ERROR] Access to fetch at 'https://shopcarbon.com/cart.js' from origin 'https://30e7d3.myshopify.com' has been blocked by CORS policy: No 'Access-Control-Allow-Origin' header is present on the requested resource. @ https://30e7d3.myshopify.com/?oseid=UZF4eKB32pfDdLBw1Ap2ACzC&source=visualPreviewInitialLoad:0
[  282403ms] [ERROR] Failed to load resource: net::ERR_FAILED @ https://shopcarbon.com/cart.js:0
[  282727ms] [ERROR] Failed to load resource: net::ERR_CERT_AUTHORITY_INVALID @ https://sc.shopcarbon.com/4piuohbne.js?5cu2of=DApfLzs4RCctODI5OSYqVhNTUEZeUw0eWB0KBx8WCAIHAQxGDBoE:0
[  283212ms] [ERROR] Failed to load resource: net::ERR_CERT_AUTHORITY_INVALID @ https://sc.shopcarbon.com/4piuohbne.js?5cu2of=DApfLzs4RCctODI5OSYqVhNTUEZeUw0eWB0KBx8WCAIHAQxGDBoE:0
[  291174ms] [WARNING] The resource https://cdn.shopify.com/s/files/1/0680/6572/2620/t/7/assets/app.css?v=41711045368030204751742336208 was preloaded using link preload but not used within a few seconds from the window's load event. Please make sure it has an appropriate `as` value and it is preloaded intentionally. @ https://30e7d3.myshopify.com/?oseid=UZF4eKB32pfDdLBw1Ap2ACzC&source=visualPreviewInitialLoad:0
[  293686ms] [WARNING] The resource https://cdn.shopify.com/s/files/1/0680/6572/2620/t/7/assets/app.css?v=41711045368030204751742336208 was preloaded using link preload but not used within a few seconds from the window's load event. Please make sure it has an appropriate `as` value and it is preloaded intentionally. @ https://30e7d3.myshopify.com/?oseid=UZF4eKB32pfDdLBw1Ap2ACzC&source=visualPreviewInitialLoad:0
[  294071ms] [WARNING] The resource https://cdn.shopify.com/s/files/1/0680/6572/2620/t/7/assets/app.css?v=41711045368030204751742336208 was preloaded using link preload but not used within a few seconds from the window's load event. Please make sure it has an appropriate `as` value and it is preloaded intentionally. @ https://30e7d3.myshopify.com/?oseid=UZF4eKB32pfDdLBw1Ap2ACzC:0
[  294504ms] [WARNING] The resource https://cdn.shopify.com/s/files/1/0680/6572/2620/t/7/assets/app.css?v=41711045368030204751742336208 was preloaded using link preload but not used within a few seconds from the window's load event. Please make sure it has an appropriate `as` value and it is preloaded intentionally. @ https://30e7d3.myshopify.com/?oseid=UZF4eKB32pfDdLBw1Ap2ACzC&source=visualPreviewInitialLoad:0
[  306357ms] [WARNING] A preload for 'https://cdn.shopify.com/s/files/1/0680/6572/2620/t/7/assets/app.css?v=41711045368030204751742336208' is found, but is not used because the request credentials mode does not match. Consider taking a look at crossorigin attribute. @ https://30e7d3.myshopify.com/?oseid=UZF4eKB32pfDdLBw1Ap2ACzC:146
[  309812ms] [WARNING] A preload for 'https://cdn.shopify.com/s/files/1/0680/6572/2620/t/7/assets/app.css?v=41711045368030204751742336208' is found, but is not used because the request credentials mode does not match. Consider taking a look at crossorigin attribute. @ https://30e7d3.myshopify.com/?oseid=UZF4eKB32pfDdLBw1Ap2ACzC&source=visualPreviewInitialLoad:149
[  310927ms] [WARNING] A preload for 'https://cdn.shopify.com/s/files/1/0680/6572/2620/t/7/assets/app.css?v=41711045368030204751742336208' is found, but is not used because the request credentials mode does not match. Consider taking a look at crossorigin attribute. @ https://30e7d3.myshopify.com/?oseid=UZF4eKB32pfDdLBw1Ap2ACzC&source=visualPreviewInitialLoad:149
[  311578ms] [ERROR] Failed to load resource: net::ERR_CERT_AUTHORITY_INVALID @ https://sc.shopcarbon.com/4piuohbne.js?5cu2of=DApfLzs4RCctODI5OSYqVhNTUEZeUw0eWB0KBx8WCAIHAQxGDBoE:0
[  311885ms] [ERROR] Failed to load resource: the server responded with a status of 500 () @ https://va.tawk.to/v1/session/start:0
[  314034ms] [WARNING] A preload for 'https://cdn.shopify.com/s/files/1/0680/6572/2620/t/7/assets/app.css?v=41711045368030204751742336208' is found, but is not used because the request credentials mode does not match. Consider taking a look at crossorigin attribute. @ https://30e7d3.myshopify.com/?oseid=UZF4eKB32pfDdLBw1Ap2ACzC:146
[  317162ms] [WARNING] The resource https://cdn.shopify.com/s/files/1/0680/6572/2620/t/7/assets/app.css?v=41711045368030204751742336208 was preloaded using link preload but not used within a few seconds from the window's load event. Please make sure it has an appropriate `as` value and it is preloaded intentionally. @ https://30e7d3.myshopify.com/?oseid=UZF4eKB32pfDdLBw1Ap2ACzC:0
[  317756ms] [WARNING] A preload for 'https://cdn.shopify.com/s/files/1/0680/6572/2620/t/7/assets/app.css?v=41711045368030204751742336208' is found, but is not used because the request credentials mode does not match. Consider taking a look at crossorigin attribute. @ https://30e7d3.myshopify.com/?oseid=UZF4eKB32pfDdLBw1Ap2ACzC&source=visualPreviewInitialLoad:149
[  318323ms] [ERROR] Failed to load resource: the server responded with a status of 500 () @ https://va.tawk.to/v1/session/start:0
[  318502ms] [WARNING] A preload for 'https://cdn.shopify.com/s/files/1/0680/6572/2620/t/7/assets/app.css?v=41711045368030204751742336208' is found, but is not used because the request credentials mode does not match. Consider taking a look at crossorigin attribute. @ https://30e7d3.myshopify.com/?oseid=UZF4eKB32pfDdLBw1Ap2ACzC&source=visualPreviewInitialLoad:149
[  318681ms] Uncaught TypeError: Cannot read properties of null (reading 'addEventListener')
    at connectedCallback (https://cdn.shopify.com/s/files/1/0680/6572/2620/t/7/assets/app.js?v=102655523405455894281736174133:0:13966)
    at <anonymous> (https://cdn.shopify.com/s/files/1/0680/6572/2620/t/7/assets/app.js?v=102655523405455894281736174133:0:17462)
[  318778ms] [ERROR] Failed to load resource: net::ERR_CERT_AUTHORITY_INVALID @ https://sc.shopcarbon.com/4piuohbne.js?5cu2of=DApfLzs4RCctODI5OSYqVhNTUEZeUw0eWB0KBx8WCAIHAQxGDBoE:0
[  318907ms] Uncaught TypeError: Cannot read properties of null (reading 'addEventListener')
    at connectedCallback (https://cdn.shopify.com/s/files/1/0680/6572/2620/t/7/assets/app.js?v=102655523405455894281736174133:0:13966)
    at <anonymous> (https://cdn.shopify.com/s/files/1/0680/6572/2620/t/7/assets/app.js?v=102655523405455894281736174133:0:17462)
[  319048ms] [WARNING] Widget initialization error: no account/code provided. Default code will be used @ https://cdn.userway.org/widgetapp/2026-03-17-15-07-37/widget_app_base_1773760057621.js:4
[  319258ms] [WARNING] Widget initialization error: no account/code provided. Default code will be used @ https://cdn.userway.org/widgetapp/2026-03-17-15-07-37/widget_app_base_1773760057621.js:4
[  319763ms] [ERROR] Failed to load resource: the server responded with a status of 500 () @ https://va.tawk.to/v1/session/start:0
[  320220ms] [ERROR] Access to fetch at 'https://shopcarbon.com/cart.js' from origin 'https://30e7d3.myshopify.com' has been blocked by CORS policy: No 'Access-Control-Allow-Origin' header is present on the requested resource. @ https://30e7d3.myshopify.com/?oseid=UZF4eKB32pfDdLBw1Ap2ACzC&source=visualPreviewInitialLoad:0
[  320220ms] [ERROR] Failed to load resource: net::ERR_FAILED @ https://shopcarbon.com/cart.js:0
[  320371ms] [ERROR] Access to fetch at 'https://shopcarbon.com/cart.js' from origin 'https://30e7d3.myshopify.com' has been blocked by CORS policy: No 'Access-Control-Allow-Origin' header is present on the requested resource. @ https://30e7d3.myshopify.com/?oseid=UZF4eKB32pfDdLBw1Ap2ACzC&source=visualPreviewInitialLoad:0
[  320372ms] [ERROR] Failed to load resource: net::ERR_FAILED @ https://shopcarbon.com/cart.js:0
[  320826ms] [ERROR] Failed to load resource: the server responded with a status of 500 () @ https://va.tawk.to/v1/session/start:0
[  321073ms] [ERROR] Failed to load resource: net::ERR_CERT_AUTHORITY_INVALID @ https://sc.shopcarbon.com/4piuohbne.js?5cu2of=DApfLzs4RCctODI5OSYqVhNTUEZeUw0eWB0KBx8WCAIHAQxGDBoE:0
[  321349ms] [ERROR] Failed to load resource: net::ERR_CERT_AUTHORITY_INVALID @ https://sc.shopcarbon.com/4piuohbne.js?5cu2of=DApfLzs4RCctODI5OSYqVhNTUEZeUw0eWB0KBx8WCAIHAQxGDBoE:0
[  326097ms] [WARNING] The resource https://cdn.shopify.com/s/files/1/0680/6572/2620/t/7/assets/app.css?v=41711045368030204751742336208 was preloaded using link preload but not used within a few seconds from the window's load event. Please make sure it has an appropriate `as` value and it is preloaded intentionally. @ https://30e7d3.myshopify.com/?oseid=UZF4eKB32pfDdLBw1Ap2ACzC&source=visualPreviewInitialLoad:0
[  326194ms] [WARNING] The resource https://cdn.shopify.com/s/files/1/0680/6572/2620/t/7/assets/app.css?v=41711045368030204751742336208 was preloaded using link preload but not used within a few seconds from the window's load event. Please make sure it has an appropriate `as` value and it is preloaded intentionally. @ https://30e7d3.myshopify.com/?oseid=UZF4eKB32pfDdLBw1Ap2ACzC&source=visualPreviewInitialLoad:0
[  326194ms] [WARNING] The resource https://cdn.shopify.com/s/files/1/0680/6572/2620/t/7/assets/app.css?v=41711045368030204751742336208 was preloaded using link preload but not used within a few seconds from the window's load event. Please make sure it has an appropriate `as` value and it is preloaded intentionally. @ https://30e7d3.myshopify.com/?oseid=UZF4eKB32pfDdLBw1Ap2ACzC:0
[  331184ms] [WARNING] The resource https://cdn.shopify.com/s/files/1/0680/6572/2620/t/7/assets/app.css?v=41711045368030204751742336208 was preloaded using link preload but not used within a few seconds from the window's load event. Please make sure it has an appropriate `as` value and it is preloaded intentionally. @ https://30e7d3.myshopify.com/?oseid=UZF4eKB32pfDdLBw1Ap2ACzC:0
[  351524ms] [WARNING] The resource https://cdn.shopify.com/s/files/1/0680/6572/2620/t/7/assets/app.css?v=41711045368030204751742336208 was preloaded using link preload but not used within a few seconds from the window's load event. Please make sure it has an appropriate `as` value and it is preloaded intentionally. @ https://30e7d3.myshopify.com/?oseid=UZF4eKB32pfDdLBw1Ap2ACzC:0
[  353218ms] [WARNING] The resource https://cdn.shopify.com/s/files/1/0680/6572/2620/t/7/assets/app.css?v=41711045368030204751742336208 was preloaded using link preload but not used within a few seconds from the window's load event. Please make sure it has an appropriate `as` value and it is preloaded intentionally. @ https://30e7d3.myshopify.com/?oseid=UZF4eKB32pfDdLBw1Ap2ACzC&source=visualPreviewInitialLoad:0
[  353888ms] [ERROR] Failed to load resource: the server responded with a status of 500 () @ https://va.tawk.to/v1/session/start:0
[  356965ms] [WARNING] The resource https://cdn.shopify.com/s/files/1/0680/6572/2620/t/7/assets/app.css?v=41711045368030204751742336208 was preloaded using link preload but not used within a few seconds from the window's load event. Please make sure it has an appropriate `as` value and it is preloaded intentionally. @ https://30e7d3.myshopify.com/?oseid=UZF4eKB32pfDdLBw1Ap2ACzC&source=visualPreviewInitialLoad:0
[  358149ms] [WARNING] The resource https://cdn.shopify.com/s/files/1/0680/6572/2620/t/7/assets/app.css?v=41711045368030204751742336208 was preloaded using link preload but not used within a few seconds from the window's load event. Please make sure it has an appropriate `as` value and it is preloaded intentionally. @ https://30e7d3.myshopify.com/?oseid=UZF4eKB32pfDdLBw1Ap2ACzC&source=visualPreviewInitialLoad:0
[  360250ms] [WARNING] The resource https://cdn.shopify.com/s/files/1/0680/6572/2620/t/7/assets/app.css?v=41711045368030204751742336208 was preloaded using link preload but not used within a few seconds from the window's load event. Please make sure it has an appropriate `as` value and it is preloaded intentionally. @ https://30e7d3.myshopify.com/?oseid=UZF4eKB32pfDdLBw1Ap2ACzC:0
[  365927ms] [ERROR] Failed to load resource: the server responded with a status of 500 () @ https://va.tawk.to/v1/session/start:0
[  368999ms] [WARNING] The resource https://cdn.shopify.com/s/files/1/0680/6572/2620/t/7/assets/app.css?v=41711045368030204751742336208 was preloaded using link preload but not used within a few seconds from the window's load event. Please make sure it has an appropriate `as` value and it is preloaded intentionally. @ https://30e7d3.myshopify.com/?oseid=UZF4eKB32pfDdLBw1Ap2ACzC&source=visualPreviewInitialLoad:0
[  388751ms] [WARNING] The resource https://cdn.shopify.com/s/files/1/0680/6572/2620/t/7/assets/app.css?v=41711045368030204751742336208 was preloaded using link preload but not used within a few seconds from the window's load event. Please make sure it has an appropriate `as` value and it is preloaded intentionally. @ https://30e7d3.myshopify.com/?oseid=UZF4eKB32pfDdLBw1Ap2ACzC&source=visualPreviewInitialLoad:0
[  389311ms] [WARNING] The resource https://cdn.shopify.com/s/files/1/0680/6572/2620/t/7/assets/app.css?v=41711045368030204751742336208 was preloaded using link preload but not used within a few seconds from the window's load event. Please make sure it has an appropriate `as` value and it is preloaded intentionally. @ https://30e7d3.myshopify.com/?oseid=UZF4eKB32pfDdLBw1Ap2ACzC&source=visualPreviewInitialLoad:0
[  389987ms] [WARNING] The resource https://cdn.shopify.com/s/files/1/0680/6572/2620/t/7/assets/app.css?v=41711045368030204751742336208 was preloaded using link preload but not used within a few seconds from the window's load event. Please make sure it has an appropriate `as` value and it is preloaded intentionally. @ https://30e7d3.myshopify.com/?oseid=UZF4eKB32pfDdLBw1Ap2ACzC:0
[  445760ms] [WARNING] The resource https://cdn.shopify.com/s/files/1/0680/6572/2620/t/7/assets/app.css?v=41711045368030204751742336208 was preloaded using link preload but not used within a few seconds from the window's load event. Please make sure it has an appropriate `as` value and it is preloaded intentionally. @ https://30e7d3.myshopify.com/?oseid=UZF4eKB32pfDdLBw1Ap2ACzC:0
[  450719ms] [WARNING] The resource https://cdn.shopify.com/s/files/1/0680/6572/2620/t/7/assets/app.css?v=41711045368030204751742336208 was preloaded using link preload but not used within a few seconds from the window's load event. Please make sure it has an appropriate `as` value and it is preloaded intentionally. @ https://30e7d3.myshopify.com/?oseid=UZF4eKB32pfDdLBw1Ap2ACzC:0
[  457177ms] [ERROR] Failed to load resource: the server responded with a status of 504 () @ https://online-store-web.shopifyapps.com/.well-known/dux:0
[  501271ms] [WARNING] The resource https://cdn.shopify.com/s/files/1/0680/6572/2620/t/7/assets/app.css?v=41711045368030204751742336208 was preloaded using link preload but not used within a few seconds from the window's load event. Please make sure it has an appropriate `as` value and it is preloaded intentionally. @ https://30e7d3.myshopify.com/?oseid=UZF4eKB32pfDdLBw1Ap2ACzC:0
[  502926ms] [WARNING] The resource https://cdn.shopify.com/s/files/1/0680/6572/2620/t/7/assets/app.css?v=41711045368030204751742336208 was preloaded using link preload but not used within a few seconds from the window's load event. Please make sure it has an appropriate `as` value and it is preloaded intentionally. @ https://30e7d3.myshopify.com/?oseid=UZF4eKB32pfDdLBw1Ap2ACzC&source=visualPreviewInitialLoad:0
[  503134ms] [WARNING] The resource https://cdn.shopify.com/s/files/1/0680/6572/2620/t/7/assets/app.css?v=41711045368030204751742336208 was preloaded using link preload but not used within a few seconds from the window's load event. Please make sure it has an appropriate `as` value and it is preloaded intentionally. @ https://30e7d3.myshopify.com/?oseid=UZF4eKB32pfDdLBw1Ap2ACzC&source=visualPreviewInitialLoad:0
[  612227ms] [WARNING] An error occurred! For more details, see the full error text at https://go.apollo.dev/c/err#%7B%22version%22%3A%223.12.11%22%2C%22message%22%3A15%2C%22args%22%3A%5B%22presences%22%2C%22Query%22%2C%22%22%2C%22Query.presences%22%2C%22%7B%5Cn%20%20%5C%220%5C%22%3A%20%7B%5Cn%20%20%20%20%5C%22__typename%5C%22%3A%20%5C%22Presence%5C%22%2C%5Cn%20%20%20%20%5C%22user%5C%22%3A%2089038684412%2C%5Cn%20%20%20%20%5C%22dirty%5C%22%3A%20false%2C%5Cn%20%20%20%20%5C%22status%5C%22%3A%20%5C%22ONLINE%5C%22%2C%5Cn%20%20%20%20%5C%22url%5C%22%3A%20%5C%22%2Fstore%2Fshopcarbon1%2Fapps%2Fpop-convert%5C%22%2C%5Cn%20%20%20%20%5C%22lastSeenAt%5C%22%3A%20%5C%222026-03-17T16%3A16%3A24.277243383Z%5C%22%5Cn%20%20%7D%2C%5Cn%20%20%5C%221%5C%22%3A%20%7B%5Cn%20%20%20%20%5C%22__typename%5C%22%3A%20%5C%22Presence%5C%22%2C%5Cn%20%20%20%20%5C%22user%5C%22%3A%2089038684412%2C%5Cn%20%20%20%20%5C%22dirty%5C%22%3A%20false%2C%5Cn%20%20%20%20%5C%22status%5C%22%3A%20%5C%22ONLINE%5C%22%2C%5Cn%20%20%20%20%5C%22url%5C%22%3A%20%5C%22%2Fstore%2Fshopcarbon1%2Fthemes%2F146033770748%2Feditor%5C%22%2C%5Cn%20%20%20%20%5C%22lastSeenAt%5C%22%3A%20%5C%222026-03-17T16%3A13%3A15.173134399Z%5C%22%5Cn%20%20%7D%5Cn%7D%22%2C%22%7B%5Cn%20%20%5C%220%5C%22%3A%20%7B%5Cn%20%20%20%20%5C%22__typename%5C%22%3A%20%5C%22Presence%5C%22%2C%5Cn%20%20%20%20%5C%22user%5C%22%3A%2089038684412%2C%5Cn%20%20%20%20%5C%22dirty%5C%22%3A%20false%2C%5Cn%20%20%20%20%5C%22status%5C%22%3A%20%5C%22ONLINE%5C%22%2C%5Cn%20%20%20%20%5C%22url%5C%22%3A%20%5C%22%2Fstore%2Fshopcarbon1%2Fthemes%2F146033770748%2Feditor%5C%22%2C%5Cn%20%20%20%20%5C%22lastSeenAt%5C%22%3A%20%5C%222026-03-17T16%3A13%3A15.173134399Z%5C%22%5Cn%20%20%7D%5Cn%7D%22%5D%7D @ https://cdn.shopify.com/shopifycloud/online-store-web/assets/main/assets/main-6077acece5f5f8ccf5602fe2d27f0731bab55ccb.1.js:5
[  621925ms] [WARNING] The resource https://cdn.shopify.com/s/files/1/0680/6572/2620/t/7/assets/app.css?v=41711045368030204751742336208 was preloaded using link preload but not used within a few seconds from the window's load event. Please make sure it has an appropriate `as` value and it is preloaded intentionally. @ https://30e7d3.myshopify.com/?oseid=UZF4eKB32pfDdLBw1Ap2ACzC&source=visualPreviewInitialLoad:0
[  621942ms] [WARNING] The resource https://cdn.shopify.com/s/files/1/0680/6572/2620/t/7/assets/app.css?v=41711045368030204751742336208 was preloaded using link preload but not used within a few seconds from the window's load event. Please make sure it has an appropriate `as` value and it is preloaded intentionally. @ https://30e7d3.myshopify.com/?oseid=UZF4eKB32pfDdLBw1Ap2ACzC&source=visualPreviewInitialLoad:0
[  621944ms] [WARNING] The resource https://cdn.shopify.com/s/files/1/0680/6572/2620/t/7/assets/app.css?v=41711045368030204751742336208 was preloaded using link preload but not used within a few seconds from the window's load event. Please make sure it has an appropriate `as` value and it is preloaded intentionally. @ https://30e7d3.myshopify.com/?oseid=UZF4eKB32pfDdLBw1Ap2ACzC:0
[  629956ms] [WARNING] The resource https://cdn.shopify.com/s/files/1/0680/6572/2620/t/7/assets/app.css?v=41711045368030204751742336208 was preloaded using link preload but not used within a few seconds from the window's load event. Please make sure it has an appropriate `as` value and it is preloaded intentionally. @ https://30e7d3.myshopify.com/?oseid=UZF4eKB32pfDdLBw1Ap2ACzC:0
[  745760ms] [WARNING] The resource https://cdn.shopify.com/s/files/1/0680/6572/2620/t/7/assets/app.css?v=41711045368030204751742336208 was preloaded using link preload but not used within a few seconds from the window's load event. Please make sure it has an appropriate `as` value and it is preloaded intentionally. @ https://30e7d3.myshopify.com/?oseid=UZF4eKB32pfDdLBw1Ap2ACzC:0
[  751179ms] [WARNING] The resource https://cdn.shopify.com/s/files/1/0680/6572/2620/t/7/assets/app.css?v=41711045368030204751742336208 was preloaded using link preload but not used within a few seconds from the window's load event. Please make sure it has an appropriate `as` value and it is preloaded intentionally. @ https://30e7d3.myshopify.com/?oseid=UZF4eKB32pfDdLBw1Ap2ACzC:0
[  795164ms] [WARNING] The resource https://cdn.shopify.com/s/files/1/0680/6572/2620/t/7/assets/app.css?v=41711045368030204751742336208 was preloaded using link preload but not used within a few seconds from the window's load event. Please make sure it has an appropriate `as` value and it is preloaded intentionally. @ https://30e7d3.myshopify.com/?oseid=UZF4eKB32pfDdLBw1Ap2ACzC:0
[  795164ms] [WARNING] The resource https://cdn.shopify.com/s/files/1/0680/6572/2620/t/7/assets/app.css?v=41711045368030204751742336208 was preloaded using link preload but not used within a few seconds from the window's load event. Please make sure it has an appropriate `as` value and it is preloaded intentionally. @ https://30e7d3.myshopify.com/?oseid=UZF4eKB32pfDdLBw1Ap2ACzC&source=visualPreviewInitialLoad:0
[  795164ms] [WARNING] The resource https://cdn.shopify.com/s/files/1/0680/6572/2620/t/7/assets/app.css?v=41711045368030204751742336208 was preloaded using link preload but not used within a few seconds from the window's load event. Please make sure it has an appropriate `as` value and it is preloaded intentionally. @ https://30e7d3.myshopify.com/?oseid=UZF4eKB32pfDdLBw1Ap2ACzC&source=visualPreviewInitialLoad:0
[  878995ms] [WARNING] The resource https://cdn.shopify.com/s/files/1/0680/6572/2620/t/7/assets/app.css?v=41711045368030204751742336208 was preloaded using link preload but not used within a few seconds from the window's load event. Please make sure it has an appropriate `as` value and it is preloaded intentionally. @ https://30e7d3.myshopify.com/?oseid=UZF4eKB32pfDdLBw1Ap2ACzC&source=visualPreviewInitialLoad:0
[  878996ms] [WARNING] The resource https://cdn.shopify.com/s/files/1/0680/6572/2620/t/7/assets/app.css?v=41711045368030204751742336208 was preloaded using link preload but not used within a few seconds from the window's load event. Please make sure it has an appropriate `as` value and it is preloaded intentionally. @ https://30e7d3.myshopify.com/?oseid=UZF4eKB32pfDdLBw1Ap2ACzC:0
[  878996ms] [WARNING] The resource https://cdn.shopify.com/s/files/1/0680/6572/2620/t/7/assets/app.css?v=41711045368030204751742336208 was preloaded using link preload but not used within a few seconds from the window's load event. Please make sure it has an appropriate `as` value and it is preloaded intentionally. @ https://30e7d3.myshopify.com/?oseid=UZF4eKB32pfDdLBw1Ap2ACzC&source=visualPreviewInitialLoad:0
[  888592ms] [WARNING] The resource https://cdn.shopify.com/s/files/1/0680/6572/2620/t/7/assets/app.css?v=41711045368030204751742336208 was preloaded using link preload but not used within a few seconds from the window's load event. Please make sure it has an appropriate `as` value and it is preloaded intentionally. @ https://30e7d3.myshopify.com/?oseid=UZF4eKB32pfDdLBw1Ap2ACzC:0
[  888653ms] [WARNING] The resource https://cdn.shopify.com/s/files/1/0680/6572/2620/t/7/assets/app.css?v=41711045368030204751742336208 was preloaded using link preload but not used within a few seconds from the window's load event. Please make sure it has an appropriate `as` value and it is preloaded intentionally. @ https://30e7d3.myshopify.com/?oseid=UZF4eKB32pfDdLBw1Ap2ACzC&source=visualPreviewInitialLoad:0
[  888654ms] [WARNING] The resource https://cdn.shopify.com/s/files/1/0680/6572/2620/t/7/assets/app.css?v=41711045368030204751742336208 was preloaded using link preload but not used within a few seconds from the window's load event. Please make sure it has an appropriate `as` value and it is preloaded intentionally. @ https://30e7d3.myshopify.com/?oseid=UZF4eKB32pfDdLBw1Ap2ACzC&source=visualPreviewInitialLoad:0
[  929995ms] [WARNING] The resource https://cdn.shopify.com/s/files/1/0680/6572/2620/t/7/assets/app.css?v=41711045368030204751742336208 was preloaded using link preload but not used within a few seconds from the window's load event. Please make sure it has an appropriate `as` value and it is preloaded intentionally. @ https://30e7d3.myshopify.com/?oseid=UZF4eKB32pfDdLBw1Ap2ACzC:0
[ 1069094ms] [WARNING] The resource https://cdn.shopify.com/s/files/1/0680/6572/2620/t/7/assets/app.css?v=41711045368030204751742336208 was preloaded using link preload but not used within a few seconds from the window's load event. Please make sure it has an appropriate `as` value and it is preloaded intentionally. @ https://30e7d3.myshopify.com/?oseid=UZF4eKB32pfDdLBw1Ap2ACzC&source=visualPreviewInitialLoad:0
[ 1069094ms] [WARNING] The resource https://cdn.shopify.com/s/files/1/0680/6572/2620/t/7/assets/app.css?v=41711045368030204751742336208 was preloaded using link preload but not used within a few seconds from the window's load event. Please make sure it has an appropriate `as` value and it is preloaded intentionally. @ https://30e7d3.myshopify.com/?oseid=UZF4eKB32pfDdLBw1Ap2ACzC:0
[ 1069094ms] [WARNING] The resource https://cdn.shopify.com/s/files/1/0680/6572/2620/t/7/assets/app.css?v=41711045368030204751742336208 was preloaded using link preload but not used within a few seconds from the window's load event. Please make sure it has an appropriate `as` value and it is preloaded intentionally. @ https://30e7d3.myshopify.com/?oseid=UZF4eKB32pfDdLBw1Ap2ACzC&source=visualPreviewInitialLoad:0
[ 1230365ms] [WARNING] The resource https://cdn.shopify.com/s/files/1/0680/6572/2620/t/7/assets/app.css?v=41711045368030204751742336208 was preloaded using link preload but not used within a few seconds from the window's load event. Please make sure it has an appropriate `as` value and it is preloaded intentionally. @ https://30e7d3.myshopify.com/?oseid=UZF4eKB32pfDdLBw1Ap2ACzC:0
[ 1248646ms] [WARNING] The resource https://cdn.shopify.com/s/files/1/0680/6572/2620/t/7/assets/app.css?v=41711045368030204751742336208 was preloaded using link preload but not used within a few seconds from the window's load event. Please make sure it has an appropriate `as` value and it is preloaded intentionally. @ https://30e7d3.myshopify.com/?oseid=UZF4eKB32pfDdLBw1Ap2ACzC&source=visualPreviewInitialLoad:0
[ 1248772ms] [WARNING] The resource https://cdn.shopify.com/s/files/1/0680/6572/2620/t/7/assets/app.css?v=41711045368030204751742336208 was preloaded using link preload but not used within a few seconds from the window's load event. Please make sure it has an appropriate `as` value and it is preloaded intentionally. @ https://30e7d3.myshopify.com/?oseid=UZF4eKB32pfDdLBw1Ap2ACzC:0
[ 1248772ms] [WARNING] The resource https://cdn.shopify.com/s/files/1/0680/6572/2620/t/7/assets/app.css?v=41711045368030204751742336208 was preloaded using link preload but not used within a few seconds from the window's load event. Please make sure it has an appropriate `as` value and it is preloaded intentionally. @ https://30e7d3.myshopify.com/?oseid=UZF4eKB32pfDdLBw1Ap2ACzC&source=visualPreviewInitialLoad:0
[ 1428629ms] [WARNING] The resource https://cdn.shopify.com/s/files/1/0680/6572/2620/t/7/assets/app.css?v=41711045368030204751742336208 was preloaded using link preload but not used within a few seconds from the window's load event. Please make sure it has an appropriate `as` value and it is preloaded intentionally. @ https://30e7d3.myshopify.com/?oseid=UZF4eKB32pfDdLBw1Ap2ACzC&source=visualPreviewInitialLoad:0
[ 1428637ms] [WARNING] The resource https://cdn.shopify.com/s/files/1/0680/6572/2620/t/7/assets/app.css?v=41711045368030204751742336208 was preloaded using link preload but not used within a few seconds from the window's load event. Please make sure it has an appropriate `as` value and it is preloaded intentionally. @ https://30e7d3.myshopify.com/?oseid=UZF4eKB32pfDdLBw1Ap2ACzC:0
[ 1428643ms] [WARNING] The resource https://cdn.shopify.com/s/files/1/0680/6572/2620/t/7/assets/app.css?v=41711045368030204751742336208 was preloaded using link preload but not used within a few seconds from the window's load event. Please make sure it has an appropriate `as` value and it is preloaded intentionally. @ https://30e7d3.myshopify.com/?oseid=UZF4eKB32pfDdLBw1Ap2ACzC&source=visualPreviewInitialLoad:0
[ 1529984ms] [WARNING] The resource https://cdn.shopify.com/s/files/1/0680/6572/2620/t/7/assets/app.css?v=41711045368030204751742336208 was preloaded using link preload but not used within a few seconds from the window's load event. Please make sure it has an appropriate `as` value and it is preloaded intentionally. @ https://30e7d3.myshopify.com/?oseid=UZF4eKB32pfDdLBw1Ap2ACzC:0
[ 1608991ms] [WARNING] The resource https://cdn.shopify.com/s/files/1/0680/6572/2620/t/7/assets/app.css?v=41711045368030204751742336208 was preloaded using link preload but not used within a few seconds from the window's load event. Please make sure it has an appropriate `as` value and it is preloaded intentionally. @ https://30e7d3.myshopify.com/?oseid=UZF4eKB32pfDdLBw1Ap2ACzC&source=visualPreviewInitialLoad:0
[ 1608992ms] [WARNING] The resource https://cdn.shopify.com/s/files/1/0680/6572/2620/t/7/assets/app.css?v=41711045368030204751742336208 was preloaded using link preload but not used within a few seconds from the window's load event. Please make sure it has an appropriate `as` value and it is preloaded intentionally. @ https://30e7d3.myshopify.com/?oseid=UZF4eKB32pfDdLBw1Ap2ACzC:0
[ 1608993ms] [WARNING] The resource https://cdn.shopify.com/s/files/1/0680/6572/2620/t/7/assets/app.css?v=41711045368030204751742336208 was preloaded using link preload but not used within a few seconds from the window's load event. Please make sure it has an appropriate `as` value and it is preloaded intentionally. @ https://30e7d3.myshopify.com/?oseid=UZF4eKB32pfDdLBw1Ap2ACzC&source=visualPreviewInitialLoad:0
[ 1788672ms] [WARNING] The resource https://cdn.shopify.com/s/files/1/0680/6572/2620/t/7/assets/app.css?v=41711045368030204751742336208 was preloaded using link preload but not used within a few seconds from the window's load event. Please make sure it has an appropriate `as` value and it is preloaded intentionally. @ https://30e7d3.myshopify.com/?oseid=UZF4eKB32pfDdLBw1Ap2ACzC:0
[ 1788673ms] [WARNING] The resource https://cdn.shopify.com/s/files/1/0680/6572/2620/t/7/assets/app.css?v=41711045368030204751742336208 was preloaded using link preload but not used within a few seconds from the window's load event. Please make sure it has an appropriate `as` value and it is preloaded intentionally. @ https://30e7d3.myshopify.com/?oseid=UZF4eKB32pfDdLBw1Ap2ACzC&source=visualPreviewInitialLoad:0
[ 1788677ms] [WARNING] The resource https://cdn.shopify.com/s/files/1/0680/6572/2620/t/7/assets/app.css?v=41711045368030204751742336208 was preloaded using link preload but not used within a few seconds from the window's load event. Please make sure it has an appropriate `as` value and it is preloaded intentionally. @ https://30e7d3.myshopify.com/?oseid=UZF4eKB32pfDdLBw1Ap2ACzC&source=visualPreviewInitialLoad:0
[ 1829987ms] [WARNING] The resource https://cdn.shopify.com/s/files/1/0680/6572/2620/t/7/assets/app.css?v=41711045368030204751742336208 was preloaded using link preload but not used within a few seconds from the window's load event. Please make sure it has an appropriate `as` value and it is preloaded intentionally. @ https://30e7d3.myshopify.com/?oseid=UZF4eKB32pfDdLBw1Ap2ACzC:0
[ 1968636ms] [WARNING] The resource https://cdn.shopify.com/s/files/1/0680/6572/2620/t/7/assets/app.css?v=41711045368030204751742336208 was preloaded using link preload but not used within a few seconds from the window's load event. Please make sure it has an appropriate `as` value and it is preloaded intentionally. @ https://30e7d3.myshopify.com/?oseid=UZF4eKB32pfDdLBw1Ap2ACzC&source=visualPreviewInitialLoad:0
[ 1968639ms] [WARNING] The resource https://cdn.shopify.com/s/files/1/0680/6572/2620/t/7/assets/app.css?v=41711045368030204751742336208 was preloaded using link preload but not used within a few seconds from the window's load event. Please make sure it has an appropriate `as` value and it is preloaded intentionally. @ https://30e7d3.myshopify.com/?oseid=UZF4eKB32pfDdLBw1Ap2ACzC&source=visualPreviewInitialLoad:0
[ 1968639ms] [WARNING] The resource https://cdn.shopify.com/s/files/1/0680/6572/2620/t/7/assets/app.css?v=41711045368030204751742336208 was preloaded using link preload but not used within a few seconds from the window's load event. Please make sure it has an appropriate `as` value and it is preloaded intentionally. @ https://30e7d3.myshopify.com/?oseid=UZF4eKB32pfDdLBw1Ap2ACzC:0
[ 2130960ms] [WARNING] The resource https://cdn.shopify.com/s/files/1/0680/6572/2620/t/7/assets/app.css?v=41711045368030204751742336208 was preloaded using link preload but not used within a few seconds from the window's load event. Please make sure it has an appropriate `as` value and it is preloaded intentionally. @ https://30e7d3.myshopify.com/?oseid=UZF4eKB32pfDdLBw1Ap2ACzC:0
[ 2148672ms] [WARNING] The resource https://cdn.shopify.com/s/files/1/0680/6572/2620/t/7/assets/app.css?v=41711045368030204751742336208 was preloaded using link preload but not used within a few seconds from the window's load event. Please make sure it has an appropriate `as` value and it is preloaded intentionally. @ https://30e7d3.myshopify.com/?oseid=UZF4eKB32pfDdLBw1Ap2ACzC:0
[ 2148674ms] [WARNING] The resource https://cdn.shopify.com/s/files/1/0680/6572/2620/t/7/assets/app.css?v=41711045368030204751742336208 was preloaded using link preload but not used within a few seconds from the window's load event. Please make sure it has an appropriate `as` value and it is preloaded intentionally. @ https://30e7d3.myshopify.com/?oseid=UZF4eKB32pfDdLBw1Ap2ACzC&source=visualPreviewInitialLoad:0
[ 2148679ms] [WARNING] The resource https://cdn.shopify.com/s/files/1/0680/6572/2620/t/7/assets/app.css?v=41711045368030204751742336208 was preloaded using link preload but not used within a few seconds from the window's load event. Please make sure it has an appropriate `as` value and it is preloaded intentionally. @ https://30e7d3.myshopify.com/?oseid=UZF4eKB32pfDdLBw1Ap2ACzC&source=visualPreviewInitialLoad:0
[ 2195040ms] [WARNING] The resource https://cdn.shopify.com/s/files/1/0680/6572/2620/t/7/assets/app.css?v=41711045368030204751742336208 was preloaded using link preload but not used within a few seconds from the window's load event. Please make sure it has an appropriate `as` value and it is preloaded intentionally. @ https://30e7d3.myshopify.com/?oseid=UZF4eKB32pfDdLBw1Ap2ACzC&source=visualPreviewInitialLoad:0
[ 2195040ms] [WARNING] The resource https://cdn.shopify.com/s/files/1/0680/6572/2620/t/7/assets/app.css?v=41711045368030204751742336208 was preloaded using link preload but not used within a few seconds from the window's load event. Please make sure it has an appropriate `as` value and it is preloaded intentionally. @ https://30e7d3.myshopify.com/?oseid=UZF4eKB32pfDdLBw1Ap2ACzC&source=visualPreviewInitialLoad:0
[ 2195040ms] [WARNING] The resource https://cdn.shopify.com/s/files/1/0680/6572/2620/t/7/assets/app.css?v=41711045368030204751742336208 was preloaded using link preload but not used within a few seconds from the window's load event. Please make sure it has an appropriate `as` value and it is preloaded intentionally. @ https://30e7d3.myshopify.com/?oseid=UZF4eKB32pfDdLBw1Ap2ACzC:0
[ 2331032ms] [WARNING] The resource https://cdn.shopify.com/s/files/1/0680/6572/2620/t/7/assets/app.css?v=41711045368030204751742336208 was preloaded using link preload but not used within a few seconds from the window's load event. Please make sure it has an appropriate `as` value and it is preloaded intentionally. @ https://30e7d3.myshopify.com/?oseid=UZF4eKB32pfDdLBw1Ap2ACzC&source=visualPreviewInitialLoad:0
[ 2331033ms] [WARNING] The resource https://cdn.shopify.com/s/files/1/0680/6572/2620/t/7/assets/app.css?v=41711045368030204751742336208 was preloaded using link preload but not used within a few seconds from the window's load event. Please make sure it has an appropriate `as` value and it is preloaded intentionally. @ https://30e7d3.myshopify.com/?oseid=UZF4eKB32pfDdLBw1Ap2ACzC&source=visualPreviewInitialLoad:0
[ 2331077ms] [WARNING] The resource https://cdn.shopify.com/s/files/1/0680/6572/2620/t/7/assets/app.css?v=41711045368030204751742336208 was preloaded using link preload but not used within a few seconds from the window's load event. Please make sure it has an appropriate `as` value and it is preloaded intentionally. @ https://30e7d3.myshopify.com/?oseid=UZF4eKB32pfDdLBw1Ap2ACzC:0
[ 2430040ms] [WARNING] The resource https://cdn.shopify.com/s/files/1/0680/6572/2620/t/7/assets/app.css?v=41711045368030204751742336208 was preloaded using link preload but not used within a few seconds from the window's load event. Please make sure it has an appropriate `as` value and it is preloaded intentionally. @ https://30e7d3.myshopify.com/?oseid=UZF4eKB32pfDdLBw1Ap2ACzC:0
[ 2508653ms] [WARNING] The resource https://cdn.shopify.com/s/files/1/0680/6572/2620/t/7/assets/app.css?v=41711045368030204751742336208 was preloaded using link preload but not used within a few seconds from the window's load event. Please make sure it has an appropriate `as` value and it is preloaded intentionally. @ https://30e7d3.myshopify.com/?oseid=UZF4eKB32pfDdLBw1Ap2ACzC:0
[ 2508653ms] [WARNING] The resource https://cdn.shopify.com/s/files/1/0680/6572/2620/t/7/assets/app.css?v=41711045368030204751742336208 was preloaded using link preload but not used within a few seconds from the window's load event. Please make sure it has an appropriate `as` value and it is preloaded intentionally. @ https://30e7d3.myshopify.com/?oseid=UZF4eKB32pfDdLBw1Ap2ACzC&source=visualPreviewInitialLoad:0
[ 2508656ms] [WARNING] The resource https://cdn.shopify.com/s/files/1/0680/6572/2620/t/7/assets/app.css?v=41711045368030204751742336208 was preloaded using link preload but not used within a few seconds from the window's load event. Please make sure it has an appropriate `as` value and it is preloaded intentionally. @ https://30e7d3.myshopify.com/?oseid=UZF4eKB32pfDdLBw1Ap2ACzC&source=visualPreviewInitialLoad:0
[ 2688639ms] [WARNING] The resource https://cdn.shopify.com/s/files/1/0680/6572/2620/t/7/assets/app.css?v=41711045368030204751742336208 was preloaded using link preload but not used within a few seconds from the window's load event. Please make sure it has an appropriate `as` value and it is preloaded intentionally. @ https://30e7d3.myshopify.com/?oseid=UZF4eKB32pfDdLBw1Ap2ACzC&source=visualPreviewInitialLoad:0
[ 2688650ms] [WARNING] The resource https://cdn.shopify.com/s/files/1/0680/6572/2620/t/7/assets/app.css?v=41711045368030204751742336208 was preloaded using link preload but not used within a few seconds from the window's load event. Please make sure it has an appropriate `as` value and it is preloaded intentionally. @ https://30e7d3.myshopify.com/?oseid=UZF4eKB32pfDdLBw1Ap2ACzC&source=visualPreviewInitialLoad:0
[ 2688650ms] [WARNING] The resource https://cdn.shopify.com/s/files/1/0680/6572/2620/t/7/assets/app.css?v=41711045368030204751742336208 was preloaded using link preload but not used within a few seconds from the window's load event. Please make sure it has an appropriate `as` value and it is preloaded intentionally. @ https://30e7d3.myshopify.com/?oseid=UZF4eKB32pfDdLBw1Ap2ACzC:0
[ 2730129ms] [WARNING] The resource https://cdn.shopify.com/s/files/1/0680/6572/2620/t/7/assets/app.css?v=41711045368030204751742336208 was preloaded using link preload but not used within a few seconds from the window's load event. Please make sure it has an appropriate `as` value and it is preloaded intentionally. @ https://30e7d3.myshopify.com/?oseid=UZF4eKB32pfDdLBw1Ap2ACzC:0
[ 2868635ms] [WARNING] The resource https://cdn.shopify.com/s/files/1/0680/6572/2620/t/7/assets/app.css?v=41711045368030204751742336208 was preloaded using link preload but not used within a few seconds from the window's load event. Please make sure it has an appropriate `as` value and it is preloaded intentionally. @ https://30e7d3.myshopify.com/?oseid=UZF4eKB32pfDdLBw1Ap2ACzC&source=visualPreviewInitialLoad:0
[ 2868638ms] [WARNING] The resource https://cdn.shopify.com/s/files/1/0680/6572/2620/t/7/assets/app.css?v=41711045368030204751742336208 was preloaded using link preload but not used within a few seconds from the window's load event. Please make sure it has an appropriate `as` value and it is preloaded intentionally. @ https://30e7d3.myshopify.com/?oseid=UZF4eKB32pfDdLBw1Ap2ACzC:0
[ 2868642ms] [WARNING] The resource https://cdn.shopify.com/s/files/1/0680/6572/2620/t/7/assets/app.css?v=41711045368030204751742336208 was preloaded using link preload but not used within a few seconds from the window's load event. Please make sure it has an appropriate `as` value and it is preloaded intentionally. @ https://30e7d3.myshopify.com/?oseid=UZF4eKB32pfDdLBw1Ap2ACzC&source=visualPreviewInitialLoad:0
[ 3029952ms] [WARNING] The resource https://cdn.shopify.com/s/files/1/0680/6572/2620/t/7/assets/app.css?v=41711045368030204751742336208 was preloaded using link preload but not used within a few seconds from the window's load event. Please make sure it has an appropriate `as` value and it is preloaded intentionally. @ https://30e7d3.myshopify.com/?oseid=UZF4eKB32pfDdLBw1Ap2ACzC:0
[ 3048834ms] [WARNING] The resource https://cdn.shopify.com/s/files/1/0680/6572/2620/t/7/assets/app.css?v=41711045368030204751742336208 was preloaded using link preload but not used within a few seconds from the window's load event. Please make sure it has an appropriate `as` value and it is preloaded intentionally. @ https://30e7d3.myshopify.com/?oseid=UZF4eKB32pfDdLBw1Ap2ACzC:0
[ 3048834ms] [WARNING] The resource https://cdn.shopify.com/s/files/1/0680/6572/2620/t/7/assets/app.css?v=41711045368030204751742336208 was preloaded using link preload but not used within a few seconds from the window's load event. Please make sure it has an appropriate `as` value and it is preloaded intentionally. @ https://30e7d3.myshopify.com/?oseid=UZF4eKB32pfDdLBw1Ap2ACzC&source=visualPreviewInitialLoad:0
[ 3048871ms] [WARNING] The resource https://cdn.shopify.com/s/files/1/0680/6572/2620/t/7/assets/app.css?v=41711045368030204751742336208 was preloaded using link preload but not used within a few seconds from the window's load event. Please make sure it has an appropriate `as` value and it is preloaded intentionally. @ https://30e7d3.myshopify.com/?oseid=UZF4eKB32pfDdLBw1Ap2ACzC&source=visualPreviewInitialLoad:0
[ 3228846ms] [WARNING] The resource https://cdn.shopify.com/s/files/1/0680/6572/2620/t/7/assets/app.css?v=41711045368030204751742336208 was preloaded using link preload but not used within a few seconds from the window's load event. Please make sure it has an appropriate `as` value and it is preloaded intentionally. @ https://30e7d3.myshopify.com/?oseid=UZF4eKB32pfDdLBw1Ap2ACzC&source=visualPreviewInitialLoad:0
[ 3228846ms] [WARNING] The resource https://cdn.shopify.com/s/files/1/0680/6572/2620/t/7/assets/app.css?v=41711045368030204751742336208 was preloaded using link preload but not used within a few seconds from the window's load event. Please make sure it has an appropriate `as` value and it is preloaded intentionally. @ https://30e7d3.myshopify.com/?oseid=UZF4eKB32pfDdLBw1Ap2ACzC:0
[ 3228846ms] [WARNING] The resource https://cdn.shopify.com/s/files/1/0680/6572/2620/t/7/assets/app.css?v=41711045368030204751742336208 was preloaded using link preload but not used within a few seconds from the window's load event. Please make sure it has an appropriate `as` value and it is preloaded intentionally. @ https://30e7d3.myshopify.com/?oseid=UZF4eKB32pfDdLBw1Ap2ACzC&source=visualPreviewInitialLoad:0
[ 3330044ms] [WARNING] The resource https://cdn.shopify.com/s/files/1/0680/6572/2620/t/7/assets/app.css?v=41711045368030204751742336208 was preloaded using link preload but not used within a few seconds from the window's load event. Please make sure it has an appropriate `as` value and it is preloaded intentionally. @ https://30e7d3.myshopify.com/?oseid=UZF4eKB32pfDdLBw1Ap2ACzC:0
[ 3408644ms] [WARNING] The resource https://cdn.shopify.com/s/files/1/0680/6572/2620/t/7/assets/app.css?v=41711045368030204751742336208 was preloaded using link preload but not used within a few seconds from the window's load event. Please make sure it has an appropriate `as` value and it is preloaded intentionally. @ https://30e7d3.myshopify.com/?oseid=UZF4eKB32pfDdLBw1Ap2ACzC:0
[ 3408651ms] [WARNING] The resource https://cdn.shopify.com/s/files/1/0680/6572/2620/t/7/assets/app.css?v=41711045368030204751742336208 was preloaded using link preload but not used within a few seconds from the window's load event. Please make sure it has an appropriate `as` value and it is preloaded intentionally. @ https://30e7d3.myshopify.com/?oseid=UZF4eKB32pfDdLBw1Ap2ACzC&source=visualPreviewInitialLoad:0
[ 3408651ms] [WARNING] The resource https://cdn.shopify.com/s/files/1/0680/6572/2620/t/7/assets/app.css?v=41711045368030204751742336208 was preloaded using link preload but not used within a few seconds from the window's load event. Please make sure it has an appropriate `as` value and it is preloaded intentionally. @ https://30e7d3.myshopify.com/?oseid=UZF4eKB32pfDdLBw1Ap2ACzC&source=visualPreviewInitialLoad:0
[ 3588687ms] [WARNING] The resource https://cdn.shopify.com/s/files/1/0680/6572/2620/t/7/assets/app.css?v=41711045368030204751742336208 was preloaded using link preload but not used within a few seconds from the window's load event. Please make sure it has an appropriate `as` value and it is preloaded intentionally. @ https://30e7d3.myshopify.com/?oseid=UZF4eKB32pfDdLBw1Ap2ACzC&source=visualPreviewInitialLoad:0
[ 3588687ms] [WARNING] The resource https://cdn.shopify.com/s/files/1/0680/6572/2620/t/7/assets/app.css?v=41711045368030204751742336208 was preloaded using link preload but not used within a few seconds from the window's load event. Please make sure it has an appropriate `as` value and it is preloaded intentionally. @ https://30e7d3.myshopify.com/?oseid=UZF4eKB32pfDdLBw1Ap2ACzC&source=visualPreviewInitialLoad:0
[ 3588687ms] [WARNING] The resource https://cdn.shopify.com/s/files/1/0680/6572/2620/t/7/assets/app.css?v=41711045368030204751742336208 was preloaded using link preload but not used within a few seconds from the window's load event. Please make sure it has an appropriate `as` value and it is preloaded intentionally. @ https://30e7d3.myshopify.com/?oseid=UZF4eKB32pfDdLBw1Ap2ACzC:0
[ 3630034ms] [WARNING] The resource https://cdn.shopify.com/s/files/1/0680/6572/2620/t/7/assets/app.css?v=41711045368030204751742336208 was preloaded using link preload but not used within a few seconds from the window's load event. Please make sure it has an appropriate `as` value and it is preloaded intentionally. @ https://30e7d3.myshopify.com/?oseid=UZF4eKB32pfDdLBw1Ap2ACzC:0
[ 3768808ms] [WARNING] The resource https://cdn.shopify.com/s/files/1/0680/6572/2620/t/7/assets/app.css?v=41711045368030204751742336208 was preloaded using link preload but not used within a few seconds from the window's load event. Please make sure it has an appropriate `as` value and it is preloaded intentionally. @ https://30e7d3.myshopify.com/?oseid=UZF4eKB32pfDdLBw1Ap2ACzC&source=visualPreviewInitialLoad:0
[ 3768809ms] [WARNING] The resource https://cdn.shopify.com/s/files/1/0680/6572/2620/t/7/assets/app.css?v=41711045368030204751742336208 was preloaded using link preload but not used within a few seconds from the window's load event. Please make sure it has an appropriate `as` value and it is preloaded intentionally. @ https://30e7d3.myshopify.com/?oseid=UZF4eKB32pfDdLBw1Ap2ACzC:0
[ 3768823ms] [WARNING] The resource https://cdn.shopify.com/s/files/1/0680/6572/2620/t/7/assets/app.css?v=41711045368030204751742336208 was preloaded using link preload but not used within a few seconds from the window's load event. Please make sure it has an appropriate `as` value and it is preloaded intentionally. @ https://30e7d3.myshopify.com/?oseid=UZF4eKB32pfDdLBw1Ap2ACzC&source=visualPreviewInitialLoad:0
[ 3929985ms] [WARNING] The resource https://cdn.shopify.com/s/files/1/0680/6572/2620/t/7/assets/app.css?v=41711045368030204751742336208 was preloaded using link preload but not used within a few seconds from the window's load event. Please make sure it has an appropriate `as` value and it is preloaded intentionally. @ https://30e7d3.myshopify.com/?oseid=UZF4eKB32pfDdLBw1Ap2ACzC:0
[ 3948625ms] [WARNING] The resource https://cdn.shopify.com/s/files/1/0680/6572/2620/t/7/assets/app.css?v=41711045368030204751742336208 was preloaded using link preload but not used within a few seconds from the window's load event. Please make sure it has an appropriate `as` value and it is preloaded intentionally. @ https://30e7d3.myshopify.com/?oseid=UZF4eKB32pfDdLBw1Ap2ACzC:0
[ 3948643ms] [WARNING] The resource https://cdn.shopify.com/s/files/1/0680/6572/2620/t/7/assets/app.css?v=41711045368030204751742336208 was preloaded using link preload but not used within a few seconds from the window's load event. Please make sure it has an appropriate `as` value and it is preloaded intentionally. @ https://30e7d3.myshopify.com/?oseid=UZF4eKB32pfDdLBw1Ap2ACzC&source=visualPreviewInitialLoad:0
[ 3948643ms] [WARNING] The resource https://cdn.shopify.com/s/files/1/0680/6572/2620/t/7/assets/app.css?v=41711045368030204751742336208 was preloaded using link preload but not used within a few seconds from the window's load event. Please make sure it has an appropriate `as` value and it is preloaded intentionally. @ https://30e7d3.myshopify.com/?oseid=UZF4eKB32pfDdLBw1Ap2ACzC&source=visualPreviewInitialLoad:0
[ 3996506ms] [WARNING] The resource https://cdn.shopify.com/s/files/1/0680/6572/2620/t/7/assets/app.css?v=41711045368030204751742336208 was preloaded using link preload but not used within a few seconds from the window's load event. Please make sure it has an appropriate `as` value and it is preloaded intentionally. @ https://30e7d3.myshopify.com/?oseid=UZF4eKB32pfDdLBw1Ap2ACzC:0
[ 3996751ms] [WARNING] The resource https://cdn.shopify.com/s/files/1/0680/6572/2620/t/7/assets/app.css?v=41711045368030204751742336208 was preloaded using link preload but not used within a few seconds from the window's load event. Please make sure it has an appropriate `as` value and it is preloaded intentionally. @ https://30e7d3.myshopify.com/?oseid=UZF4eKB32pfDdLBw1Ap2ACzC&source=visualPreviewInitialLoad:0
[ 4001055ms] [WARNING] The resource https://cdn.shopify.com/s/files/1/0680/6572/2620/t/7/assets/app.css?v=41711045368030204751742336208 was preloaded using link preload but not used within a few seconds from the window's load event. Please make sure it has an appropriate `as` value and it is preloaded intentionally. @ https://30e7d3.myshopify.com/?oseid=UZF4eKB32pfDdLBw1Ap2ACzC&source=visualPreviewInitialLoad:0
[ 4129105ms] [WARNING] The resource https://cdn.shopify.com/s/files/1/0680/6572/2620/t/7/assets/app.css?v=41711045368030204751742336208 was preloaded using link preload but not used within a few seconds from the window's load event. Please make sure it has an appropriate `as` value and it is preloaded intentionally. @ https://30e7d3.myshopify.com/?oseid=UZF4eKB32pfDdLBw1Ap2ACzC:0
[ 4129105ms] [WARNING] The resource https://cdn.shopify.com/s/files/1/0680/6572/2620/t/7/assets/app.css?v=41711045368030204751742336208 was preloaded using link preload but not used within a few seconds from the window's load event. Please make sure it has an appropriate `as` value and it is preloaded intentionally. @ https://30e7d3.myshopify.com/?oseid=UZF4eKB32pfDdLBw1Ap2ACzC&source=visualPreviewInitialLoad:0
[ 4129320ms] [WARNING] The resource https://cdn.shopify.com/s/files/1/0680/6572/2620/t/7/assets/app.css?v=41711045368030204751742336208 was preloaded using link preload but not used within a few seconds from the window's load event. Please make sure it has an appropriate `as` value and it is preloaded intentionally. @ https://30e7d3.myshopify.com/?oseid=UZF4eKB32pfDdLBw1Ap2ACzC&source=visualPreviewInitialLoad:0
[ 4230120ms] [WARNING] The resource https://cdn.shopify.com/s/files/1/0680/6572/2620/t/7/assets/app.css?v=41711045368030204751742336208 was preloaded using link preload but not used within a few seconds from the window's load event. Please make sure it has an appropriate `as` value and it is preloaded intentionally. @ https://30e7d3.myshopify.com/?oseid=UZF4eKB32pfDdLBw1Ap2ACzC:0
[ 4308660ms] [WARNING] The resource https://cdn.shopify.com/s/files/1/0680/6572/2620/t/7/assets/app.css?v=41711045368030204751742336208 was preloaded using link preload but not used within a few seconds from the window's load event. Please make sure it has an appropriate `as` value and it is preloaded intentionally. @ https://30e7d3.myshopify.com/?oseid=UZF4eKB32pfDdLBw1Ap2ACzC&source=visualPreviewInitialLoad:0
[ 4308667ms] [WARNING] The resource https://cdn.shopify.com/s/files/1/0680/6572/2620/t/7/assets/app.css?v=41711045368030204751742336208 was preloaded using link preload but not used within a few seconds from the window's load event. Please make sure it has an appropriate `as` value and it is preloaded intentionally. @ https://30e7d3.myshopify.com/?oseid=UZF4eKB32pfDdLBw1Ap2ACzC&source=visualPreviewInitialLoad:0
[ 4308678ms] [WARNING] The resource https://cdn.shopify.com/s/files/1/0680/6572/2620/t/7/assets/app.css?v=41711045368030204751742336208 was preloaded using link preload but not used within a few seconds from the window's load event. Please make sure it has an appropriate `as` value and it is preloaded intentionally. @ https://30e7d3.myshopify.com/?oseid=UZF4eKB32pfDdLBw1Ap2ACzC:0
[ 4488868ms] [WARNING] The resource https://cdn.shopify.com/s/files/1/0680/6572/2620/t/7/assets/app.css?v=41711045368030204751742336208 was preloaded using link preload but not used within a few seconds from the window's load event. Please make sure it has an appropriate `as` value and it is preloaded intentionally. @ https://30e7d3.myshopify.com/?oseid=UZF4eKB32pfDdLBw1Ap2ACzC&source=visualPreviewInitialLoad:0
[ 4488871ms] [WARNING] The resource https://cdn.shopify.com/s/files/1/0680/6572/2620/t/7/assets/app.css?v=41711045368030204751742336208 was preloaded using link preload but not used within a few seconds from the window's load event. Please make sure it has an appropriate `as` value and it is preloaded intentionally. @ https://30e7d3.myshopify.com/?oseid=UZF4eKB32pfDdLBw1Ap2ACzC:0
[ 4488964ms] [WARNING] The resource https://cdn.shopify.com/s/files/1/0680/6572/2620/t/7/assets/app.css?v=41711045368030204751742336208 was preloaded using link preload but not used within a few seconds from the window's load event. Please make sure it has an appropriate `as` value and it is preloaded intentionally. @ https://30e7d3.myshopify.com/?oseid=UZF4eKB32pfDdLBw1Ap2ACzC&source=visualPreviewInitialLoad:0
[ 4530191ms] [WARNING] The resource https://cdn.shopify.com/s/files/1/0680/6572/2620/t/7/assets/app.css?v=41711045368030204751742336208 was preloaded using link preload but not used within a few seconds from the window's load event. Please make sure it has an appropriate `as` value and it is preloaded intentionally. @ https://30e7d3.myshopify.com/?oseid=UZF4eKB32pfDdLBw1Ap2ACzC:0
[ 4668699ms] [WARNING] The resource https://cdn.shopify.com/s/files/1/0680/6572/2620/t/7/assets/app.css?v=41711045368030204751742336208 was preloaded using link preload but not used within a few seconds from the window's load event. Please make sure it has an appropriate `as` value and it is preloaded intentionally. @ https://30e7d3.myshopify.com/?oseid=UZF4eKB32pfDdLBw1Ap2ACzC&source=visualPreviewInitialLoad:0
[ 4668699ms] [WARNING] The resource https://cdn.shopify.com/s/files/1/0680/6572/2620/t/7/assets/app.css?v=41711045368030204751742336208 was preloaded using link preload but not used within a few seconds from the window's load event. Please make sure it has an appropriate `as` value and it is preloaded intentionally. @ https://30e7d3.myshopify.com/?oseid=UZF4eKB32pfDdLBw1Ap2ACzC:0
[ 4668699ms] [WARNING] The resource https://cdn.shopify.com/s/files/1/0680/6572/2620/t/7/assets/app.css?v=41711045368030204751742336208 was preloaded using link preload but not used within a few seconds from the window's load event. Please make sure it has an appropriate `as` value and it is preloaded intentionally. @ https://30e7d3.myshopify.com/?oseid=UZF4eKB32pfDdLBw1Ap2ACzC&source=visualPreviewInitialLoad:0
[ 4830020ms] [WARNING] The resource https://cdn.shopify.com/s/files/1/0680/6572/2620/t/7/assets/app.css?v=41711045368030204751742336208 was preloaded using link preload but not used within a few seconds from the window's load event. Please make sure it has an appropriate `as` value and it is preloaded intentionally. @ https://30e7d3.myshopify.com/?oseid=UZF4eKB32pfDdLBw1Ap2ACzC:0
[ 4848737ms] [WARNING] The resource https://cdn.shopify.com/s/files/1/0680/6572/2620/t/7/assets/app.css?v=41711045368030204751742336208 was preloaded using link preload but not used within a few seconds from the window's load event. Please make sure it has an appropriate `as` value and it is preloaded intentionally. @ https://30e7d3.myshopify.com/?oseid=UZF4eKB32pfDdLBw1Ap2ACzC:0
[ 4848737ms] [WARNING] The resource https://cdn.shopify.com/s/files/1/0680/6572/2620/t/7/assets/app.css?v=41711045368030204751742336208 was preloaded using link preload but not used within a few seconds from the window's load event. Please make sure it has an appropriate `as` value and it is preloaded intentionally. @ https://30e7d3.myshopify.com/?oseid=UZF4eKB32pfDdLBw1Ap2ACzC&source=visualPreviewInitialLoad:0
[ 4848737ms] [WARNING] The resource https://cdn.shopify.com/s/files/1/0680/6572/2620/t/7/assets/app.css?v=41711045368030204751742336208 was preloaded using link preload but not used within a few seconds from the window's load event. Please make sure it has an appropriate `as` value and it is preloaded intentionally. @ https://30e7d3.myshopify.com/?oseid=UZF4eKB32pfDdLBw1Ap2ACzC&source=visualPreviewInitialLoad:0
[ 5028918ms] [WARNING] The resource https://cdn.shopify.com/s/files/1/0680/6572/2620/t/7/assets/app.css?v=41711045368030204751742336208 was preloaded using link preload but not used within a few seconds from the window's load event. Please make sure it has an appropriate `as` value and it is preloaded intentionally. @ https://30e7d3.myshopify.com/?oseid=UZF4eKB32pfDdLBw1Ap2ACzC&source=visualPreviewInitialLoad:0
[ 5028919ms] [WARNING] The resource https://cdn.shopify.com/s/files/1/0680/6572/2620/t/7/assets/app.css?v=41711045368030204751742336208 was preloaded using link preload but not used within a few seconds from the window's load event. Please make sure it has an appropriate `as` value and it is preloaded intentionally. @ https://30e7d3.myshopify.com/?oseid=UZF4eKB32pfDdLBw1Ap2ACzC&source=visualPreviewInitialLoad:0
[ 5028919ms] [WARNING] The resource https://cdn.shopify.com/s/files/1/0680/6572/2620/t/7/assets/app.css?v=41711045368030204751742336208 was preloaded using link preload but not used within a few seconds from the window's load event. Please make sure it has an appropriate `as` value and it is preloaded intentionally. @ https://30e7d3.myshopify.com/?oseid=UZF4eKB32pfDdLBw1Ap2ACzC:0
[ 5130015ms] [WARNING] The resource https://cdn.shopify.com/s/files/1/0680/6572/2620/t/7/assets/app.css?v=41711045368030204751742336208 was preloaded using link preload but not used within a few seconds from the window's load event. Please make sure it has an appropriate `as` value and it is preloaded intentionally. @ https://30e7d3.myshopify.com/?oseid=UZF4eKB32pfDdLBw1Ap2ACzC:0
[ 5208649ms] [WARNING] The resource https://cdn.shopify.com/s/files/1/0680/6572/2620/t/7/assets/app.css?v=41711045368030204751742336208 was preloaded using link preload but not used within a few seconds from the window's load event. Please make sure it has an appropriate `as` value and it is preloaded intentionally. @ https://30e7d3.myshopify.com/?oseid=UZF4eKB32pfDdLBw1Ap2ACzC:0
[ 5208651ms] [WARNING] The resource https://cdn.shopify.com/s/files/1/0680/6572/2620/t/7/assets/app.css?v=41711045368030204751742336208 was preloaded using link preload but not used within a few seconds from the window's load event. Please make sure it has an appropriate `as` value and it is preloaded intentionally. @ https://30e7d3.myshopify.com/?oseid=UZF4eKB32pfDdLBw1Ap2ACzC&source=visualPreviewInitialLoad:0
[ 5208656ms] [WARNING] The resource https://cdn.shopify.com/s/files/1/0680/6572/2620/t/7/assets/app.css?v=41711045368030204751742336208 was preloaded using link preload but not used within a few seconds from the window's load event. Please make sure it has an appropriate `as` value and it is preloaded intentionally. @ https://30e7d3.myshopify.com/?oseid=UZF4eKB32pfDdLBw1Ap2ACzC&source=visualPreviewInitialLoad:0
[ 5388961ms] [WARNING] The resource https://cdn.shopify.com/s/files/1/0680/6572/2620/t/7/assets/app.css?v=41711045368030204751742336208 was preloaded using link preload but not used within a few seconds from the window's load event. Please make sure it has an appropriate `as` value and it is preloaded intentionally. @ https://30e7d3.myshopify.com/?oseid=UZF4eKB32pfDdLBw1Ap2ACzC:0
[ 5388962ms] [WARNING] The resource https://cdn.shopify.com/s/files/1/0680/6572/2620/t/7/assets/app.css?v=41711045368030204751742336208 was preloaded using link preload but not used within a few seconds from the window's load event. Please make sure it has an appropriate `as` value and it is preloaded intentionally. @ https://30e7d3.myshopify.com/?oseid=UZF4eKB32pfDdLBw1Ap2ACzC&source=visualPreviewInitialLoad:0
[ 5388962ms] [WARNING] The resource https://cdn.shopify.com/s/files/1/0680/6572/2620/t/7/assets/app.css?v=41711045368030204751742336208 was preloaded using link preload but not used within a few seconds from the window's load event. Please make sure it has an appropriate `as` value and it is preloaded intentionally. @ https://30e7d3.myshopify.com/?oseid=UZF4eKB32pfDdLBw1Ap2ACzC&source=visualPreviewInitialLoad:0
[ 5417523ms] [WARNING] The resource https://cdn.shopify.com/s/files/1/0680/6572/2620/t/7/assets/app.css?v=41711045368030204751742336208 was preloaded using link preload but not used within a few seconds from the window's load event. Please make sure it has an appropriate `as` value and it is preloaded intentionally. @ https://30e7d3.myshopify.com/?oseid=UZF4eKB32pfDdLBw1Ap2ACzC:0
[ 5425369ms] [WARNING] The resource https://cdn.shopify.com/s/files/1/0680/6572/2620/t/7/assets/app.css?v=41711045368030204751742336208 was preloaded using link preload but not used within a few seconds from the window's load event. Please make sure it has an appropriate `as` value and it is preloaded intentionally. @ https://30e7d3.myshopify.com/?oseid=UZF4eKB32pfDdLBw1Ap2ACzC:0
[ 5430155ms] [WARNING] The resource https://cdn.shopify.com/s/files/1/0680/6572/2620/t/7/assets/app.css?v=41711045368030204751742336208 was preloaded using link preload but not used within a few seconds from the window's load event. Please make sure it has an appropriate `as` value and it is preloaded intentionally. @ https://30e7d3.myshopify.com/?oseid=UZF4eKB32pfDdLBw1Ap2ACzC:0
[ 5438798ms] [WARNING] The resource https://cdn.shopify.com/s/files/1/0680/6572/2620/t/7/assets/app.css?v=41711045368030204751742336208 was preloaded using link preload but not used within a few seconds from the window's load event. Please make sure it has an appropriate `as` value and it is preloaded intentionally. @ https://30e7d3.myshopify.com/?oseid=UZF4eKB32pfDdLBw1Ap2ACzC:0
[ 5457122ms] [WARNING] The resource https://cdn.shopify.com/s/files/1/0680/6572/2620/t/7/assets/app.css?v=41711045368030204751742336208 was preloaded using link preload but not used within a few seconds from the window's load event. Please make sure it has an appropriate `as` value and it is preloaded intentionally. @ https://30e7d3.myshopify.com/?oseid=UZF4eKB32pfDdLBw1Ap2ACzC:0
[ 5471055ms] [WARNING] The resource https://cdn.shopify.com/s/files/1/0680/6572/2620/t/7/assets/app.css?v=41711045368030204751742336208 was preloaded using link preload but not used within a few seconds from the window's load event. Please make sure it has an appropriate `as` value and it is preloaded intentionally. @ https://30e7d3.myshopify.com/?oseid=UZF4eKB32pfDdLBw1Ap2ACzC:0
[ 5568860ms] [WARNING] The resource https://cdn.shopify.com/s/files/1/0680/6572/2620/t/7/assets/app.css?v=41711045368030204751742336208 was preloaded using link preload but not used within a few seconds from the window's load event. Please make sure it has an appropriate `as` value and it is preloaded intentionally. @ https://30e7d3.myshopify.com/?oseid=UZF4eKB32pfDdLBw1Ap2ACzC&source=visualPreviewInitialLoad:0
[ 5568861ms] [WARNING] The resource https://cdn.shopify.com/s/files/1/0680/6572/2620/t/7/assets/app.css?v=41711045368030204751742336208 was preloaded using link preload but not used within a few seconds from the window's load event. Please make sure it has an appropriate `as` value and it is preloaded intentionally. @ https://30e7d3.myshopify.com/?oseid=UZF4eKB32pfDdLBw1Ap2ACzC&source=visualPreviewInitialLoad:0
[ 5568865ms] [WARNING] The resource https://cdn.shopify.com/s/files/1/0680/6572/2620/t/7/assets/app.css?v=41711045368030204751742336208 was preloaded using link preload but not used within a few seconds from the window's load event. Please make sure it has an appropriate `as` value and it is preloaded intentionally. @ https://30e7d3.myshopify.com/?oseid=UZF4eKB32pfDdLBw1Ap2ACzC:0
[ 5579867ms] [WARNING] The resource https://cdn.shopify.com/s/files/1/0680/6572/2620/t/7/assets/app.css?v=41711045368030204751742336208 was preloaded using link preload but not used within a few seconds from the window's load event. Please make sure it has an appropriate `as` value and it is preloaded intentionally. @ https://30e7d3.myshopify.com/?oseid=UZF4eKB32pfDdLBw1Ap2ACzC:0
[ 5730178ms] [WARNING] The resource https://cdn.shopify.com/s/files/1/0680/6572/2620/t/7/assets/app.css?v=41711045368030204751742336208 was preloaded using link preload but not used within a few seconds from the window's load event. Please make sure it has an appropriate `as` value and it is preloaded intentionally. @ https://30e7d3.myshopify.com/?oseid=UZF4eKB32pfDdLBw1Ap2ACzC:0
[ 5749042ms] [WARNING] The resource https://cdn.shopify.com/s/files/1/0680/6572/2620/t/7/assets/app.css?v=41711045368030204751742336208 was preloaded using link preload but not used within a few seconds from the window's load event. Please make sure it has an appropriate `as` value and it is preloaded intentionally. @ https://30e7d3.myshopify.com/?oseid=UZF4eKB32pfDdLBw1Ap2ACzC&source=visualPreviewInitialLoad:0
[ 5749221ms] [WARNING] The resource https://cdn.shopify.com/s/files/1/0680/6572/2620/t/7/assets/app.css?v=41711045368030204751742336208 was preloaded using link preload but not used within a few seconds from the window's load event. Please make sure it has an appropriate `as` value and it is preloaded intentionally. @ https://30e7d3.myshopify.com/?oseid=UZF4eKB32pfDdLBw1Ap2ACzC&source=visualPreviewInitialLoad:0
[ 5749221ms] [WARNING] The resource https://cdn.shopify.com/s/files/1/0680/6572/2620/t/7/assets/app.css?v=41711045368030204751742336208 was preloaded using link preload but not used within a few seconds from the window's load event. Please make sure it has an appropriate `as` value and it is preloaded intentionally. @ https://30e7d3.myshopify.com/?oseid=UZF4eKB32pfDdLBw1Ap2ACzC:0
[ 5801050ms] [WARNING] The resource https://cdn.shopify.com/s/files/1/0680/6572/2620/t/7/assets/app.css?v=41711045368030204751742336208 was preloaded using link preload but not used within a few seconds from the window's load event. Please make sure it has an appropriate `as` value and it is preloaded intentionally. @ https://30e7d3.myshopify.com/?oseid=UZF4eKB32pfDdLBw1Ap2ACzC&source=visualPreviewInitialLoad:0
[ 5801213ms] [WARNING] The resource https://cdn.shopify.com/s/files/1/0680/6572/2620/t/7/assets/app.css?v=41711045368030204751742336208 was preloaded using link preload but not used within a few seconds from the window's load event. Please make sure it has an appropriate `as` value and it is preloaded intentionally. @ https://30e7d3.myshopify.com/?oseid=UZF4eKB32pfDdLBw1Ap2ACzC&source=visualPreviewInitialLoad:0
[ 5801213ms] [WARNING] The resource https://cdn.shopify.com/s/files/1/0680/6572/2620/t/7/assets/app.css?v=41711045368030204751742336208 was preloaded using link preload but not used within a few seconds from the window's load event. Please make sure it has an appropriate `as` value and it is preloaded intentionally. @ https://30e7d3.myshopify.com/?oseid=UZF4eKB32pfDdLBw1Ap2ACzC:0
[ 5817151ms] [WARNING] The resource https://cdn.shopify.com/s/files/1/0680/6572/2620/t/7/assets/app.css?v=41711045368030204751742336208 was preloaded using link preload but not used within a few seconds from the window's load event. Please make sure it has an appropriate `as` value and it is preloaded intentionally. @ https://30e7d3.myshopify.com/?oseid=UZF4eKB32pfDdLBw1Ap2ACzC:0
[ 5928761ms] [WARNING] The resource https://cdn.shopify.com/s/files/1/0680/6572/2620/t/7/assets/app.css?v=41711045368030204751742336208 was preloaded using link preload but not used within a few seconds from the window's load event. Please make sure it has an appropriate `as` value and it is preloaded intentionally. @ https://30e7d3.myshopify.com/?oseid=UZF4eKB32pfDdLBw1Ap2ACzC&source=visualPreviewInitialLoad:0
[ 5928761ms] [WARNING] The resource https://cdn.shopify.com/s/files/1/0680/6572/2620/t/7/assets/app.css?v=41711045368030204751742336208 was preloaded using link preload but not used within a few seconds from the window's load event. Please make sure it has an appropriate `as` value and it is preloaded intentionally. @ https://30e7d3.myshopify.com/?oseid=UZF4eKB32pfDdLBw1Ap2ACzC:0
[ 5928761ms] [WARNING] The resource https://cdn.shopify.com/s/files/1/0680/6572/2620/t/7/assets/app.css?v=41711045368030204751742336208 was preloaded using link preload but not used within a few seconds from the window's load event. Please make sure it has an appropriate `as` value and it is preloaded intentionally. @ https://30e7d3.myshopify.com/?oseid=UZF4eKB32pfDdLBw1Ap2ACzC&source=visualPreviewInitialLoad:0
[ 6030148ms] [WARNING] The resource https://cdn.shopify.com/s/files/1/0680/6572/2620/t/7/assets/app.css?v=41711045368030204751742336208 was preloaded using link preload but not used within a few seconds from the window's load event. Please make sure it has an appropriate `as` value and it is preloaded intentionally. @ https://30e7d3.myshopify.com/?oseid=UZF4eKB32pfDdLBw1Ap2ACzC:0
[ 6109202ms] [WARNING] The resource https://cdn.shopify.com/s/files/1/0680/6572/2620/t/7/assets/app.css?v=41711045368030204751742336208 was preloaded using link preload but not used within a few seconds from the window's load event. Please make sure it has an appropriate `as` value and it is preloaded intentionally. @ https://30e7d3.myshopify.com/?oseid=UZF4eKB32pfDdLBw1Ap2ACzC&source=visualPreviewInitialLoad:0
[ 6109202ms] [WARNING] The resource https://cdn.shopify.com/s/files/1/0680/6572/2620/t/7/assets/app.css?v=41711045368030204751742336208 was preloaded using link preload but not used within a few seconds from the window's load event. Please make sure it has an appropriate `as` value and it is preloaded intentionally. @ https://30e7d3.myshopify.com/?oseid=UZF4eKB32pfDdLBw1Ap2ACzC:0
[ 6109207ms] [WARNING] The resource https://cdn.shopify.com/s/files/1/0680/6572/2620/t/7/assets/app.css?v=41711045368030204751742336208 was preloaded using link preload but not used within a few seconds from the window's load event. Please make sure it has an appropriate `as` value and it is preloaded intentionally. @ https://30e7d3.myshopify.com/?oseid=UZF4eKB32pfDdLBw1Ap2ACzC&source=visualPreviewInitialLoad:0
[ 6289121ms] [WARNING] The resource https://cdn.shopify.com/s/files/1/0680/6572/2620/t/7/assets/app.css?v=41711045368030204751742336208 was preloaded using link preload but not used within a few seconds from the window's load event. Please make sure it has an appropriate `as` value and it is preloaded intentionally. @ https://30e7d3.myshopify.com/?oseid=UZF4eKB32pfDdLBw1Ap2ACzC&source=visualPreviewInitialLoad:0
[ 6289121ms] [WARNING] The resource https://cdn.shopify.com/s/files/1/0680/6572/2620/t/7/assets/app.css?v=41711045368030204751742336208 was preloaded using link preload but not used within a few seconds from the window's load event. Please make sure it has an appropriate `as` value and it is preloaded intentionally. @ https://30e7d3.myshopify.com/?oseid=UZF4eKB32pfDdLBw1Ap2ACzC&source=visualPreviewInitialLoad:0
[ 6289122ms] [WARNING] The resource https://cdn.shopify.com/s/files/1/0680/6572/2620/t/7/assets/app.css?v=41711045368030204751742336208 was preloaded using link preload but not used within a few seconds from the window's load event. Please make sure it has an appropriate `as` value and it is preloaded intentionally. @ https://30e7d3.myshopify.com/?oseid=UZF4eKB32pfDdLBw1Ap2ACzC:0
[ 6330017ms] [WARNING] The resource https://cdn.shopify.com/s/files/1/0680/6572/2620/t/7/assets/app.css?v=41711045368030204751742336208 was preloaded using link preload but not used within a few seconds from the window's load event. Please make sure it has an appropriate `as` value and it is preloaded intentionally. @ https://30e7d3.myshopify.com/?oseid=UZF4eKB32pfDdLBw1Ap2ACzC:0
[ 6413534ms] [WARNING] The resource https://cdn.shopify.com/s/files/1/0680/6572/2620/t/7/assets/app.css?v=41711045368030204751742336208 was preloaded using link preload but not used within a few seconds from the window's load event. Please make sure it has an appropriate `as` value and it is preloaded intentionally. @ https://30e7d3.myshopify.com/?oseid=UZF4eKB32pfDdLBw1Ap2ACzC&source=visualPreviewInitialLoad:0
[ 6413535ms] [WARNING] The resource https://cdn.shopify.com/s/files/1/0680/6572/2620/t/7/assets/app.css?v=41711045368030204751742336208 was preloaded using link preload but not used within a few seconds from the window's load event. Please make sure it has an appropriate `as` value and it is preloaded intentionally. @ https://30e7d3.myshopify.com/?oseid=UZF4eKB32pfDdLBw1Ap2ACzC&source=visualPreviewInitialLoad:0
[ 6413827ms] [WARNING] The resource https://cdn.shopify.com/s/files/1/0680/6572/2620/t/7/assets/app.css?v=41711045368030204751742336208 was preloaded using link preload but not used within a few seconds from the window's load event. Please make sure it has an appropriate `as` value and it is preloaded intentionally. @ https://30e7d3.myshopify.com/?oseid=UZF4eKB32pfDdLBw1Ap2ACzC:0
[ 6417651ms] [WARNING] The resource https://cdn.shopify.com/s/files/1/0680/6572/2620/t/7/assets/app.css?v=41711045368030204751742336208 was preloaded using link preload but not used within a few seconds from the window's load event. Please make sure it has an appropriate `as` value and it is preloaded intentionally. @ https://30e7d3.myshopify.com/?oseid=UZF4eKB32pfDdLBw1Ap2ACzC:0
[ 6417651ms] [WARNING] The resource https://cdn.shopify.com/s/files/1/0680/6572/2620/t/7/assets/app.css?v=41711045368030204751742336208 was preloaded using link preload but not used within a few seconds from the window's load event. Please make sure it has an appropriate `as` value and it is preloaded intentionally. @ https://30e7d3.myshopify.com/?oseid=UZF4eKB32pfDdLBw1Ap2ACzC&source=visualPreviewInitialLoad:0
[ 6417667ms] [WARNING] The resource https://cdn.shopify.com/s/files/1/0680/6572/2620/t/7/assets/app.css?v=41711045368030204751742336208 was preloaded using link preload but not used within a few seconds from the window's load event. Please make sure it has an appropriate `as` value and it is preloaded intentionally. @ https://30e7d3.myshopify.com/?oseid=UZF4eKB32pfDdLBw1Ap2ACzC&source=visualPreviewInitialLoad:0
[ 6597136ms] [WARNING] The resource https://cdn.shopify.com/s/files/1/0680/6572/2620/t/7/assets/app.css?v=41711045368030204751742336208 was preloaded using link preload but not used within a few seconds from the window's load event. Please make sure it has an appropriate `as` value and it is preloaded intentionally. @ https://30e7d3.myshopify.com/?oseid=UZF4eKB32pfDdLBw1Ap2ACzC&source=visualPreviewInitialLoad:0
[ 6597177ms] [WARNING] The resource https://cdn.shopify.com/s/files/1/0680/6572/2620/t/7/assets/app.css?v=41711045368030204751742336208 was preloaded using link preload but not used within a few seconds from the window's load event. Please make sure it has an appropriate `as` value and it is preloaded intentionally. @ https://30e7d3.myshopify.com/?oseid=UZF4eKB32pfDdLBw1Ap2ACzC&source=visualPreviewInitialLoad:0
[ 6597208ms] [WARNING] The resource https://cdn.shopify.com/s/files/1/0680/6572/2620/t/7/assets/app.css?v=41711045368030204751742336208 was preloaded using link preload but not used within a few seconds from the window's load event. Please make sure it has an appropriate `as` value and it is preloaded intentionally. @ https://30e7d3.myshopify.com/?oseid=UZF4eKB32pfDdLBw1Ap2ACzC:0
[ 6630076ms] [WARNING] The resource https://cdn.shopify.com/s/files/1/0680/6572/2620/t/7/assets/app.css?v=41711045368030204751742336208 was preloaded using link preload but not used within a few seconds from the window's load event. Please make sure it has an appropriate `as` value and it is preloaded intentionally. @ https://30e7d3.myshopify.com/?oseid=UZF4eKB32pfDdLBw1Ap2ACzC:0
[ 6777629ms] [WARNING] The resource https://cdn.shopify.com/s/files/1/0680/6572/2620/t/7/assets/app.css?v=41711045368030204751742336208 was preloaded using link preload but not used within a few seconds from the window's load event. Please make sure it has an appropriate `as` value and it is preloaded intentionally. @ https://30e7d3.myshopify.com/?oseid=UZF4eKB32pfDdLBw1Ap2ACzC&source=visualPreviewInitialLoad:0
[ 6777714ms] [WARNING] The resource https://cdn.shopify.com/s/files/1/0680/6572/2620/t/7/assets/app.css?v=41711045368030204751742336208 was preloaded using link preload but not used within a few seconds from the window's load event. Please make sure it has an appropriate `as` value and it is preloaded intentionally. @ https://30e7d3.myshopify.com/?oseid=UZF4eKB32pfDdLBw1Ap2ACzC:0
[ 6777714ms] [WARNING] The resource https://cdn.shopify.com/s/files/1/0680/6572/2620/t/7/assets/app.css?v=41711045368030204751742336208 was preloaded using link preload but not used within a few seconds from the window's load event. Please make sure it has an appropriate `as` value and it is preloaded intentionally. @ https://30e7d3.myshopify.com/?oseid=UZF4eKB32pfDdLBw1Ap2ACzC&source=visualPreviewInitialLoad:0
[ 6930060ms] [WARNING] The resource https://cdn.shopify.com/s/files/1/0680/6572/2620/t/7/assets/app.css?v=41711045368030204751742336208 was preloaded using link preload but not used within a few seconds from the window's load event. Please make sure it has an appropriate `as` value and it is preloaded intentionally. @ https://30e7d3.myshopify.com/?oseid=UZF4eKB32pfDdLBw1Ap2ACzC:0
[ 6957132ms] [WARNING] The resource https://cdn.shopify.com/s/files/1/0680/6572/2620/t/7/assets/app.css?v=41711045368030204751742336208 was preloaded using link preload but not used within a few seconds from the window's load event. Please make sure it has an appropriate `as` value and it is preloaded intentionally. @ https://30e7d3.myshopify.com/?oseid=UZF4eKB32pfDdLBw1Ap2ACzC&source=visualPreviewInitialLoad:0
[ 6957132ms] [WARNING] The resource https://cdn.shopify.com/s/files/1/0680/6572/2620/t/7/assets/app.css?v=41711045368030204751742336208 was preloaded using link preload but not used within a few seconds from the window's load event. Please make sure it has an appropriate `as` value and it is preloaded intentionally. @ https://30e7d3.myshopify.com/?oseid=UZF4eKB32pfDdLBw1Ap2ACzC&source=visualPreviewInitialLoad:0
[ 6957239ms] [WARNING] The resource https://cdn.shopify.com/s/files/1/0680/6572/2620/t/7/assets/app.css?v=41711045368030204751742336208 was preloaded using link preload but not used within a few seconds from the window's load event. Please make sure it has an appropriate `as` value and it is preloaded intentionally. @ https://30e7d3.myshopify.com/?oseid=UZF4eKB32pfDdLBw1Ap2ACzC:0
[ 7137204ms] [WARNING] The resource https://cdn.shopify.com/s/files/1/0680/6572/2620/t/7/assets/app.css?v=41711045368030204751742336208 was preloaded using link preload but not used within a few seconds from the window's load event. Please make sure it has an appropriate `as` value and it is preloaded intentionally. @ https://30e7d3.myshopify.com/?oseid=UZF4eKB32pfDdLBw1Ap2ACzC&source=visualPreviewInitialLoad:0
[ 7137652ms] [WARNING] The resource https://cdn.shopify.com/s/files/1/0680/6572/2620/t/7/assets/app.css?v=41711045368030204751742336208 was preloaded using link preload but not used within a few seconds from the window's load event. Please make sure it has an appropriate `as` value and it is preloaded intentionally. @ https://30e7d3.myshopify.com/?oseid=UZF4eKB32pfDdLBw1Ap2ACzC&source=visualPreviewInitialLoad:0
[ 7137664ms] [WARNING] The resource https://cdn.shopify.com/s/files/1/0680/6572/2620/t/7/assets/app.css?v=41711045368030204751742336208 was preloaded using link preload but not used within a few seconds from the window's load event. Please make sure it has an appropriate `as` value and it is preloaded intentionally. @ https://30e7d3.myshopify.com/?oseid=UZF4eKB32pfDdLBw1Ap2ACzC:0
[ 7230060ms] [WARNING] The resource https://cdn.shopify.com/s/files/1/0680/6572/2620/t/7/assets/app.css?v=41711045368030204751742336208 was preloaded using link preload but not used within a few seconds from the window's load event. Please make sure it has an appropriate `as` value and it is preloaded intentionally. @ https://30e7d3.myshopify.com/?oseid=UZF4eKB32pfDdLBw1Ap2ACzC:0
[ 7317267ms] [WARNING] The resource https://cdn.shopify.com/s/files/1/0680/6572/2620/t/7/assets/app.css?v=41711045368030204751742336208 was preloaded using link preload but not used within a few seconds from the window's load event. Please make sure it has an appropriate `as` value and it is preloaded intentionally. @ https://30e7d3.myshopify.com/?oseid=UZF4eKB32pfDdLBw1Ap2ACzC&source=visualPreviewInitialLoad:0
[ 7317267ms] [WARNING] The resource https://cdn.shopify.com/s/files/1/0680/6572/2620/t/7/assets/app.css?v=41711045368030204751742336208 was preloaded using link preload but not used within a few seconds from the window's load event. Please make sure it has an appropriate `as` value and it is preloaded intentionally. @ https://30e7d3.myshopify.com/?oseid=UZF4eKB32pfDdLBw1Ap2ACzC&source=visualPreviewInitialLoad:0
[ 7317277ms] [WARNING] The resource https://cdn.shopify.com/s/files/1/0680/6572/2620/t/7/assets/app.css?v=41711045368030204751742336208 was preloaded using link preload but not used within a few seconds from the window's load event. Please make sure it has an appropriate `as` value and it is preloaded intentionally. @ https://30e7d3.myshopify.com/?oseid=UZF4eKB32pfDdLBw1Ap2ACzC:0
[ 7497355ms] [WARNING] The resource https://cdn.shopify.com/s/files/1/0680/6572/2620/t/7/assets/app.css?v=41711045368030204751742336208 was preloaded using link preload but not used within a few seconds from the window's load event. Please make sure it has an appropriate `as` value and it is preloaded intentionally. @ https://30e7d3.myshopify.com/?oseid=UZF4eKB32pfDdLBw1Ap2ACzC&source=visualPreviewInitialLoad:0
[ 7497355ms] [WARNING] The resource https://cdn.shopify.com/s/files/1/0680/6572/2620/t/7/assets/app.css?v=41711045368030204751742336208 was preloaded using link preload but not used within a few seconds from the window's load event. Please make sure it has an appropriate `as` value and it is preloaded intentionally. @ https://30e7d3.myshopify.com/?oseid=UZF4eKB32pfDdLBw1Ap2ACzC&source=visualPreviewInitialLoad:0
[ 7497394ms] [WARNING] The resource https://cdn.shopify.com/s/files/1/0680/6572/2620/t/7/assets/app.css?v=41711045368030204751742336208 was preloaded using link preload but not used within a few seconds from the window's load event. Please make sure it has an appropriate `as` value and it is preloaded intentionally. @ https://30e7d3.myshopify.com/?oseid=UZF4eKB32pfDdLBw1Ap2ACzC:0
[ 7530312ms] [WARNING] The resource https://cdn.shopify.com/s/files/1/0680/6572/2620/t/7/assets/app.css?v=41711045368030204751742336208 was preloaded using link preload but not used within a few seconds from the window's load event. Please make sure it has an appropriate `as` value and it is preloaded intentionally. @ https://30e7d3.myshopify.com/?oseid=UZF4eKB32pfDdLBw1Ap2ACzC:0
[ 7601935ms] [WARNING] The resource https://cdn.shopify.com/s/files/1/0680/6572/2620/t/7/assets/app.css?v=41711045368030204751742336208 was preloaded using link preload but not used within a few seconds from the window's load event. Please make sure it has an appropriate `as` value and it is preloaded intentionally. @ https://30e7d3.myshopify.com/?oseid=UZF4eKB32pfDdLBw1Ap2ACzC&source=visualPreviewInitialLoad:0
[ 7601935ms] [WARNING] The resource https://cdn.shopify.com/s/files/1/0680/6572/2620/t/7/assets/app.css?v=41711045368030204751742336208 was preloaded using link preload but not used within a few seconds from the window's load event. Please make sure it has an appropriate `as` value and it is preloaded intentionally. @ https://30e7d3.myshopify.com/?oseid=UZF4eKB32pfDdLBw1Ap2ACzC&source=visualPreviewInitialLoad:0
[ 7606076ms] [WARNING] The resource https://cdn.shopify.com/s/files/1/0680/6572/2620/t/7/assets/app.css?v=41711045368030204751742336208 was preloaded using link preload but not used within a few seconds from the window's load event. Please make sure it has an appropriate `as` value and it is preloaded intentionally. @ https://30e7d3.myshopify.com/?oseid=UZF4eKB32pfDdLBw1Ap2ACzC:0
[ 7677089ms] [WARNING] The resource https://cdn.shopify.com/s/files/1/0680/6572/2620/t/7/assets/app.css?v=41711045368030204751742336208 was preloaded using link preload but not used within a few seconds from the window's load event. Please make sure it has an appropriate `as` value and it is preloaded intentionally. @ https://30e7d3.myshopify.com/?oseid=UZF4eKB32pfDdLBw1Ap2ACzC&source=visualPreviewInitialLoad:0
[ 7677092ms] [WARNING] The resource https://cdn.shopify.com/s/files/1/0680/6572/2620/t/7/assets/app.css?v=41711045368030204751742336208 was preloaded using link preload but not used within a few seconds from the window's load event. Please make sure it has an appropriate `as` value and it is preloaded intentionally. @ https://30e7d3.myshopify.com/?oseid=UZF4eKB32pfDdLBw1Ap2ACzC&source=visualPreviewInitialLoad:0
[ 7677196ms] [WARNING] The resource https://cdn.shopify.com/s/files/1/0680/6572/2620/t/7/assets/app.css?v=41711045368030204751742336208 was preloaded using link preload but not used within a few seconds from the window's load event. Please make sure it has an appropriate `as` value and it is preloaded intentionally. @ https://30e7d3.myshopify.com/?oseid=UZF4eKB32pfDdLBw1Ap2ACzC:0
[ 7830186ms] [WARNING] The resource https://cdn.shopify.com/s/files/1/0680/6572/2620/t/7/assets/app.css?v=41711045368030204751742336208 was preloaded using link preload but not used within a few seconds from the window's load event. Please make sure it has an appropriate `as` value and it is preloaded intentionally. @ https://30e7d3.myshopify.com/?oseid=UZF4eKB32pfDdLBw1Ap2ACzC:0
[ 7859078ms] [WARNING] The resource https://cdn.shopify.com/s/files/1/0680/6572/2620/t/7/assets/app.css?v=41711045368030204751742336208 was preloaded using link preload but not used within a few seconds from the window's load event. Please make sure it has an appropriate `as` value and it is preloaded intentionally. @ https://30e7d3.myshopify.com/?oseid=UZF4eKB32pfDdLBw1Ap2ACzC:0
[ 7859078ms] [WARNING] The resource https://cdn.shopify.com/s/files/1/0680/6572/2620/t/7/assets/app.css?v=41711045368030204751742336208 was preloaded using link preload but not used within a few seconds from the window's load event. Please make sure it has an appropriate `as` value and it is preloaded intentionally. @ https://30e7d3.myshopify.com/?oseid=UZF4eKB32pfDdLBw1Ap2ACzC&source=visualPreviewInitialLoad:0
[ 7859078ms] [WARNING] The resource https://cdn.shopify.com/s/files/1/0680/6572/2620/t/7/assets/app.css?v=41711045368030204751742336208 was preloaded using link preload but not used within a few seconds from the window's load event. Please make sure it has an appropriate `as` value and it is preloaded intentionally. @ https://30e7d3.myshopify.com/?oseid=UZF4eKB32pfDdLBw1Ap2ACzC&source=visualPreviewInitialLoad:0
[ 8037485ms] [WARNING] The resource https://cdn.shopify.com/s/files/1/0680/6572/2620/t/7/assets/app.css?v=41711045368030204751742336208 was preloaded using link preload but not used within a few seconds from the window's load event. Please make sure it has an appropriate `as` value and it is preloaded intentionally. @ https://30e7d3.myshopify.com/?oseid=UZF4eKB32pfDdLBw1Ap2ACzC&source=visualPreviewInitialLoad:0
[ 8037485ms] [WARNING] The resource https://cdn.shopify.com/s/files/1/0680/6572/2620/t/7/assets/app.css?v=41711045368030204751742336208 was preloaded using link preload but not used within a few seconds from the window's load event. Please make sure it has an appropriate `as` value and it is preloaded intentionally. @ https://30e7d3.myshopify.com/?oseid=UZF4eKB32pfDdLBw1Ap2ACzC&source=visualPreviewInitialLoad:0
[ 8037485ms] [WARNING] The resource https://cdn.shopify.com/s/files/1/0680/6572/2620/t/7/assets/app.css?v=41711045368030204751742336208 was preloaded using link preload but not used within a few seconds from the window's load event. Please make sure it has an appropriate `as` value and it is preloaded intentionally. @ https://30e7d3.myshopify.com/?oseid=UZF4eKB32pfDdLBw1Ap2ACzC:0
[ 8130035ms] [WARNING] The resource https://cdn.shopify.com/s/files/1/0680/6572/2620/t/7/assets/app.css?v=41711045368030204751742336208 was preloaded using link preload but not used within a few seconds from the window's load event. Please make sure it has an appropriate `as` value and it is preloaded intentionally. @ https://30e7d3.myshopify.com/?oseid=UZF4eKB32pfDdLBw1Ap2ACzC:0
[ 8217223ms] [WARNING] The resource https://cdn.shopify.com/s/files/1/0680/6572/2620/t/7/assets/app.css?v=41711045368030204751742336208 was preloaded using link preload but not used within a few seconds from the window's load event. Please make sure it has an appropriate `as` value and it is preloaded intentionally. @ https://30e7d3.myshopify.com/?oseid=UZF4eKB32pfDdLBw1Ap2ACzC&source=visualPreviewInitialLoad:0
[ 8217224ms] [WARNING] The resource https://cdn.shopify.com/s/files/1/0680/6572/2620/t/7/assets/app.css?v=41711045368030204751742336208 was preloaded using link preload but not used within a few seconds from the window's load event. Please make sure it has an appropriate `as` value and it is preloaded intentionally. @ https://30e7d3.myshopify.com/?oseid=UZF4eKB32pfDdLBw1Ap2ACzC:0
[ 8217230ms] [WARNING] The resource https://cdn.shopify.com/s/files/1/0680/6572/2620/t/7/assets/app.css?v=41711045368030204751742336208 was preloaded using link preload but not used within a few seconds from the window's load event. Please make sure it has an appropriate `as` value and it is preloaded intentionally. @ https://30e7d3.myshopify.com/?oseid=UZF4eKB32pfDdLBw1Ap2ACzC&source=visualPreviewInitialLoad:0
[ 8398035ms] [WARNING] The resource https://cdn.shopify.com/s/files/1/0680/6572/2620/t/7/assets/app.css?v=41711045368030204751742336208 was preloaded using link preload but not used within a few seconds from the window's load event. Please make sure it has an appropriate `as` value and it is preloaded intentionally. @ https://30e7d3.myshopify.com/?oseid=UZF4eKB32pfDdLBw1Ap2ACzC:0
[ 8398096ms] [WARNING] The resource https://cdn.shopify.com/s/files/1/0680/6572/2620/t/7/assets/app.css?v=41711045368030204751742336208 was preloaded using link preload but not used within a few seconds from the window's load event. Please make sure it has an appropriate `as` value and it is preloaded intentionally. @ https://30e7d3.myshopify.com/?oseid=UZF4eKB32pfDdLBw1Ap2ACzC&source=visualPreviewInitialLoad:0
[ 8398096ms] [WARNING] The resource https://cdn.shopify.com/s/files/1/0680/6572/2620/t/7/assets/app.css?v=41711045368030204751742336208 was preloaded using link preload but not used within a few seconds from the window's load event. Please make sure it has an appropriate `as` value and it is preloaded intentionally. @ https://30e7d3.myshopify.com/?oseid=UZF4eKB32pfDdLBw1Ap2ACzC&source=visualPreviewInitialLoad:0
[ 8433735ms] [WARNING] The resource https://cdn.shopify.com/s/files/1/0680/6572/2620/t/7/assets/app.css?v=41711045368030204751742336208 was preloaded using link preload but not used within a few seconds from the window's load event. Please make sure it has an appropriate `as` value and it is preloaded intentionally. @ https://30e7d3.myshopify.com/?oseid=UZF4eKB32pfDdLBw1Ap2ACzC:0
[ 8578130ms] [WARNING] The resource https://cdn.shopify.com/s/files/1/0680/6572/2620/t/7/assets/app.css?v=41711045368030204751742336208 was preloaded using link preload but not used within a few seconds from the window's load event. Please make sure it has an appropriate `as` value and it is preloaded intentionally. @ https://30e7d3.myshopify.com/?oseid=UZF4eKB32pfDdLBw1Ap2ACzC&source=visualPreviewInitialLoad:0
[ 8578130ms] [WARNING] The resource https://cdn.shopify.com/s/files/1/0680/6572/2620/t/7/assets/app.css?v=41711045368030204751742336208 was preloaded using link preload but not used within a few seconds from the window's load event. Please make sure it has an appropriate `as` value and it is preloaded intentionally. @ https://30e7d3.myshopify.com/?oseid=UZF4eKB32pfDdLBw1Ap2ACzC&source=visualPreviewInitialLoad:0
[ 8578147ms] [WARNING] The resource https://cdn.shopify.com/s/files/1/0680/6572/2620/t/7/assets/app.css?v=41711045368030204751742336208 was preloaded using link preload but not used within a few seconds from the window's load event. Please make sure it has an appropriate `as` value and it is preloaded intentionally. @ https://30e7d3.myshopify.com/?oseid=UZF4eKB32pfDdLBw1Ap2ACzC:0
[ 8730254ms] [WARNING] The resource https://cdn.shopify.com/s/files/1/0680/6572/2620/t/7/assets/app.css?v=41711045368030204751742336208 was preloaded using link preload but not used within a few seconds from the window's load event. Please make sure it has an appropriate `as` value and it is preloaded intentionally. @ https://30e7d3.myshopify.com/?oseid=UZF4eKB32pfDdLBw1Ap2ACzC:0
[ 8757727ms] [WARNING] The resource https://cdn.shopify.com/s/files/1/0680/6572/2620/t/7/assets/app.css?v=41711045368030204751742336208 was preloaded using link preload but not used within a few seconds from the window's load event. Please make sure it has an appropriate `as` value and it is preloaded intentionally. @ https://30e7d3.myshopify.com/?oseid=UZF4eKB32pfDdLBw1Ap2ACzC:0
[ 8757735ms] [WARNING] The resource https://cdn.shopify.com/s/files/1/0680/6572/2620/t/7/assets/app.css?v=41711045368030204751742336208 was preloaded using link preload but not used within a few seconds from the window's load event. Please make sure it has an appropriate `as` value and it is preloaded intentionally. @ https://30e7d3.myshopify.com/?oseid=UZF4eKB32pfDdLBw1Ap2ACzC&source=visualPreviewInitialLoad:0
[ 8757735ms] [WARNING] The resource https://cdn.shopify.com/s/files/1/0680/6572/2620/t/7/assets/app.css?v=41711045368030204751742336208 was preloaded using link preload but not used within a few seconds from the window's load event. Please make sure it has an appropriate `as` value and it is preloaded intentionally. @ https://30e7d3.myshopify.com/?oseid=UZF4eKB32pfDdLBw1Ap2ACzC&source=visualPreviewInitialLoad:0
[ 8939666ms] [WARNING] The resource https://cdn.shopify.com/s/files/1/0680/6572/2620/t/7/assets/app.css?v=41711045368030204751742336208 was preloaded using link preload but not used within a few seconds from the window's load event. Please make sure it has an appropriate `as` value and it is preloaded intentionally. @ https://30e7d3.myshopify.com/?oseid=UZF4eKB32pfDdLBw1Ap2ACzC&source=visualPreviewInitialLoad:0
[ 8939667ms] [WARNING] The resource https://cdn.shopify.com/s/files/1/0680/6572/2620/t/7/assets/app.css?v=41711045368030204751742336208 was preloaded using link preload but not used within a few seconds from the window's load event. Please make sure it has an appropriate `as` value and it is preloaded intentionally. @ https://30e7d3.myshopify.com/?oseid=UZF4eKB32pfDdLBw1Ap2ACzC&source=visualPreviewInitialLoad:0
[ 8940804ms] [WARNING] The resource https://cdn.shopify.com/s/files/1/0680/6572/2620/t/7/assets/app.css?v=41711045368030204751742336208 was preloaded using link preload but not used within a few seconds from the window's load event. Please make sure it has an appropriate `as` value and it is preloaded intentionally. @ https://30e7d3.myshopify.com/?oseid=UZF4eKB32pfDdLBw1Ap2ACzC:0
[ 9030472ms] [WARNING] The resource https://cdn.shopify.com/s/files/1/0680/6572/2620/t/7/assets/app.css?v=41711045368030204751742336208 was preloaded using link preload but not used within a few seconds from the window's load event. Please make sure it has an appropriate `as` value and it is preloaded intentionally. @ https://30e7d3.myshopify.com/?oseid=UZF4eKB32pfDdLBw1Ap2ACzC:0
[ 9117151ms] [WARNING] The resource https://cdn.shopify.com/s/files/1/0680/6572/2620/t/7/assets/app.css?v=41711045368030204751742336208 was preloaded using link preload but not used within a few seconds from the window's load event. Please make sure it has an appropriate `as` value and it is preloaded intentionally. @ https://30e7d3.myshopify.com/?oseid=UZF4eKB32pfDdLBw1Ap2ACzC&source=visualPreviewInitialLoad:0
[ 9117239ms] [WARNING] The resource https://cdn.shopify.com/s/files/1/0680/6572/2620/t/7/assets/app.css?v=41711045368030204751742336208 was preloaded using link preload but not used within a few seconds from the window's load event. Please make sure it has an appropriate `as` value and it is preloaded intentionally. @ https://30e7d3.myshopify.com/?oseid=UZF4eKB32pfDdLBw1Ap2ACzC&source=visualPreviewInitialLoad:0
[ 9117291ms] [WARNING] The resource https://cdn.shopify.com/s/files/1/0680/6572/2620/t/7/assets/app.css?v=41711045368030204751742336208 was preloaded using link preload but not used within a few seconds from the window's load event. Please make sure it has an appropriate `as` value and it is preloaded intentionally. @ https://30e7d3.myshopify.com/?oseid=UZF4eKB32pfDdLBw1Ap2ACzC:0
[ 9297756ms] [WARNING] The resource https://cdn.shopify.com/s/files/1/0680/6572/2620/t/7/assets/app.css?v=41711045368030204751742336208 was preloaded using link preload but not used within a few seconds from the window's load event. Please make sure it has an appropriate `as` value and it is preloaded intentionally. @ https://30e7d3.myshopify.com/?oseid=UZF4eKB32pfDdLBw1Ap2ACzC&source=visualPreviewInitialLoad:0
[ 9298724ms] [WARNING] The resource https://cdn.shopify.com/s/files/1/0680/6572/2620/t/7/assets/app.css?v=41711045368030204751742336208 was preloaded using link preload but not used within a few seconds from the window's load event. Please make sure it has an appropriate `as` value and it is preloaded intentionally. @ https://30e7d3.myshopify.com/?oseid=UZF4eKB32pfDdLBw1Ap2ACzC&source=visualPreviewInitialLoad:0
[ 9298726ms] [WARNING] The resource https://cdn.shopify.com/s/files/1/0680/6572/2620/t/7/assets/app.css?v=41711045368030204751742336208 was preloaded using link preload but not used within a few seconds from the window's load event. Please make sure it has an appropriate `as` value and it is preloaded intentionally. @ https://30e7d3.myshopify.com/?oseid=UZF4eKB32pfDdLBw1Ap2ACzC:0
[ 9330508ms] [WARNING] The resource https://cdn.shopify.com/s/files/1/0680/6572/2620/t/7/assets/app.css?v=41711045368030204751742336208 was preloaded using link preload but not used within a few seconds from the window's load event. Please make sure it has an appropriate `as` value and it is preloaded intentionally. @ https://30e7d3.myshopify.com/?oseid=UZF4eKB32pfDdLBw1Ap2ACzC:0
[ 9408311ms] [WARNING] The resource https://cdn.shopify.com/s/files/1/0680/6572/2620/t/7/assets/app.css?v=41711045368030204751742336208 was preloaded using link preload but not used within a few seconds from the window's load event. Please make sure it has an appropriate `as` value and it is preloaded intentionally. @ https://30e7d3.myshopify.com/?oseid=UZF4eKB32pfDdLBw1Ap2ACzC:0
[ 9409103ms] [WARNING] The resource https://cdn.shopify.com/s/files/1/0680/6572/2620/t/7/assets/app.css?v=41711045368030204751742336208 was preloaded using link preload but not used within a few seconds from the window's load event. Please make sure it has an appropriate `as` value and it is preloaded intentionally. @ https://30e7d3.myshopify.com/?oseid=UZF4eKB32pfDdLBw1Ap2ACzC&source=visualPreviewInitialLoad:0
[ 9409683ms] [WARNING] The resource https://cdn.shopify.com/s/files/1/0680/6572/2620/t/7/assets/app.css?v=41711045368030204751742336208 was preloaded using link preload but not used within a few seconds from the window's load event. Please make sure it has an appropriate `as` value and it is preloaded intentionally. @ https://30e7d3.myshopify.com/?oseid=UZF4eKB32pfDdLBw1Ap2ACzC&source=visualPreviewInitialLoad:0
[ 9477673ms] [WARNING] The resource https://cdn.shopify.com/s/files/1/0680/6572/2620/t/7/assets/app.css?v=41711045368030204751742336208 was preloaded using link preload but not used within a few seconds from the window's load event. Please make sure it has an appropriate `as` value and it is preloaded intentionally. @ https://30e7d3.myshopify.com/?oseid=UZF4eKB32pfDdLBw1Ap2ACzC&source=visualPreviewInitialLoad:0
[ 9477690ms] [WARNING] The resource https://cdn.shopify.com/s/files/1/0680/6572/2620/t/7/assets/app.css?v=41711045368030204751742336208 was preloaded using link preload but not used within a few seconds from the window's load event. Please make sure it has an appropriate `as` value and it is preloaded intentionally. @ https://30e7d3.myshopify.com/?oseid=UZF4eKB32pfDdLBw1Ap2ACzC&source=visualPreviewInitialLoad:0
[ 9477690ms] [WARNING] The resource https://cdn.shopify.com/s/files/1/0680/6572/2620/t/7/assets/app.css?v=41711045368030204751742336208 was preloaded using link preload but not used within a few seconds from the window's load event. Please make sure it has an appropriate `as` value and it is preloaded intentionally. @ https://30e7d3.myshopify.com/?oseid=UZF4eKB32pfDdLBw1Ap2ACzC:0
[ 9631553ms] [WARNING] The resource https://cdn.shopify.com/s/files/1/0680/6572/2620/t/7/assets/app.css?v=41711045368030204751742336208 was preloaded using link preload but not used within a few seconds from the window's load event. Please make sure it has an appropriate `as` value and it is preloaded intentionally. @ https://30e7d3.myshopify.com/?oseid=UZF4eKB32pfDdLBw1Ap2ACzC:0
[ 9659171ms] [WARNING] The resource https://cdn.shopify.com/s/files/1/0680/6572/2620/t/7/assets/app.css?v=41711045368030204751742336208 was preloaded using link preload but not used within a few seconds from the window's load event. Please make sure it has an appropriate `as` value and it is preloaded intentionally. @ https://30e7d3.myshopify.com/?oseid=UZF4eKB32pfDdLBw1Ap2ACzC:0
[ 9659407ms] [WARNING] The resource https://cdn.shopify.com/s/files/1/0680/6572/2620/t/7/assets/app.css?v=41711045368030204751742336208 was preloaded using link preload but not used within a few seconds from the window's load event. Please make sure it has an appropriate `as` value and it is preloaded intentionally. @ https://30e7d3.myshopify.com/?oseid=UZF4eKB32pfDdLBw1Ap2ACzC&source=visualPreviewInitialLoad:0
[ 9659408ms] [WARNING] The resource https://cdn.shopify.com/s/files/1/0680/6572/2620/t/7/assets/app.css?v=41711045368030204751742336208 was preloaded using link preload but not used within a few seconds from the window's load event. Please make sure it has an appropriate `as` value and it is preloaded intentionally. @ https://30e7d3.myshopify.com/?oseid=UZF4eKB32pfDdLBw1Ap2ACzC&source=visualPreviewInitialLoad:0
[ 9837818ms] [WARNING] The resource https://cdn.shopify.com/s/files/1/0680/6572/2620/t/7/assets/app.css?v=41711045368030204751742336208 was preloaded using link preload but not used within a few seconds from the window's load event. Please make sure it has an appropriate `as` value and it is preloaded intentionally. @ https://30e7d3.myshopify.com/?oseid=UZF4eKB32pfDdLBw1Ap2ACzC&source=visualPreviewInitialLoad:0
[ 9837826ms] [WARNING] The resource https://cdn.shopify.com/s/files/1/0680/6572/2620/t/7/assets/app.css?v=41711045368030204751742336208 was preloaded using link preload but not used within a few seconds from the window's load event. Please make sure it has an appropriate `as` value and it is preloaded intentionally. @ https://30e7d3.myshopify.com/?oseid=UZF4eKB32pfDdLBw1Ap2ACzC&source=visualPreviewInitialLoad:0
[ 9839178ms] [WARNING] The resource https://cdn.shopify.com/s/files/1/0680/6572/2620/t/7/assets/app.css?v=41711045368030204751742336208 was preloaded using link preload but not used within a few seconds from the window's load event. Please make sure it has an appropriate `as` value and it is preloaded intentionally. @ https://30e7d3.myshopify.com/?oseid=UZF4eKB32pfDdLBw1Ap2ACzC:0
[ 9931357ms] [WARNING] The resource https://cdn.shopify.com/s/files/1/0680/6572/2620/t/7/assets/app.css?v=41711045368030204751742336208 was preloaded using link preload but not used within a few seconds from the window's load event. Please make sure it has an appropriate `as` value and it is preloaded intentionally. @ https://30e7d3.myshopify.com/?oseid=UZF4eKB32pfDdLBw1Ap2ACzC:0
[10018860ms] [WARNING] The resource https://cdn.shopify.com/s/files/1/0680/6572/2620/t/7/assets/app.css?v=41711045368030204751742336208 was preloaded using link preload but not used within a few seconds from the window's load event. Please make sure it has an appropriate `as` value and it is preloaded intentionally. @ https://30e7d3.myshopify.com/?oseid=UZF4eKB32pfDdLBw1Ap2ACzC&source=visualPreviewInitialLoad:0
[10018860ms] [WARNING] The resource https://cdn.shopify.com/s/files/1/0680/6572/2620/t/7/assets/app.css?v=41711045368030204751742336208 was preloaded using link preload but not used within a few seconds from the window's load event. Please make sure it has an appropriate `as` value and it is preloaded intentionally. @ https://30e7d3.myshopify.com/?oseid=UZF4eKB32pfDdLBw1Ap2ACzC:0
[10018893ms] [WARNING] The resource https://cdn.shopify.com/s/files/1/0680/6572/2620/t/7/assets/app.css?v=41711045368030204751742336208 was preloaded using link preload but not used within a few seconds from the window's load event. Please make sure it has an appropriate `as` value and it is preloaded intentionally. @ https://30e7d3.myshopify.com/?oseid=UZF4eKB32pfDdLBw1Ap2ACzC&source=visualPreviewInitialLoad:0
[10200637ms] [WARNING] The resource https://cdn.shopify.com/s/files/1/0680/6572/2620/t/7/assets/app.css?v=41711045368030204751742336208 was preloaded using link preload but not used within a few seconds from the window's load event. Please make sure it has an appropriate `as` value and it is preloaded intentionally. @ https://30e7d3.myshopify.com/?oseid=UZF4eKB32pfDdLBw1Ap2ACzC&source=visualPreviewInitialLoad:0
[10200731ms] [WARNING] The resource https://cdn.shopify.com/s/files/1/0680/6572/2620/t/7/assets/app.css?v=41711045368030204751742336208 was preloaded using link preload but not used within a few seconds from the window's load event. Please make sure it has an appropriate `as` value and it is preloaded intentionally. @ https://30e7d3.myshopify.com/?oseid=UZF4eKB32pfDdLBw1Ap2ACzC:0
[10200731ms] [WARNING] The resource https://cdn.shopify.com/s/files/1/0680/6572/2620/t/7/assets/app.css?v=41711045368030204751742336208 was preloaded using link preload but not used within a few seconds from the window's load event. Please make sure it has an appropriate `as` value and it is preloaded intentionally. @ https://30e7d3.myshopify.com/?oseid=UZF4eKB32pfDdLBw1Ap2ACzC&source=visualPreviewInitialLoad:0
[10231545ms] [WARNING] The resource https://cdn.shopify.com/s/files/1/0680/6572/2620/t/7/assets/app.css?v=41711045368030204751742336208 was preloaded using link preload but not used within a few seconds from the window's load event. Please make sure it has an appropriate `as` value and it is preloaded intentionally. @ https://30e7d3.myshopify.com/?oseid=UZF4eKB32pfDdLBw1Ap2ACzC:0
[10377347ms] [WARNING] The resource https://cdn.shopify.com/s/files/1/0680/6572/2620/t/7/assets/app.css?v=41711045368030204751742336208 was preloaded using link preload but not used within a few seconds from the window's load event. Please make sure it has an appropriate `as` value and it is preloaded intentionally. @ https://30e7d3.myshopify.com/?oseid=UZF4eKB32pfDdLBw1Ap2ACzC&source=visualPreviewInitialLoad:0
[10377483ms] [WARNING] The resource https://cdn.shopify.com/s/files/1/0680/6572/2620/t/7/assets/app.css?v=41711045368030204751742336208 was preloaded using link preload but not used within a few seconds from the window's load event. Please make sure it has an appropriate `as` value and it is preloaded intentionally. @ https://30e7d3.myshopify.com/?oseid=UZF4eKB32pfDdLBw1Ap2ACzC&source=visualPreviewInitialLoad:0
[10377830ms] [WARNING] The resource https://cdn.shopify.com/s/files/1/0680/6572/2620/t/7/assets/app.css?v=41711045368030204751742336208 was preloaded using link preload but not used within a few seconds from the window's load event. Please make sure it has an appropriate `as` value and it is preloaded intentionally. @ https://30e7d3.myshopify.com/?oseid=UZF4eKB32pfDdLBw1Ap2ACzC:0
[10530267ms] [WARNING] The resource https://cdn.shopify.com/s/files/1/0680/6572/2620/t/7/assets/app.css?v=41711045368030204751742336208 was preloaded using link preload but not used within a few seconds from the window's load event. Please make sure it has an appropriate `as` value and it is preloaded intentionally. @ https://30e7d3.myshopify.com/?oseid=UZF4eKB32pfDdLBw1Ap2ACzC:0
[10557144ms] [WARNING] The resource https://cdn.shopify.com/s/files/1/0680/6572/2620/t/7/assets/app.css?v=41711045368030204751742336208 was preloaded using link preload but not used within a few seconds from the window's load event. Please make sure it has an appropriate `as` value and it is preloaded intentionally. @ https://30e7d3.myshopify.com/?oseid=UZF4eKB32pfDdLBw1Ap2ACzC&source=visualPreviewInitialLoad:0
[10557145ms] [WARNING] The resource https://cdn.shopify.com/s/files/1/0680/6572/2620/t/7/assets/app.css?v=41711045368030204751742336208 was preloaded using link preload but not used within a few seconds from the window's load event. Please make sure it has an appropriate `as` value and it is preloaded intentionally. @ https://30e7d3.myshopify.com/?oseid=UZF4eKB32pfDdLBw1Ap2ACzC&source=visualPreviewInitialLoad:0
[10557268ms] [WARNING] The resource https://cdn.shopify.com/s/files/1/0680/6572/2620/t/7/assets/app.css?v=41711045368030204751742336208 was preloaded using link preload but not used within a few seconds from the window's load event. Please make sure it has an appropriate `as` value and it is preloaded intentionally. @ https://30e7d3.myshopify.com/?oseid=UZF4eKB32pfDdLBw1Ap2ACzC:0
[10737275ms] [WARNING] The resource https://cdn.shopify.com/s/files/1/0680/6572/2620/t/7/assets/app.css?v=41711045368030204751742336208 was preloaded using link preload but not used within a few seconds from the window's load event. Please make sure it has an appropriate `as` value and it is preloaded intentionally. @ https://30e7d3.myshopify.com/?oseid=UZF4eKB32pfDdLBw1Ap2ACzC&source=visualPreviewInitialLoad:0
[10737276ms] [WARNING] The resource https://cdn.shopify.com/s/files/1/0680/6572/2620/t/7/assets/app.css?v=41711045368030204751742336208 was preloaded using link preload but not used within a few seconds from the window's load event. Please make sure it has an appropriate `as` value and it is preloaded intentionally. @ https://30e7d3.myshopify.com/?oseid=UZF4eKB32pfDdLBw1Ap2ACzC&source=visualPreviewInitialLoad:0
[10737317ms] [WARNING] The resource https://cdn.shopify.com/s/files/1/0680/6572/2620/t/7/assets/app.css?v=41711045368030204751742336208 was preloaded using link preload but not used within a few seconds from the window's load event. Please make sure it has an appropriate `as` value and it is preloaded intentionally. @ https://30e7d3.myshopify.com/?oseid=UZF4eKB32pfDdLBw1Ap2ACzC:0
[10830255ms] [WARNING] The resource https://cdn.shopify.com/s/files/1/0680/6572/2620/t/7/assets/app.css?v=41711045368030204751742336208 was preloaded using link preload but not used within a few seconds from the window's load event. Please make sure it has an appropriate `as` value and it is preloaded intentionally. @ https://30e7d3.myshopify.com/?oseid=UZF4eKB32pfDdLBw1Ap2ACzC:0
[10918413ms] [WARNING] The resource https://cdn.shopify.com/s/files/1/0680/6572/2620/t/7/assets/app.css?v=41711045368030204751742336208 was preloaded using link preload but not used within a few seconds from the window's load event. Please make sure it has an appropriate `as` value and it is preloaded intentionally. @ https://30e7d3.myshopify.com/?oseid=UZF4eKB32pfDdLBw1Ap2ACzC&source=visualPreviewInitialLoad:0
[10918413ms] [WARNING] The resource https://cdn.shopify.com/s/files/1/0680/6572/2620/t/7/assets/app.css?v=41711045368030204751742336208 was preloaded using link preload but not used within a few seconds from the window's load event. Please make sure it has an appropriate `as` value and it is preloaded intentionally. @ https://30e7d3.myshopify.com/?oseid=UZF4eKB32pfDdLBw1Ap2ACzC&source=visualPreviewInitialLoad:0
[10918591ms] [WARNING] The resource https://cdn.shopify.com/s/files/1/0680/6572/2620/t/7/assets/app.css?v=41711045368030204751742336208 was preloaded using link preload but not used within a few seconds from the window's load event. Please make sure it has an appropriate `as` value and it is preloaded intentionally. @ https://30e7d3.myshopify.com/?oseid=UZF4eKB32pfDdLBw1Ap2ACzC:0
[11097349ms] [WARNING] The resource https://cdn.shopify.com/s/files/1/0680/6572/2620/t/7/assets/app.css?v=41711045368030204751742336208 was preloaded using link preload but not used within a few seconds from the window's load event. Please make sure it has an appropriate `as` value and it is preloaded intentionally. @ https://30e7d3.myshopify.com/?oseid=UZF4eKB32pfDdLBw1Ap2ACzC:0
[11097422ms] [WARNING] The resource https://cdn.shopify.com/s/files/1/0680/6572/2620/t/7/assets/app.css?v=41711045368030204751742336208 was preloaded using link preload but not used within a few seconds from the window's load event. Please make sure it has an appropriate `as` value and it is preloaded intentionally. @ https://30e7d3.myshopify.com/?oseid=UZF4eKB32pfDdLBw1Ap2ACzC&source=visualPreviewInitialLoad:0
[11097422ms] [WARNING] The resource https://cdn.shopify.com/s/files/1/0680/6572/2620/t/7/assets/app.css?v=41711045368030204751742336208 was preloaded using link preload but not used within a few seconds from the window's load event. Please make sure it has an appropriate `as` value and it is preloaded intentionally. @ https://30e7d3.myshopify.com/?oseid=UZF4eKB32pfDdLBw1Ap2ACzC&source=visualPreviewInitialLoad:0
[11130229ms] [WARNING] The resource https://cdn.shopify.com/s/files/1/0680/6572/2620/t/7/assets/app.css?v=41711045368030204751742336208 was preloaded using link preload but not used within a few seconds from the window's load event. Please make sure it has an appropriate `as` value and it is preloaded intentionally. @ https://30e7d3.myshopify.com/?oseid=UZF4eKB32pfDdLBw1Ap2ACzC:0
[11214513ms] [WARNING] The resource https://cdn.shopify.com/s/files/1/0680/6572/2620/t/7/assets/app.css?v=41711045368030204751742336208 was preloaded using link preload but not used within a few seconds from the window's load event. Please make sure it has an appropriate `as` value and it is preloaded intentionally. @ https://30e7d3.myshopify.com/?oseid=UZF4eKB32pfDdLBw1Ap2ACzC&source=visualPreviewInitialLoad:0
[11214526ms] [WARNING] The resource https://cdn.shopify.com/s/files/1/0680/6572/2620/t/7/assets/app.css?v=41711045368030204751742336208 was preloaded using link preload but not used within a few seconds from the window's load event. Please make sure it has an appropriate `as` value and it is preloaded intentionally. @ https://30e7d3.myshopify.com/?oseid=UZF4eKB32pfDdLBw1Ap2ACzC:0
[11214526ms] [WARNING] The resource https://cdn.shopify.com/s/files/1/0680/6572/2620/t/7/assets/app.css?v=41711045368030204751742336208 was preloaded using link preload but not used within a few seconds from the window's load event. Please make sure it has an appropriate `as` value and it is preloaded intentionally. @ https://30e7d3.myshopify.com/?oseid=UZF4eKB32pfDdLBw1Ap2ACzC&source=visualPreviewInitialLoad:0
[11278386ms] [WARNING] The resource https://cdn.shopify.com/s/files/1/0680/6572/2620/t/7/assets/app.css?v=41711045368030204751742336208 was preloaded using link preload but not used within a few seconds from the window's load event. Please make sure it has an appropriate `as` value and it is preloaded intentionally. @ https://30e7d3.myshopify.com/?oseid=UZF4eKB32pfDdLBw1Ap2ACzC&source=visualPreviewInitialLoad:0
[11278387ms] [WARNING] The resource https://cdn.shopify.com/s/files/1/0680/6572/2620/t/7/assets/app.css?v=41711045368030204751742336208 was preloaded using link preload but not used within a few seconds from the window's load event. Please make sure it has an appropriate `as` value and it is preloaded intentionally. @ https://30e7d3.myshopify.com/?oseid=UZF4eKB32pfDdLBw1Ap2ACzC:0
[11278393ms] [WARNING] The resource https://cdn.shopify.com/s/files/1/0680/6572/2620/t/7/assets/app.css?v=41711045368030204751742336208 was preloaded using link preload but not used within a few seconds from the window's load event. Please make sure it has an appropriate `as` value and it is preloaded intentionally. @ https://30e7d3.myshopify.com/?oseid=UZF4eKB32pfDdLBw1Ap2ACzC&source=visualPreviewInitialLoad:0
[11430390ms] [WARNING] The resource https://cdn.shopify.com/s/files/1/0680/6572/2620/t/7/assets/app.css?v=41711045368030204751742336208 was preloaded using link preload but not used within a few seconds from the window's load event. Please make sure it has an appropriate `as` value and it is preloaded intentionally. @ https://30e7d3.myshopify.com/?oseid=UZF4eKB32pfDdLBw1Ap2ACzC:0
[11457502ms] [WARNING] The resource https://cdn.shopify.com/s/files/1/0680/6572/2620/t/7/assets/app.css?v=41711045368030204751742336208 was preloaded using link preload but not used within a few seconds from the window's load event. Please make sure it has an appropriate `as` value and it is preloaded intentionally. @ https://30e7d3.myshopify.com/?oseid=UZF4eKB32pfDdLBw1Ap2ACzC&source=visualPreviewInitialLoad:0
[11457502ms] [WARNING] The resource https://cdn.shopify.com/s/files/1/0680/6572/2620/t/7/assets/app.css?v=41711045368030204751742336208 was preloaded using link preload but not used within a few seconds from the window's load event. Please make sure it has an appropriate `as` value and it is preloaded intentionally. @ https://30e7d3.myshopify.com/?oseid=UZF4eKB32pfDdLBw1Ap2ACzC&source=visualPreviewInitialLoad:0
[11457536ms] [WARNING] The resource https://cdn.shopify.com/s/files/1/0680/6572/2620/t/7/assets/app.css?v=41711045368030204751742336208 was preloaded using link preload but not used within a few seconds from the window's load event. Please make sure it has an appropriate `as` value and it is preloaded intentionally. @ https://30e7d3.myshopify.com/?oseid=UZF4eKB32pfDdLBw1Ap2ACzC:0
[11637305ms] [WARNING] The resource https://cdn.shopify.com/s/files/1/0680/6572/2620/t/7/assets/app.css?v=41711045368030204751742336208 was preloaded using link preload but not used within a few seconds from the window's load event. Please make sure it has an appropriate `as` value and it is preloaded intentionally. @ https://30e7d3.myshopify.com/?oseid=UZF4eKB32pfDdLBw1Ap2ACzC&source=visualPreviewInitialLoad:0
[11637306ms] [WARNING] The resource https://cdn.shopify.com/s/files/1/0680/6572/2620/t/7/assets/app.css?v=41711045368030204751742336208 was preloaded using link preload but not used within a few seconds from the window's load event. Please make sure it has an appropriate `as` value and it is preloaded intentionally. @ https://30e7d3.myshopify.com/?oseid=UZF4eKB32pfDdLBw1Ap2ACzC&source=visualPreviewInitialLoad:0
[11638267ms] [WARNING] The resource https://cdn.shopify.com/s/files/1/0680/6572/2620/t/7/assets/app.css?v=41711045368030204751742336208 was preloaded using link preload but not used within a few seconds from the window's load event. Please make sure it has an appropriate `as` value and it is preloaded intentionally. @ https://30e7d3.myshopify.com/?oseid=UZF4eKB32pfDdLBw1Ap2ACzC:0
[11730889ms] [WARNING] The resource https://cdn.shopify.com/s/files/1/0680/6572/2620/t/7/assets/app.css?v=41711045368030204751742336208 was preloaded using link preload but not used within a few seconds from the window's load event. Please make sure it has an appropriate `as` value and it is preloaded intentionally. @ https://30e7d3.myshopify.com/?oseid=UZF4eKB32pfDdLBw1Ap2ACzC:0
[11817155ms] [WARNING] The resource https://cdn.shopify.com/s/files/1/0680/6572/2620/t/7/assets/app.css?v=41711045368030204751742336208 was preloaded using link preload but not used within a few seconds from the window's load event. Please make sure it has an appropriate `as` value and it is preloaded intentionally. @ https://30e7d3.myshopify.com/?oseid=UZF4eKB32pfDdLBw1Ap2ACzC&source=visualPreviewInitialLoad:0
[11817155ms] [WARNING] The resource https://cdn.shopify.com/s/files/1/0680/6572/2620/t/7/assets/app.css?v=41711045368030204751742336208 was preloaded using link preload but not used within a few seconds from the window's load event. Please make sure it has an appropriate `as` value and it is preloaded intentionally. @ https://30e7d3.myshopify.com/?oseid=UZF4eKB32pfDdLBw1Ap2ACzC&source=visualPreviewInitialLoad:0
[11817235ms] [WARNING] The resource https://cdn.shopify.com/s/files/1/0680/6572/2620/t/7/assets/app.css?v=41711045368030204751742336208 was preloaded using link preload but not used within a few seconds from the window's load event. Please make sure it has an appropriate `as` value and it is preloaded intentionally. @ https://30e7d3.myshopify.com/?oseid=UZF4eKB32pfDdLBw1Ap2ACzC:0
[11997493ms] [WARNING] The resource https://cdn.shopify.com/s/files/1/0680/6572/2620/t/7/assets/app.css?v=41711045368030204751742336208 was preloaded using link preload but not used within a few seconds from the window's load event. Please make sure it has an appropriate `as` value and it is preloaded intentionally. @ https://30e7d3.myshopify.com/?oseid=UZF4eKB32pfDdLBw1Ap2ACzC&source=visualPreviewInitialLoad:0
[11997493ms] [WARNING] The resource https://cdn.shopify.com/s/files/1/0680/6572/2620/t/7/assets/app.css?v=41711045368030204751742336208 was preloaded using link preload but not used within a few seconds from the window's load event. Please make sure it has an appropriate `as` value and it is preloaded intentionally. @ https://30e7d3.myshopify.com/?oseid=UZF4eKB32pfDdLBw1Ap2ACzC&source=visualPreviewInitialLoad:0
[11997583ms] [WARNING] The resource https://cdn.shopify.com/s/files/1/0680/6572/2620/t/7/assets/app.css?v=41711045368030204751742336208 was preloaded using link preload but not used within a few seconds from the window's load event. Please make sure it has an appropriate `as` value and it is preloaded intentionally. @ https://30e7d3.myshopify.com/?oseid=UZF4eKB32pfDdLBw1Ap2ACzC:0
[12030813ms] [WARNING] The resource https://cdn.shopify.com/s/files/1/0680/6572/2620/t/7/assets/app.css?v=41711045368030204751742336208 was preloaded using link preload but not used within a few seconds from the window's load event. Please make sure it has an appropriate `as` value and it is preloaded intentionally. @ https://30e7d3.myshopify.com/?oseid=UZF4eKB32pfDdLBw1Ap2ACzC:0
[12177162ms] [WARNING] The resource https://cdn.shopify.com/s/files/1/0680/6572/2620/t/7/assets/app.css?v=41711045368030204751742336208 was preloaded using link preload but not used within a few seconds from the window's load event. Please make sure it has an appropriate `as` value and it is preloaded intentionally. @ https://30e7d3.myshopify.com/?oseid=UZF4eKB32pfDdLBw1Ap2ACzC&source=visualPreviewInitialLoad:0
[12177163ms] [WARNING] The resource https://cdn.shopify.com/s/files/1/0680/6572/2620/t/7/assets/app.css?v=41711045368030204751742336208 was preloaded using link preload but not used within a few seconds from the window's load event. Please make sure it has an appropriate `as` value and it is preloaded intentionally. @ https://30e7d3.myshopify.com/?oseid=UZF4eKB32pfDdLBw1Ap2ACzC&source=visualPreviewInitialLoad:0
[12177327ms] [WARNING] The resource https://cdn.shopify.com/s/files/1/0680/6572/2620/t/7/assets/app.css?v=41711045368030204751742336208 was preloaded using link preload but not used within a few seconds from the window's load event. Please make sure it has an appropriate `as` value and it is preloaded intentionally. @ https://30e7d3.myshopify.com/?oseid=UZF4eKB32pfDdLBw1Ap2ACzC:0
[12330427ms] [WARNING] The resource https://cdn.shopify.com/s/files/1/0680/6572/2620/t/7/assets/app.css?v=41711045368030204751742336208 was preloaded using link preload but not used within a few seconds from the window's load event. Please make sure it has an appropriate `as` value and it is preloaded intentionally. @ https://30e7d3.myshopify.com/?oseid=UZF4eKB32pfDdLBw1Ap2ACzC:0
[12357439ms] [WARNING] The resource https://cdn.shopify.com/s/files/1/0680/6572/2620/t/7/assets/app.css?v=41711045368030204751742336208 was preloaded using link preload but not used within a few seconds from the window's load event. Please make sure it has an appropriate `as` value and it is preloaded intentionally. @ https://30e7d3.myshopify.com/?oseid=UZF4eKB32pfDdLBw1Ap2ACzC&source=visualPreviewInitialLoad:0
[12357442ms] [WARNING] The resource https://cdn.shopify.com/s/files/1/0680/6572/2620/t/7/assets/app.css?v=41711045368030204751742336208 was preloaded using link preload but not used within a few seconds from the window's load event. Please make sure it has an appropriate `as` value and it is preloaded intentionally. @ https://30e7d3.myshopify.com/?oseid=UZF4eKB32pfDdLBw1Ap2ACzC&source=visualPreviewInitialLoad:0
[12357442ms] [WARNING] The resource https://cdn.shopify.com/s/files/1/0680/6572/2620/t/7/assets/app.css?v=41711045368030204751742336208 was preloaded using link preload but not used within a few seconds from the window's load event. Please make sure it has an appropriate `as` value and it is preloaded intentionally. @ https://30e7d3.myshopify.com/?oseid=UZF4eKB32pfDdLBw1Ap2ACzC:0
[12537774ms] [WARNING] The resource https://cdn.shopify.com/s/files/1/0680/6572/2620/t/7/assets/app.css?v=41711045368030204751742336208 was preloaded using link preload but not used within a few seconds from the window's load event. Please make sure it has an appropriate `as` value and it is preloaded intentionally. @ https://30e7d3.myshopify.com/?oseid=UZF4eKB32pfDdLBw1Ap2ACzC&source=visualPreviewInitialLoad:0
[12538419ms] [WARNING] The resource https://cdn.shopify.com/s/files/1/0680/6572/2620/t/7/assets/app.css?v=41711045368030204751742336208 was preloaded using link preload but not used within a few seconds from the window's load event. Please make sure it has an appropriate `as` value and it is preloaded intentionally. @ https://30e7d3.myshopify.com/?oseid=UZF4eKB32pfDdLBw1Ap2ACzC:0
[12538420ms] [WARNING] The resource https://cdn.shopify.com/s/files/1/0680/6572/2620/t/7/assets/app.css?v=41711045368030204751742336208 was preloaded using link preload but not used within a few seconds from the window's load event. Please make sure it has an appropriate `as` value and it is preloaded intentionally. @ https://30e7d3.myshopify.com/?oseid=UZF4eKB32pfDdLBw1Ap2ACzC&source=visualPreviewInitialLoad:0
[12630649ms] [WARNING] The resource https://cdn.shopify.com/s/files/1/0680/6572/2620/t/7/assets/app.css?v=41711045368030204751742336208 was preloaded using link preload but not used within a few seconds from the window's load event. Please make sure it has an appropriate `as` value and it is preloaded intentionally. @ https://30e7d3.myshopify.com/?oseid=UZF4eKB32pfDdLBw1Ap2ACzC:0
[12717227ms] [WARNING] The resource https://cdn.shopify.com/s/files/1/0680/6572/2620/t/7/assets/app.css?v=41711045368030204751742336208 was preloaded using link preload but not used within a few seconds from the window's load event. Please make sure it has an appropriate `as` value and it is preloaded intentionally. @ https://30e7d3.myshopify.com/?oseid=UZF4eKB32pfDdLBw1Ap2ACzC&source=visualPreviewInitialLoad:0
[12717227ms] [WARNING] The resource https://cdn.shopify.com/s/files/1/0680/6572/2620/t/7/assets/app.css?v=41711045368030204751742336208 was preloaded using link preload but not used within a few seconds from the window's load event. Please make sure it has an appropriate `as` value and it is preloaded intentionally. @ https://30e7d3.myshopify.com/?oseid=UZF4eKB32pfDdLBw1Ap2ACzC:0
[12717232ms] [WARNING] The resource https://cdn.shopify.com/s/files/1/0680/6572/2620/t/7/assets/app.css?v=41711045368030204751742336208 was preloaded using link preload but not used within a few seconds from the window's load event. Please make sure it has an appropriate `as` value and it is preloaded intentionally. @ https://30e7d3.myshopify.com/?oseid=UZF4eKB32pfDdLBw1Ap2ACzC&source=visualPreviewInitialLoad:0
[12897342ms] [WARNING] The resource https://cdn.shopify.com/s/files/1/0680/6572/2620/t/7/assets/app.css?v=41711045368030204751742336208 was preloaded using link preload but not used within a few seconds from the window's load event. Please make sure it has an appropriate `as` value and it is preloaded intentionally. @ https://30e7d3.myshopify.com/?oseid=UZF4eKB32pfDdLBw1Ap2ACzC:0
[12897344ms] [WARNING] The resource https://cdn.shopify.com/s/files/1/0680/6572/2620/t/7/assets/app.css?v=41711045368030204751742336208 was preloaded using link preload but not used within a few seconds from the window's load event. Please make sure it has an appropriate `as` value and it is preloaded intentionally. @ https://30e7d3.myshopify.com/?oseid=UZF4eKB32pfDdLBw1Ap2ACzC&source=visualPreviewInitialLoad:0
[12897345ms] [WARNING] The resource https://cdn.shopify.com/s/files/1/0680/6572/2620/t/7/assets/app.css?v=41711045368030204751742336208 was preloaded using link preload but not used within a few seconds from the window's load event. Please make sure it has an appropriate `as` value and it is preloaded intentionally. @ https://30e7d3.myshopify.com/?oseid=UZF4eKB32pfDdLBw1Ap2ACzC&source=visualPreviewInitialLoad:0
[12930941ms] [WARNING] The resource https://cdn.shopify.com/s/files/1/0680/6572/2620/t/7/assets/app.css?v=41711045368030204751742336208 was preloaded using link preload but not used within a few seconds from the window's load event. Please make sure it has an appropriate `as` value and it is preloaded intentionally. @ https://30e7d3.myshopify.com/?oseid=UZF4eKB32pfDdLBw1Ap2ACzC:0
[13016425ms] [WARNING] The resource https://cdn.shopify.com/s/files/1/0680/6572/2620/t/7/assets/app.css?v=41711045368030204751742336208 was preloaded using link preload but not used within a few seconds from the window's load event. Please make sure it has an appropriate `as` value and it is preloaded intentionally. @ https://30e7d3.myshopify.com/?oseid=UZF4eKB32pfDdLBw1Ap2ACzC:0
[13016440ms] [WARNING] The resource https://cdn.shopify.com/s/files/1/0680/6572/2620/t/7/assets/app.css?v=41711045368030204751742336208 was preloaded using link preload but not used within a few seconds from the window's load event. Please make sure it has an appropriate `as` value and it is preloaded intentionally. @ https://30e7d3.myshopify.com/?oseid=UZF4eKB32pfDdLBw1Ap2ACzC&source=visualPreviewInitialLoad:0
[13016440ms] [WARNING] The resource https://cdn.shopify.com/s/files/1/0680/6572/2620/t/7/assets/app.css?v=41711045368030204751742336208 was preloaded using link preload but not used within a few seconds from the window's load event. Please make sure it has an appropriate `as` value and it is preloaded intentionally. @ https://30e7d3.myshopify.com/?oseid=UZF4eKB32pfDdLBw1Ap2ACzC&source=visualPreviewInitialLoad:0
[13077780ms] [WARNING] The resource https://cdn.shopify.com/s/files/1/0680/6572/2620/t/7/assets/app.css?v=41711045368030204751742336208 was preloaded using link preload but not used within a few seconds from the window's load event. Please make sure it has an appropriate `as` value and it is preloaded intentionally. @ https://30e7d3.myshopify.com/?oseid=UZF4eKB32pfDdLBw1Ap2ACzC&source=visualPreviewInitialLoad:0
[13077780ms] [WARNING] The resource https://cdn.shopify.com/s/files/1/0680/6572/2620/t/7/assets/app.css?v=41711045368030204751742336208 was preloaded using link preload but not used within a few seconds from the window's load event. Please make sure it has an appropriate `as` value and it is preloaded intentionally. @ https://30e7d3.myshopify.com/?oseid=UZF4eKB32pfDdLBw1Ap2ACzC:0
[13077780ms] [WARNING] The resource https://cdn.shopify.com/s/files/1/0680/6572/2620/t/7/assets/app.css?v=41711045368030204751742336208 was preloaded using link preload but not used within a few seconds from the window's load event. Please make sure it has an appropriate `as` value and it is preloaded intentionally. @ https://30e7d3.myshopify.com/?oseid=UZF4eKB32pfDdLBw1Ap2ACzC&source=visualPreviewInitialLoad:0
[13230087ms] [WARNING] The resource https://cdn.shopify.com/s/files/1/0680/6572/2620/t/7/assets/app.css?v=41711045368030204751742336208 was preloaded using link preload but not used within a few seconds from the window's load event. Please make sure it has an appropriate `as` value and it is preloaded intentionally. @ https://30e7d3.myshopify.com/?oseid=UZF4eKB32pfDdLBw1Ap2ACzC:0
[13258113ms] [WARNING] The resource https://cdn.shopify.com/s/files/1/0680/6572/2620/t/7/assets/app.css?v=41711045368030204751742336208 was preloaded using link preload but not used within a few seconds from the window's load event. Please make sure it has an appropriate `as` value and it is preloaded intentionally. @ https://30e7d3.myshopify.com/?oseid=UZF4eKB32pfDdLBw1Ap2ACzC&source=visualPreviewInitialLoad:0
[13258115ms] [WARNING] The resource https://cdn.shopify.com/s/files/1/0680/6572/2620/t/7/assets/app.css?v=41711045368030204751742336208 was preloaded using link preload but not used within a few seconds from the window's load event. Please make sure it has an appropriate `as` value and it is preloaded intentionally. @ https://30e7d3.myshopify.com/?oseid=UZF4eKB32pfDdLBw1Ap2ACzC&source=visualPreviewInitialLoad:0
[13258174ms] [WARNING] The resource https://cdn.shopify.com/s/files/1/0680/6572/2620/t/7/assets/app.css?v=41711045368030204751742336208 was preloaded using link preload but not used within a few seconds from the window's load event. Please make sure it has an appropriate `as` value and it is preloaded intentionally. @ https://30e7d3.myshopify.com/?oseid=UZF4eKB32pfDdLBw1Ap2ACzC:0
[13437755ms] [WARNING] The resource https://cdn.shopify.com/s/files/1/0680/6572/2620/t/7/assets/app.css?v=41711045368030204751742336208 was preloaded using link preload but not used within a few seconds from the window's load event. Please make sure it has an appropriate `as` value and it is preloaded intentionally. @ https://30e7d3.myshopify.com/?oseid=UZF4eKB32pfDdLBw1Ap2ACzC&source=visualPreviewInitialLoad:0
[13437755ms] [WARNING] The resource https://cdn.shopify.com/s/files/1/0680/6572/2620/t/7/assets/app.css?v=41711045368030204751742336208 was preloaded using link preload but not used within a few seconds from the window's load event. Please make sure it has an appropriate `as` value and it is preloaded intentionally. @ https://30e7d3.myshopify.com/?oseid=UZF4eKB32pfDdLBw1Ap2ACzC&source=visualPreviewInitialLoad:0
[13437834ms] [WARNING] The resource https://cdn.shopify.com/s/files/1/0680/6572/2620/t/7/assets/app.css?v=41711045368030204751742336208 was preloaded using link preload but not used within a few seconds from the window's load event. Please make sure it has an appropriate `as` value and it is preloaded intentionally. @ https://30e7d3.myshopify.com/?oseid=UZF4eKB32pfDdLBw1Ap2ACzC:0
[13532309ms] [WARNING] The resource https://cdn.shopify.com/s/files/1/0680/6572/2620/t/7/assets/app.css?v=41711045368030204751742336208 was preloaded using link preload but not used within a few seconds from the window's load event. Please make sure it has an appropriate `as` value and it is preloaded intentionally. @ https://30e7d3.myshopify.com/?oseid=UZF4eKB32pfDdLBw1Ap2ACzC:0
[13617494ms] [WARNING] The resource https://cdn.shopify.com/s/files/1/0680/6572/2620/t/7/assets/app.css?v=41711045368030204751742336208 was preloaded using link preload but not used within a few seconds from the window's load event. Please make sure it has an appropriate `as` value and it is preloaded intentionally. @ https://30e7d3.myshopify.com/?oseid=UZF4eKB32pfDdLBw1Ap2ACzC&source=visualPreviewInitialLoad:0
[13617494ms] [WARNING] The resource https://cdn.shopify.com/s/files/1/0680/6572/2620/t/7/assets/app.css?v=41711045368030204751742336208 was preloaded using link preload but not used within a few seconds from the window's load event. Please make sure it has an appropriate `as` value and it is preloaded intentionally. @ https://30e7d3.myshopify.com/?oseid=UZF4eKB32pfDdLBw1Ap2ACzC&source=visualPreviewInitialLoad:0
[13617851ms] [WARNING] The resource https://cdn.shopify.com/s/files/1/0680/6572/2620/t/7/assets/app.css?v=41711045368030204751742336208 was preloaded using link preload but not used within a few seconds from the window's load event. Please make sure it has an appropriate `as` value and it is preloaded intentionally. @ https://30e7d3.myshopify.com/?oseid=UZF4eKB32pfDdLBw1Ap2ACzC:0
[13800312ms] [WARNING] The resource https://cdn.shopify.com/s/files/1/0680/6572/2620/t/7/assets/app.css?v=41711045368030204751742336208 was preloaded using link preload but not used within a few seconds from the window's load event. Please make sure it has an appropriate `as` value and it is preloaded intentionally. @ https://30e7d3.myshopify.com/?oseid=UZF4eKB32pfDdLBw1Ap2ACzC&source=visualPreviewInitialLoad:0
[13800333ms] [WARNING] The resource https://cdn.shopify.com/s/files/1/0680/6572/2620/t/7/assets/app.css?v=41711045368030204751742336208 was preloaded using link preload but not used within a few seconds from the window's load event. Please make sure it has an appropriate `as` value and it is preloaded intentionally. @ https://30e7d3.myshopify.com/?oseid=UZF4eKB32pfDdLBw1Ap2ACzC&source=visualPreviewInitialLoad:0
[13801438ms] [WARNING] The resource https://cdn.shopify.com/s/files/1/0680/6572/2620/t/7/assets/app.css?v=41711045368030204751742336208 was preloaded using link preload but not used within a few seconds from the window's load event. Please make sure it has an appropriate `as` value and it is preloaded intentionally. @ https://30e7d3.myshopify.com/?oseid=UZF4eKB32pfDdLBw1Ap2ACzC:0
[13833531ms] [WARNING] The resource https://cdn.shopify.com/s/files/1/0680/6572/2620/t/7/assets/app.css?v=41711045368030204751742336208 was preloaded using link preload but not used within a few seconds from the window's load event. Please make sure it has an appropriate `as` value and it is preloaded intentionally. @ https://30e7d3.myshopify.com/?oseid=UZF4eKB32pfDdLBw1Ap2ACzC:0
[13977487ms] [WARNING] The resource https://cdn.shopify.com/s/files/1/0680/6572/2620/t/7/assets/app.css?v=41711045368030204751742336208 was preloaded using link preload but not used within a few seconds from the window's load event. Please make sure it has an appropriate `as` value and it is preloaded intentionally. @ https://30e7d3.myshopify.com/?oseid=UZF4eKB32pfDdLBw1Ap2ACzC&source=visualPreviewInitialLoad:0
[13977487ms] [WARNING] The resource https://cdn.shopify.com/s/files/1/0680/6572/2620/t/7/assets/app.css?v=41711045368030204751742336208 was preloaded using link preload but not used within a few seconds from the window's load event. Please make sure it has an appropriate `as` value and it is preloaded intentionally. @ https://30e7d3.myshopify.com/?oseid=UZF4eKB32pfDdLBw1Ap2ACzC&source=visualPreviewInitialLoad:0
[13978526ms] [WARNING] The resource https://cdn.shopify.com/s/files/1/0680/6572/2620/t/7/assets/app.css?v=41711045368030204751742336208 was preloaded using link preload but not used within a few seconds from the window's load event. Please make sure it has an appropriate `as` value and it is preloaded intentionally. @ https://30e7d3.myshopify.com/?oseid=UZF4eKB32pfDdLBw1Ap2ACzC:0
[14131199ms] [WARNING] The resource https://cdn.shopify.com/s/files/1/0680/6572/2620/t/7/assets/app.css?v=41711045368030204751742336208 was preloaded using link preload but not used within a few seconds from the window's load event. Please make sure it has an appropriate `as` value and it is preloaded intentionally. @ https://30e7d3.myshopify.com/?oseid=UZF4eKB32pfDdLBw1Ap2ACzC:0
[14157438ms] [WARNING] The resource https://cdn.shopify.com/s/files/1/0680/6572/2620/t/7/assets/app.css?v=41711045368030204751742336208 was preloaded using link preload but not used within a few seconds from the window's load event. Please make sure it has an appropriate `as` value and it is preloaded intentionally. @ https://30e7d3.myshopify.com/?oseid=UZF4eKB32pfDdLBw1Ap2ACzC&source=visualPreviewInitialLoad:0
[14157450ms] [WARNING] The resource https://cdn.shopify.com/s/files/1/0680/6572/2620/t/7/assets/app.css?v=41711045368030204751742336208 was preloaded using link preload but not used within a few seconds from the window's load event. Please make sure it has an appropriate `as` value and it is preloaded intentionally. @ https://30e7d3.myshopify.com/?oseid=UZF4eKB32pfDdLBw1Ap2ACzC&source=visualPreviewInitialLoad:0
[14157572ms] [WARNING] The resource https://cdn.shopify.com/s/files/1/0680/6572/2620/t/7/assets/app.css?v=41711045368030204751742336208 was preloaded using link preload but not used within a few seconds from the window's load event. Please make sure it has an appropriate `as` value and it is preloaded intentionally. @ https://30e7d3.myshopify.com/?oseid=UZF4eKB32pfDdLBw1Ap2ACzC:0
[14337347ms] [WARNING] The resource https://cdn.shopify.com/s/files/1/0680/6572/2620/t/7/assets/app.css?v=41711045368030204751742336208 was preloaded using link preload but not used within a few seconds from the window's load event. Please make sure it has an appropriate `as` value and it is preloaded intentionally. @ https://30e7d3.myshopify.com/?oseid=UZF4eKB32pfDdLBw1Ap2ACzC:0
[14337347ms] [WARNING] The resource https://cdn.shopify.com/s/files/1/0680/6572/2620/t/7/assets/app.css?v=41711045368030204751742336208 was preloaded using link preload but not used within a few seconds from the window's load event. Please make sure it has an appropriate `as` value and it is preloaded intentionally. @ https://30e7d3.myshopify.com/?oseid=UZF4eKB32pfDdLBw1Ap2ACzC&source=visualPreviewInitialLoad:0
[14337351ms] [WARNING] The resource https://cdn.shopify.com/s/files/1/0680/6572/2620/t/7/assets/app.css?v=41711045368030204751742336208 was preloaded using link preload but not used within a few seconds from the window's load event. Please make sure it has an appropriate `as` value and it is preloaded intentionally. @ https://30e7d3.myshopify.com/?oseid=UZF4eKB32pfDdLBw1Ap2ACzC&source=visualPreviewInitialLoad:0
[14431334ms] [WARNING] The resource https://cdn.shopify.com/s/files/1/0680/6572/2620/t/7/assets/app.css?v=41711045368030204751742336208 was preloaded using link preload but not used within a few seconds from the window's load event. Please make sure it has an appropriate `as` value and it is preloaded intentionally. @ https://30e7d3.myshopify.com/?oseid=UZF4eKB32pfDdLBw1Ap2ACzC:0
[14517482ms] [WARNING] The resource https://cdn.shopify.com/s/files/1/0680/6572/2620/t/7/assets/app.css?v=41711045368030204751742336208 was preloaded using link preload but not used within a few seconds from the window's load event. Please make sure it has an appropriate `as` value and it is preloaded intentionally. @ https://30e7d3.myshopify.com/?oseid=UZF4eKB32pfDdLBw1Ap2ACzC&source=visualPreviewInitialLoad:0
[14517482ms] [WARNING] The resource https://cdn.shopify.com/s/files/1/0680/6572/2620/t/7/assets/app.css?v=41711045368030204751742336208 was preloaded using link preload but not used within a few seconds from the window's load event. Please make sure it has an appropriate `as` value and it is preloaded intentionally. @ https://30e7d3.myshopify.com/?oseid=UZF4eKB32pfDdLBw1Ap2ACzC&source=visualPreviewInitialLoad:0
[14517622ms] [WARNING] The resource https://cdn.shopify.com/s/files/1/0680/6572/2620/t/7/assets/app.css?v=41711045368030204751742336208 was preloaded using link preload but not used within a few seconds from the window's load event. Please make sure it has an appropriate `as` value and it is preloaded intentionally. @ https://30e7d3.myshopify.com/?oseid=UZF4eKB32pfDdLBw1Ap2ACzC:0
[14697805ms] [WARNING] The resource https://cdn.shopify.com/s/files/1/0680/6572/2620/t/7/assets/app.css?v=41711045368030204751742336208 was preloaded using link preload but not used within a few seconds from the window's load event. Please make sure it has an appropriate `as` value and it is preloaded intentionally. @ https://30e7d3.myshopify.com/?oseid=UZF4eKB32pfDdLBw1Ap2ACzC&source=visualPreviewInitialLoad:0
[14698070ms] [WARNING] The resource https://cdn.shopify.com/s/files/1/0680/6572/2620/t/7/assets/app.css?v=41711045368030204751742336208 was preloaded using link preload but not used within a few seconds from the window's load event. Please make sure it has an appropriate `as` value and it is preloaded intentionally. @ https://30e7d3.myshopify.com/?oseid=UZF4eKB32pfDdLBw1Ap2ACzC:0
[14698070ms] [WARNING] The resource https://cdn.shopify.com/s/files/1/0680/6572/2620/t/7/assets/app.css?v=41711045368030204751742336208 was preloaded using link preload but not used within a few seconds from the window's load event. Please make sure it has an appropriate `as` value and it is preloaded intentionally. @ https://30e7d3.myshopify.com/?oseid=UZF4eKB32pfDdLBw1Ap2ACzC&source=visualPreviewInitialLoad:0
[14731793ms] [WARNING] The resource https://cdn.shopify.com/s/files/1/0680/6572/2620/t/7/assets/app.css?v=41711045368030204751742336208 was preloaded using link preload but not used within a few seconds from the window's load event. Please make sure it has an appropriate `as` value and it is preloaded intentionally. @ https://30e7d3.myshopify.com/?oseid=UZF4eKB32pfDdLBw1Ap2ACzC:0
[14817256ms] [WARNING] The resource https://cdn.shopify.com/s/files/1/0680/6572/2620/t/7/assets/app.css?v=41711045368030204751742336208 was preloaded using link preload but not used within a few seconds from the window's load event. Please make sure it has an appropriate `as` value and it is preloaded intentionally. @ https://30e7d3.myshopify.com/?oseid=UZF4eKB32pfDdLBw1Ap2ACzC&source=visualPreviewInitialLoad:0
[14817261ms] [WARNING] The resource https://cdn.shopify.com/s/files/1/0680/6572/2620/t/7/assets/app.css?v=41711045368030204751742336208 was preloaded using link preload but not used within a few seconds from the window's load event. Please make sure it has an appropriate `as` value and it is preloaded intentionally. @ https://30e7d3.myshopify.com/?oseid=UZF4eKB32pfDdLBw1Ap2ACzC&source=visualPreviewInitialLoad:0
[14817825ms] [WARNING] The resource https://cdn.shopify.com/s/files/1/0680/6572/2620/t/7/assets/app.css?v=41711045368030204751742336208 was preloaded using link preload but not used within a few seconds from the window's load event. Please make sure it has an appropriate `as` value and it is preloaded intentionally. @ https://30e7d3.myshopify.com/?oseid=UZF4eKB32pfDdLBw1Ap2ACzC:0
[14877869ms] [WARNING] The resource https://cdn.shopify.com/s/files/1/0680/6572/2620/t/7/assets/app.css?v=41711045368030204751742336208 was preloaded using link preload but not used within a few seconds from the window's load event. Please make sure it has an appropriate `as` value and it is preloaded intentionally. @ https://30e7d3.myshopify.com/?oseid=UZF4eKB32pfDdLBw1Ap2ACzC:0
[14877870ms] [WARNING] The resource https://cdn.shopify.com/s/files/1/0680/6572/2620/t/7/assets/app.css?v=41711045368030204751742336208 was preloaded using link preload but not used within a few seconds from the window's load event. Please make sure it has an appropriate `as` value and it is preloaded intentionally. @ https://30e7d3.myshopify.com/?oseid=UZF4eKB32pfDdLBw1Ap2ACzC&source=visualPreviewInitialLoad:0
[14877872ms] [WARNING] The resource https://cdn.shopify.com/s/files/1/0680/6572/2620/t/7/assets/app.css?v=41711045368030204751742336208 was preloaded using link preload but not used within a few seconds from the window's load event. Please make sure it has an appropriate `as` value and it is preloaded intentionally. @ https://30e7d3.myshopify.com/?oseid=UZF4eKB32pfDdLBw1Ap2ACzC&source=visualPreviewInitialLoad:0
[15030537ms] [WARNING] The resource https://cdn.shopify.com/s/files/1/0680/6572/2620/t/7/assets/app.css?v=41711045368030204751742336208 was preloaded using link preload but not used within a few seconds from the window's load event. Please make sure it has an appropriate `as` value and it is preloaded intentionally. @ https://30e7d3.myshopify.com/?oseid=UZF4eKB32pfDdLBw1Ap2ACzC:0
[15057364ms] [WARNING] The resource https://cdn.shopify.com/s/files/1/0680/6572/2620/t/7/assets/app.css?v=41711045368030204751742336208 was preloaded using link preload but not used within a few seconds from the window's load event. Please make sure it has an appropriate `as` value and it is preloaded intentionally. @ https://30e7d3.myshopify.com/?oseid=UZF4eKB32pfDdLBw1Ap2ACzC&source=visualPreviewInitialLoad:0
[15057364ms] [WARNING] The resource https://cdn.shopify.com/s/files/1/0680/6572/2620/t/7/assets/app.css?v=41711045368030204751742336208 was preloaded using link preload but not used within a few seconds from the window's load event. Please make sure it has an appropriate `as` value and it is preloaded intentionally. @ https://30e7d3.myshopify.com/?oseid=UZF4eKB32pfDdLBw1Ap2ACzC&source=visualPreviewInitialLoad:0
[15057510ms] [WARNING] The resource https://cdn.shopify.com/s/files/1/0680/6572/2620/t/7/assets/app.css?v=41711045368030204751742336208 was preloaded using link preload but not used within a few seconds from the window's load event. Please make sure it has an appropriate `as` value and it is preloaded intentionally. @ https://30e7d3.myshopify.com/?oseid=UZF4eKB32pfDdLBw1Ap2ACzC:0
[15238356ms] [WARNING] The resource https://cdn.shopify.com/s/files/1/0680/6572/2620/t/7/assets/app.css?v=41711045368030204751742336208 was preloaded using link preload but not used within a few seconds from the window's load event. Please make sure it has an appropriate `as` value and it is preloaded intentionally. @ https://30e7d3.myshopify.com/?oseid=UZF4eKB32pfDdLBw1Ap2ACzC&source=visualPreviewInitialLoad:0
[15238356ms] [WARNING] The resource https://cdn.shopify.com/s/files/1/0680/6572/2620/t/7/assets/app.css?v=41711045368030204751742336208 was preloaded using link preload but not used within a few seconds from the window's load event. Please make sure it has an appropriate `as` value and it is preloaded intentionally. @ https://30e7d3.myshopify.com/?oseid=UZF4eKB32pfDdLBw1Ap2ACzC:0
[15238462ms] [WARNING] The resource https://cdn.shopify.com/s/files/1/0680/6572/2620/t/7/assets/app.css?v=41711045368030204751742336208 was preloaded using link preload but not used within a few seconds from the window's load event. Please make sure it has an appropriate `as` value and it is preloaded intentionally. @ https://30e7d3.myshopify.com/?oseid=UZF4eKB32pfDdLBw1Ap2ACzC&source=visualPreviewInitialLoad:0
[15335187ms] [WARNING] The resource https://cdn.shopify.com/s/files/1/0680/6572/2620/t/7/assets/app.css?v=41711045368030204751742336208 was preloaded using link preload but not used within a few seconds from the window's load event. Please make sure it has an appropriate `as` value and it is preloaded intentionally. @ https://30e7d3.myshopify.com/?oseid=UZF4eKB32pfDdLBw1Ap2ACzC:0
[15418826ms] [WARNING] The resource https://cdn.shopify.com/s/files/1/0680/6572/2620/t/7/assets/app.css?v=41711045368030204751742336208 was preloaded using link preload but not used within a few seconds from the window's load event. Please make sure it has an appropriate `as` value and it is preloaded intentionally. @ https://30e7d3.myshopify.com/?oseid=UZF4eKB32pfDdLBw1Ap2ACzC&source=visualPreviewInitialLoad:0
[15418945ms] [WARNING] The resource https://cdn.shopify.com/s/files/1/0680/6572/2620/t/7/assets/app.css?v=41711045368030204751742336208 was preloaded using link preload but not used within a few seconds from the window's load event. Please make sure it has an appropriate `as` value and it is preloaded intentionally. @ https://30e7d3.myshopify.com/?oseid=UZF4eKB32pfDdLBw1Ap2ACzC:0
[15418946ms] [WARNING] The resource https://cdn.shopify.com/s/files/1/0680/6572/2620/t/7/assets/app.css?v=41711045368030204751742336208 was preloaded using link preload but not used within a few seconds from the window's load event. Please make sure it has an appropriate `as` value and it is preloaded intentionally. @ https://30e7d3.myshopify.com/?oseid=UZF4eKB32pfDdLBw1Ap2ACzC&source=visualPreviewInitialLoad:0
[15597659ms] [WARNING] The resource https://cdn.shopify.com/s/files/1/0680/6572/2620/t/7/assets/app.css?v=41711045368030204751742336208 was preloaded using link preload but not used within a few seconds from the window's load event. Please make sure it has an appropriate `as` value and it is preloaded intentionally. @ https://30e7d3.myshopify.com/?oseid=UZF4eKB32pfDdLBw1Ap2ACzC&source=visualPreviewInitialLoad:0
[15597660ms] [WARNING] The resource https://cdn.shopify.com/s/files/1/0680/6572/2620/t/7/assets/app.css?v=41711045368030204751742336208 was preloaded using link preload but not used within a few seconds from the window's load event. Please make sure it has an appropriate `as` value and it is preloaded intentionally. @ https://30e7d3.myshopify.com/?oseid=UZF4eKB32pfDdLBw1Ap2ACzC&source=visualPreviewInitialLoad:0
[15597955ms] [WARNING] The resource https://cdn.shopify.com/s/files/1/0680/6572/2620/t/7/assets/app.css?v=41711045368030204751742336208 was preloaded using link preload but not used within a few seconds from the window's load event. Please make sure it has an appropriate `as` value and it is preloaded intentionally. @ https://30e7d3.myshopify.com/?oseid=UZF4eKB32pfDdLBw1Ap2ACzC:0
[15632806ms] [WARNING] The resource https://cdn.shopify.com/s/files/1/0680/6572/2620/t/7/assets/app.css?v=41711045368030204751742336208 was preloaded using link preload but not used within a few seconds from the window's load event. Please make sure it has an appropriate `as` value and it is preloaded intentionally. @ https://30e7d3.myshopify.com/?oseid=UZF4eKB32pfDdLBw1Ap2ACzC:0
[15778036ms] [WARNING] The resource https://cdn.shopify.com/s/files/1/0680/6572/2620/t/7/assets/app.css?v=41711045368030204751742336208 was preloaded using link preload but not used within a few seconds from the window's load event. Please make sure it has an appropriate `as` value and it is preloaded intentionally. @ https://30e7d3.myshopify.com/?oseid=UZF4eKB32pfDdLBw1Ap2ACzC&source=visualPreviewInitialLoad:0
[15778036ms] [WARNING] The resource https://cdn.shopify.com/s/files/1/0680/6572/2620/t/7/assets/app.css?v=41711045368030204751742336208 was preloaded using link preload but not used within a few seconds from the window's load event. Please make sure it has an appropriate `as` value and it is preloaded intentionally. @ https://30e7d3.myshopify.com/?oseid=UZF4eKB32pfDdLBw1Ap2ACzC&source=visualPreviewInitialLoad:0
[15778203ms] [WARNING] The resource https://cdn.shopify.com/s/files/1/0680/6572/2620/t/7/assets/app.css?v=41711045368030204751742336208 was preloaded using link preload but not used within a few seconds from the window's load event. Please make sure it has an appropriate `as` value and it is preloaded intentionally. @ https://30e7d3.myshopify.com/?oseid=UZF4eKB32pfDdLBw1Ap2ACzC:0
[15931565ms] [WARNING] The resource https://cdn.shopify.com/s/files/1/0680/6572/2620/t/7/assets/app.css?v=41711045368030204751742336208 was preloaded using link preload but not used within a few seconds from the window's load event. Please make sure it has an appropriate `as` value and it is preloaded intentionally. @ https://30e7d3.myshopify.com/?oseid=UZF4eKB32pfDdLBw1Ap2ACzC:0
[15957810ms] [WARNING] The resource https://cdn.shopify.com/s/files/1/0680/6572/2620/t/7/assets/app.css?v=41711045368030204751742336208 was preloaded using link preload but not used within a few seconds from the window's load event. Please make sure it has an appropriate `as` value and it is preloaded intentionally. @ https://30e7d3.myshopify.com/?oseid=UZF4eKB32pfDdLBw1Ap2ACzC&source=visualPreviewInitialLoad:0
[15957810ms] [WARNING] The resource https://cdn.shopify.com/s/files/1/0680/6572/2620/t/7/assets/app.css?v=41711045368030204751742336208 was preloaded using link preload but not used within a few seconds from the window's load event. Please make sure it has an appropriate `as` value and it is preloaded intentionally. @ https://30e7d3.myshopify.com/?oseid=UZF4eKB32pfDdLBw1Ap2ACzC:0
[15957810ms] [WARNING] The resource https://cdn.shopify.com/s/files/1/0680/6572/2620/t/7/assets/app.css?v=41711045368030204751742336208 was preloaded using link preload but not used within a few seconds from the window's load event. Please make sure it has an appropriate `as` value and it is preloaded intentionally. @ https://30e7d3.myshopify.com/?oseid=UZF4eKB32pfDdLBw1Ap2ACzC&source=visualPreviewInitialLoad:0
[16137387ms] [WARNING] The resource https://cdn.shopify.com/s/files/1/0680/6572/2620/t/7/assets/app.css?v=41711045368030204751742336208 was preloaded using link preload but not used within a few seconds from the window's load event. Please make sure it has an appropriate `as` value and it is preloaded intentionally. @ https://30e7d3.myshopify.com/?oseid=UZF4eKB32pfDdLBw1Ap2ACzC&source=visualPreviewInitialLoad:0
[16137388ms] [WARNING] The resource https://cdn.shopify.com/s/files/1/0680/6572/2620/t/7/assets/app.css?v=41711045368030204751742336208 was preloaded using link preload but not used within a few seconds from the window's load event. Please make sure it has an appropriate `as` value and it is preloaded intentionally. @ https://30e7d3.myshopify.com/?oseid=UZF4eKB32pfDdLBw1Ap2ACzC&source=visualPreviewInitialLoad:0
[16137661ms] [WARNING] The resource https://cdn.shopify.com/s/files/1/0680/6572/2620/t/7/assets/app.css?v=41711045368030204751742336208 was preloaded using link preload but not used within a few seconds from the window's load event. Please make sure it has an appropriate `as` value and it is preloaded intentionally. @ https://30e7d3.myshopify.com/?oseid=UZF4eKB32pfDdLBw1Ap2ACzC:0
[16230448ms] [WARNING] The resource https://cdn.shopify.com/s/files/1/0680/6572/2620/t/7/assets/app.css?v=41711045368030204751742336208 was preloaded using link preload but not used within a few seconds from the window's load event. Please make sure it has an appropriate `as` value and it is preloaded intentionally. @ https://30e7d3.myshopify.com/?oseid=UZF4eKB32pfDdLBw1Ap2ACzC:0
[16319161ms] [WARNING] The resource https://cdn.shopify.com/s/files/1/0680/6572/2620/t/7/assets/app.css?v=41711045368030204751742336208 was preloaded using link preload but not used within a few seconds from the window's load event. Please make sure it has an appropriate `as` value and it is preloaded intentionally. @ https://30e7d3.myshopify.com/?oseid=UZF4eKB32pfDdLBw1Ap2ACzC&source=visualPreviewInitialLoad:0
[16319240ms] [WARNING] The resource https://cdn.shopify.com/s/files/1/0680/6572/2620/t/7/assets/app.css?v=41711045368030204751742336208 was preloaded using link preload but not used within a few seconds from the window's load event. Please make sure it has an appropriate `as` value and it is preloaded intentionally. @ https://30e7d3.myshopify.com/?oseid=UZF4eKB32pfDdLBw1Ap2ACzC:0
[16319240ms] [WARNING] The resource https://cdn.shopify.com/s/files/1/0680/6572/2620/t/7/assets/app.css?v=41711045368030204751742336208 was preloaded using link preload but not used within a few seconds from the window's load event. Please make sure it has an appropriate `as` value and it is preloaded intentionally. @ https://30e7d3.myshopify.com/?oseid=UZF4eKB32pfDdLBw1Ap2ACzC&source=visualPreviewInitialLoad:0
[16497468ms] [WARNING] The resource https://cdn.shopify.com/s/files/1/0680/6572/2620/t/7/assets/app.css?v=41711045368030204751742336208 was preloaded using link preload but not used within a few seconds from the window's load event. Please make sure it has an appropriate `as` value and it is preloaded intentionally. @ https://30e7d3.myshopify.com/?oseid=UZF4eKB32pfDdLBw1Ap2ACzC&source=visualPreviewInitialLoad:0
[16498350ms] [WARNING] The resource https://cdn.shopify.com/s/files/1/0680/6572/2620/t/7/assets/app.css?v=41711045368030204751742336208 was preloaded using link preload but not used within a few seconds from the window's load event. Please make sure it has an appropriate `as` value and it is preloaded intentionally. @ https://30e7d3.myshopify.com/?oseid=UZF4eKB32pfDdLBw1Ap2ACzC&source=visualPreviewInitialLoad:0
[16498350ms] [WARNING] The resource https://cdn.shopify.com/s/files/1/0680/6572/2620/t/7/assets/app.css?v=41711045368030204751742336208 was preloaded using link preload but not used within a few seconds from the window's load event. Please make sure it has an appropriate `as` value and it is preloaded intentionally. @ https://30e7d3.myshopify.com/?oseid=UZF4eKB32pfDdLBw1Ap2ACzC:0
[16530837ms] [WARNING] The resource https://cdn.shopify.com/s/files/1/0680/6572/2620/t/7/assets/app.css?v=41711045368030204751742336208 was preloaded using link preload but not used within a few seconds from the window's load event. Please make sure it has an appropriate `as` value and it is preloaded intentionally. @ https://30e7d3.myshopify.com/?oseid=UZF4eKB32pfDdLBw1Ap2ACzC:0
[16622444ms] [WARNING] The resource https://cdn.shopify.com/s/files/1/0680/6572/2620/t/7/assets/app.css?v=41711045368030204751742336208 was preloaded using link preload but not used within a few seconds from the window's load event. Please make sure it has an appropriate `as` value and it is preloaded intentionally. @ https://30e7d3.myshopify.com/?oseid=UZF4eKB32pfDdLBw1Ap2ACzC&source=visualPreviewInitialLoad:0
[16624762ms] [WARNING] The resource https://cdn.shopify.com/s/files/1/0680/6572/2620/t/7/assets/app.css?v=41711045368030204751742336208 was preloaded using link preload but not used within a few seconds from the window's load event. Please make sure it has an appropriate `as` value and it is preloaded intentionally. @ https://30e7d3.myshopify.com/?oseid=UZF4eKB32pfDdLBw1Ap2ACzC:0
[16625948ms] [WARNING] The resource https://cdn.shopify.com/s/files/1/0680/6572/2620/t/7/assets/app.css?v=41711045368030204751742336208 was preloaded using link preload but not used within a few seconds from the window's load event. Please make sure it has an appropriate `as` value and it is preloaded intentionally. @ https://30e7d3.myshopify.com/?oseid=UZF4eKB32pfDdLBw1Ap2ACzC&source=visualPreviewInitialLoad:0
[16678113ms] [WARNING] The resource https://cdn.shopify.com/s/files/1/0680/6572/2620/t/7/assets/app.css?v=41711045368030204751742336208 was preloaded using link preload but not used within a few seconds from the window's load event. Please make sure it has an appropriate `as` value and it is preloaded intentionally. @ https://30e7d3.myshopify.com/?oseid=UZF4eKB32pfDdLBw1Ap2ACzC&source=visualPreviewInitialLoad:0
[16678113ms] [WARNING] The resource https://cdn.shopify.com/s/files/1/0680/6572/2620/t/7/assets/app.css?v=41711045368030204751742336208 was preloaded using link preload but not used within a few seconds from the window's load event. Please make sure it has an appropriate `as` value and it is preloaded intentionally. @ https://30e7d3.myshopify.com/?oseid=UZF4eKB32pfDdLBw1Ap2ACzC&source=visualPreviewInitialLoad:0
[16679530ms] [WARNING] The resource https://cdn.shopify.com/s/files/1/0680/6572/2620/t/7/assets/app.css?v=41711045368030204751742336208 was preloaded using link preload but not used within a few seconds from the window's load event. Please make sure it has an appropriate `as` value and it is preloaded intentionally. @ https://30e7d3.myshopify.com/?oseid=UZF4eKB32pfDdLBw1Ap2ACzC:0
[16831067ms] [WARNING] The resource https://cdn.shopify.com/s/files/1/0680/6572/2620/t/7/assets/app.css?v=41711045368030204751742336208 was preloaded using link preload but not used within a few seconds from the window's load event. Please make sure it has an appropriate `as` value and it is preloaded intentionally. @ https://30e7d3.myshopify.com/?oseid=UZF4eKB32pfDdLBw1Ap2ACzC:0
[16857380ms] [WARNING] The resource https://cdn.shopify.com/s/files/1/0680/6572/2620/t/7/assets/app.css?v=41711045368030204751742336208 was preloaded using link preload but not used within a few seconds from the window's load event. Please make sure it has an appropriate `as` value and it is preloaded intentionally. @ https://30e7d3.myshopify.com/?oseid=UZF4eKB32pfDdLBw1Ap2ACzC&source=visualPreviewInitialLoad:0
[16857591ms] [WARNING] The resource https://cdn.shopify.com/s/files/1/0680/6572/2620/t/7/assets/app.css?v=41711045368030204751742336208 was preloaded using link preload but not used within a few seconds from the window's load event. Please make sure it has an appropriate `as` value and it is preloaded intentionally. @ https://30e7d3.myshopify.com/?oseid=UZF4eKB32pfDdLBw1Ap2ACzC&source=visualPreviewInitialLoad:0
[16857808ms] [WARNING] The resource https://cdn.shopify.com/s/files/1/0680/6572/2620/t/7/assets/app.css?v=41711045368030204751742336208 was preloaded using link preload but not used within a few seconds from the window's load event. Please make sure it has an appropriate `as` value and it is preloaded intentionally. @ https://30e7d3.myshopify.com/?oseid=UZF4eKB32pfDdLBw1Ap2ACzC:0
[17037584ms] [WARNING] The resource https://cdn.shopify.com/s/files/1/0680/6572/2620/t/7/assets/app.css?v=41711045368030204751742336208 was preloaded using link preload but not used within a few seconds from the window's load event. Please make sure it has an appropriate `as` value and it is preloaded intentionally. @ https://30e7d3.myshopify.com/?oseid=UZF4eKB32pfDdLBw1Ap2ACzC&source=visualPreviewInitialLoad:0
[17037584ms] [WARNING] The resource https://cdn.shopify.com/s/files/1/0680/6572/2620/t/7/assets/app.css?v=41711045368030204751742336208 was preloaded using link preload but not used within a few seconds from the window's load event. Please make sure it has an appropriate `as` value and it is preloaded intentionally. @ https://30e7d3.myshopify.com/?oseid=UZF4eKB32pfDdLBw1Ap2ACzC&source=visualPreviewInitialLoad:0
[17037584ms] [WARNING] The resource https://cdn.shopify.com/s/files/1/0680/6572/2620/t/7/assets/app.css?v=41711045368030204751742336208 was preloaded using link preload but not used within a few seconds from the window's load event. Please make sure it has an appropriate `as` value and it is preloaded intentionally. @ https://30e7d3.myshopify.com/?oseid=UZF4eKB32pfDdLBw1Ap2ACzC:0
[17130254ms] [WARNING] The resource https://cdn.shopify.com/s/files/1/0680/6572/2620/t/7/assets/app.css?v=41711045368030204751742336208 was preloaded using link preload but not used within a few seconds from the window's load event. Please make sure it has an appropriate `as` value and it is preloaded intentionally. @ https://30e7d3.myshopify.com/?oseid=UZF4eKB32pfDdLBw1Ap2ACzC:0
[17217976ms] [WARNING] The resource https://cdn.shopify.com/s/files/1/0680/6572/2620/t/7/assets/app.css?v=41711045368030204751742336208 was preloaded using link preload but not used within a few seconds from the window's load event. Please make sure it has an appropriate `as` value and it is preloaded intentionally. @ https://30e7d3.myshopify.com/?oseid=UZF4eKB32pfDdLBw1Ap2ACzC&source=visualPreviewInitialLoad:0
[17217976ms] [WARNING] The resource https://cdn.shopify.com/s/files/1/0680/6572/2620/t/7/assets/app.css?v=41711045368030204751742336208 was preloaded using link preload but not used within a few seconds from the window's load event. Please make sure it has an appropriate `as` value and it is preloaded intentionally. @ https://30e7d3.myshopify.com/?oseid=UZF4eKB32pfDdLBw1Ap2ACzC:0
[17217976ms] [WARNING] The resource https://cdn.shopify.com/s/files/1/0680/6572/2620/t/7/assets/app.css?v=41711045368030204751742336208 was preloaded using link preload but not used within a few seconds from the window's load event. Please make sure it has an appropriate `as` value and it is preloaded intentionally. @ https://30e7d3.myshopify.com/?oseid=UZF4eKB32pfDdLBw1Ap2ACzC&source=visualPreviewInitialLoad:0
[17397573ms] [WARNING] The resource https://cdn.shopify.com/s/files/1/0680/6572/2620/t/7/assets/app.css?v=41711045368030204751742336208 was preloaded using link preload but not used within a few seconds from the window's load event. Please make sure it has an appropriate `as` value and it is preloaded intentionally. @ https://30e7d3.myshopify.com/?oseid=UZF4eKB32pfDdLBw1Ap2ACzC&source=visualPreviewInitialLoad:0
[17397573ms] [WARNING] The resource https://cdn.shopify.com/s/files/1/0680/6572/2620/t/7/assets/app.css?v=41711045368030204751742336208 was preloaded using link preload but not used within a few seconds from the window's load event. Please make sure it has an appropriate `as` value and it is preloaded intentionally. @ https://30e7d3.myshopify.com/?oseid=UZF4eKB32pfDdLBw1Ap2ACzC:0
[17397574ms] [WARNING] The resource https://cdn.shopify.com/s/files/1/0680/6572/2620/t/7/assets/app.css?v=41711045368030204751742336208 was preloaded using link preload but not used within a few seconds from the window's load event. Please make sure it has an appropriate `as` value and it is preloaded intentionally. @ https://30e7d3.myshopify.com/?oseid=UZF4eKB32pfDdLBw1Ap2ACzC&source=visualPreviewInitialLoad:0
[17431374ms] [WARNING] The resource https://cdn.shopify.com/s/files/1/0680/6572/2620/t/7/assets/app.css?v=41711045368030204751742336208 was preloaded using link preload but not used within a few seconds from the window's load event. Please make sure it has an appropriate `as` value and it is preloaded intentionally. @ https://30e7d3.myshopify.com/?oseid=UZF4eKB32pfDdLBw1Ap2ACzC:0
[17577308ms] [WARNING] The resource https://cdn.shopify.com/s/files/1/0680/6572/2620/t/7/assets/app.css?v=41711045368030204751742336208 was preloaded using link preload but not used within a few seconds from the window's load event. Please make sure it has an appropriate `as` value and it is preloaded intentionally. @ https://30e7d3.myshopify.com/?oseid=UZF4eKB32pfDdLBw1Ap2ACzC&source=visualPreviewInitialLoad:0
[17577309ms] [WARNING] The resource https://cdn.shopify.com/s/files/1/0680/6572/2620/t/7/assets/app.css?v=41711045368030204751742336208 was preloaded using link preload but not used within a few seconds from the window's load event. Please make sure it has an appropriate `as` value and it is preloaded intentionally. @ https://30e7d3.myshopify.com/?oseid=UZF4eKB32pfDdLBw1Ap2ACzC&source=visualPreviewInitialLoad:0
[17577592ms] [WARNING] The resource https://cdn.shopify.com/s/files/1/0680/6572/2620/t/7/assets/app.css?v=41711045368030204751742336208 was preloaded using link preload but not used within a few seconds from the window's load event. Please make sure it has an appropriate `as` value and it is preloaded intentionally. @ https://30e7d3.myshopify.com/?oseid=UZF4eKB32pfDdLBw1Ap2ACzC:0
[17732121ms] [WARNING] The resource https://cdn.shopify.com/s/files/1/0680/6572/2620/t/7/assets/app.css?v=41711045368030204751742336208 was preloaded using link preload but not used within a few seconds from the window's load event. Please make sure it has an appropriate `as` value and it is preloaded intentionally. @ https://30e7d3.myshopify.com/?oseid=UZF4eKB32pfDdLBw1Ap2ACzC:0
[17758524ms] [WARNING] The resource https://cdn.shopify.com/s/files/1/0680/6572/2620/t/7/assets/app.css?v=41711045368030204751742336208 was preloaded using link preload but not used within a few seconds from the window's load event. Please make sure it has an appropriate `as` value and it is preloaded intentionally. @ https://30e7d3.myshopify.com/?oseid=UZF4eKB32pfDdLBw1Ap2ACzC&source=visualPreviewInitialLoad:0
[17758524ms] [WARNING] The resource https://cdn.shopify.com/s/files/1/0680/6572/2620/t/7/assets/app.css?v=41711045368030204751742336208 was preloaded using link preload but not used within a few seconds from the window's load event. Please make sure it has an appropriate `as` value and it is preloaded intentionally. @ https://30e7d3.myshopify.com/?oseid=UZF4eKB32pfDdLBw1Ap2ACzC&source=visualPreviewInitialLoad:0
[17758524ms] [WARNING] The resource https://cdn.shopify.com/s/files/1/0680/6572/2620/t/7/assets/app.css?v=41711045368030204751742336208 was preloaded using link preload but not used within a few seconds from the window's load event. Please make sure it has an appropriate `as` value and it is preloaded intentionally. @ https://30e7d3.myshopify.com/?oseid=UZF4eKB32pfDdLBw1Ap2ACzC:0
[17937895ms] [WARNING] The resource https://cdn.shopify.com/s/files/1/0680/6572/2620/t/7/assets/app.css?v=41711045368030204751742336208 was preloaded using link preload but not used within a few seconds from the window's load event. Please make sure it has an appropriate `as` value and it is preloaded intentionally. @ https://30e7d3.myshopify.com/?oseid=UZF4eKB32pfDdLBw1Ap2ACzC:0
[17937895ms] [WARNING] The resource https://cdn.shopify.com/s/files/1/0680/6572/2620/t/7/assets/app.css?v=41711045368030204751742336208 was preloaded using link preload but not used within a few seconds from the window's load event. Please make sure it has an appropriate `as` value and it is preloaded intentionally. @ https://30e7d3.myshopify.com/?oseid=UZF4eKB32pfDdLBw1Ap2ACzC&source=visualPreviewInitialLoad:0
[17937896ms] [WARNING] The resource https://cdn.shopify.com/s/files/1/0680/6572/2620/t/7/assets/app.css?v=41711045368030204751742336208 was preloaded using link preload but not used within a few seconds from the window's load event. Please make sure it has an appropriate `as` value and it is preloaded intentionally. @ https://30e7d3.myshopify.com/?oseid=UZF4eKB32pfDdLBw1Ap2ACzC&source=visualPreviewInitialLoad:0
[18032268ms] [WARNING] The resource https://cdn.shopify.com/s/files/1/0680/6572/2620/t/7/assets/app.css?v=41711045368030204751742336208 was preloaded using link preload but not used within a few seconds from the window's load event. Please make sure it has an appropriate `as` value and it is preloaded intentionally. @ https://30e7d3.myshopify.com/?oseid=UZF4eKB32pfDdLBw1Ap2ACzC:0
[18118029ms] [WARNING] The resource https://cdn.shopify.com/s/files/1/0680/6572/2620/t/7/assets/app.css?v=41711045368030204751742336208 was preloaded using link preload but not used within a few seconds from the window's load event. Please make sure it has an appropriate `as` value and it is preloaded intentionally. @ https://30e7d3.myshopify.com/?oseid=UZF4eKB32pfDdLBw1Ap2ACzC&source=visualPreviewInitialLoad:0
[18118029ms] [WARNING] The resource https://cdn.shopify.com/s/files/1/0680/6572/2620/t/7/assets/app.css?v=41711045368030204751742336208 was preloaded using link preload but not used within a few seconds from the window's load event. Please make sure it has an appropriate `as` value and it is preloaded intentionally. @ https://30e7d3.myshopify.com/?oseid=UZF4eKB32pfDdLBw1Ap2ACzC&source=visualPreviewInitialLoad:0
[18118029ms] [WARNING] The resource https://cdn.shopify.com/s/files/1/0680/6572/2620/t/7/assets/app.css?v=41711045368030204751742336208 was preloaded using link preload but not used within a few seconds from the window's load event. Please make sure it has an appropriate `as` value and it is preloaded intentionally. @ https://30e7d3.myshopify.com/?oseid=UZF4eKB32pfDdLBw1Ap2ACzC:0
[18298053ms] [WARNING] The resource https://cdn.shopify.com/s/files/1/0680/6572/2620/t/7/assets/app.css?v=41711045368030204751742336208 was preloaded using link preload but not used within a few seconds from the window's load event. Please make sure it has an appropriate `as` value and it is preloaded intentionally. @ https://30e7d3.myshopify.com/?oseid=UZF4eKB32pfDdLBw1Ap2ACzC&source=visualPreviewInitialLoad:0
[18298343ms] [WARNING] The resource https://cdn.shopify.com/s/files/1/0680/6572/2620/t/7/assets/app.css?v=41711045368030204751742336208 was preloaded using link preload but not used within a few seconds from the window's load event. Please make sure it has an appropriate `as` value and it is preloaded intentionally. @ https://30e7d3.myshopify.com/?oseid=UZF4eKB32pfDdLBw1Ap2ACzC&source=visualPreviewInitialLoad:0
[18298343ms] [WARNING] The resource https://cdn.shopify.com/s/files/1/0680/6572/2620/t/7/assets/app.css?v=41711045368030204751742336208 was preloaded using link preload but not used within a few seconds from the window's load event. Please make sure it has an appropriate `as` value and it is preloaded intentionally. @ https://30e7d3.myshopify.com/?oseid=UZF4eKB32pfDdLBw1Ap2ACzC:0
[18332196ms] [WARNING] The resource https://cdn.shopify.com/s/files/1/0680/6572/2620/t/7/assets/app.css?v=41711045368030204751742336208 was preloaded using link preload but not used within a few seconds from the window's load event. Please make sure it has an appropriate `as` value and it is preloaded intentionally. @ https://30e7d3.myshopify.com/?oseid=UZF4eKB32pfDdLBw1Ap2ACzC:0
[18426689ms] [WARNING] The resource https://cdn.shopify.com/s/files/1/0680/6572/2620/t/7/assets/app.css?v=41711045368030204751742336208 was preloaded using link preload but not used within a few seconds from the window's load event. Please make sure it has an appropriate `as` value and it is preloaded intentionally. @ https://30e7d3.myshopify.com/?oseid=UZF4eKB32pfDdLBw1Ap2ACzC&source=visualPreviewInitialLoad:0
[18431649ms] [WARNING] The resource https://cdn.shopify.com/s/files/1/0680/6572/2620/t/7/assets/app.css?v=41711045368030204751742336208 was preloaded using link preload but not used within a few seconds from the window's load event. Please make sure it has an appropriate `as` value and it is preloaded intentionally. @ https://30e7d3.myshopify.com/?oseid=UZF4eKB32pfDdLBw1Ap2ACzC&source=visualPreviewInitialLoad:0
[18431680ms] [WARNING] The resource https://cdn.shopify.com/s/files/1/0680/6572/2620/t/7/assets/app.css?v=41711045368030204751742336208 was preloaded using link preload but not used within a few seconds from the window's load event. Please make sure it has an appropriate `as` value and it is preloaded intentionally. @ https://30e7d3.myshopify.com/?oseid=UZF4eKB32pfDdLBw1Ap2ACzC:0
[18479745ms] [WARNING] The resource https://cdn.shopify.com/s/files/1/0680/6572/2620/t/7/assets/app.css?v=41711045368030204751742336208 was preloaded using link preload but not used within a few seconds from the window's load event. Please make sure it has an appropriate `as` value and it is preloaded intentionally. @ https://30e7d3.myshopify.com/?oseid=UZF4eKB32pfDdLBw1Ap2ACzC&source=visualPreviewInitialLoad:0
[18480120ms] [WARNING] The resource https://cdn.shopify.com/s/files/1/0680/6572/2620/t/7/assets/app.css?v=41711045368030204751742336208 was preloaded using link preload but not used within a few seconds from the window's load event. Please make sure it has an appropriate `as` value and it is preloaded intentionally. @ https://30e7d3.myshopify.com/?oseid=UZF4eKB32pfDdLBw1Ap2ACzC&source=visualPreviewInitialLoad:0
[18480120ms] [WARNING] The resource https://cdn.shopify.com/s/files/1/0680/6572/2620/t/7/assets/app.css?v=41711045368030204751742336208 was preloaded using link preload but not used within a few seconds from the window's load event. Please make sure it has an appropriate `as` value and it is preloaded intentionally. @ https://30e7d3.myshopify.com/?oseid=UZF4eKB32pfDdLBw1Ap2ACzC:0
[18633841ms] [WARNING] The resource https://cdn.shopify.com/s/files/1/0680/6572/2620/t/7/assets/app.css?v=41711045368030204751742336208 was preloaded using link preload but not used within a few seconds from the window's load event. Please make sure it has an appropriate `as` value and it is preloaded intentionally. @ https://30e7d3.myshopify.com/?oseid=UZF4eKB32pfDdLBw1Ap2ACzC:0
