[  447166ms] [WARNING] [Fast Refresh] performing full reload because your application had an unrecoverable error @ webpack-internal:///(app-pages-browser)/./node_modules/next/dist/next-devtools/shared/forward-logs-shared.js:27
[  449300ms] [ERROR] Failed to load resource: the server responded with a status of 500 (Internal Server Error) @ http://localhost:3000/shopify-collection-mapping:0
[  452931ms] ReferenceError: selectedTypes is not defined
    at ShopifyCollectionMapping (webpack-internal:///(app-pages-browser)/./components/shopify-collection-mapping.tsx:1295:9)
    at Object.react_stack_bottom_frame (webpack-internal:///(app-pages-browser)/./node_modules/next/dist/compiled/react-dom/cjs/react-dom-client.development.js:28039:20)
    at renderWithHooks (webpack-internal:///(app-pages-browser)/./node_modules/next/dist/compiled/react-dom/cjs/react-dom-client.development.js:7985:22)
    at updateFunctionComponent (webpack-internal:///(app-pages-browser)/./node_modules/next/dist/compiled/react-dom/cjs/react-dom-client.development.js:10502:19)
    at beginWork (webpack-internal:///(app-pages-browser)/./node_modules/next/dist/compiled/react-dom/cjs/react-dom-client.development.js:12086:35)
    at runWithFiberInDEV (webpack-internal:///(app-pages-browser)/./node_modules/next/dist/compiled/react-dom/cjs/react-dom-client.development.js:987:30)
    at performUnitOfWork (webpack-internal:///(app-pages-browser)/./node_modules/next/dist/compiled/react-dom/cjs/react-dom-client.development.js:18998:22)
    at workLoopSync (webpack-internal:///(app-pages-browser)/./node_modules/next/dist/compiled/react-dom/cjs/react-dom-client.development.js:18826:41)
    at renderRootSync (webpack-internal:///(app-pages-browser)/./node_modules/next/dist/compiled/react-dom/cjs/react-dom-client.development.js:18807:11)
    at performWorkOnRoot (webpack-internal:///(app-pages-browser)/./node_modules/next/dist/compiled/react-dom/cjs/react-dom-client.development.js:17915:35)
    at performWorkOnRootViaSchedulerTask (webpack-internal:///(app-pages-browser)/./node_modules/next/dist/compiled/react-dom/cjs/react-dom-client.development.js:20385:7)
    at MessagePort.performWorkUntilDeadline (webpack-internal:///(app-pages-browser)/./node_modules/next/dist/compiled/scheduler/cjs/scheduler.development.js:45:48)
[  456591ms] [WARNING] [Fast Refresh] performing full reload because your application had an unrecoverable error @ webpack-internal:///(app-pages-browser)/./node_modules/next/dist/next-devtools/shared/forward-logs-shared.js:27
[  456964ms] [ERROR] Failed to load resource: the server responded with a status of 500 (Internal Server Error) @ http://localhost:3000/shopify-collection-mapping:0
[  458403ms] ReferenceError: selectedTypes is not defined
    at ShopifyCollectionMapping (webpack-internal:///(app-pages-browser)/./components/shopify-collection-mapping.tsx:1294:9)
    at Object.react_stack_bottom_frame (webpack-internal:///(app-pages-browser)/./node_modules/next/dist/compiled/react-dom/cjs/react-dom-client.development.js:28039:20)
    at renderWithHooks (webpack-internal:///(app-pages-browser)/./node_modules/next/dist/compiled/react-dom/cjs/react-dom-client.development.js:7985:22)
    at updateFunctionComponent (webpack-internal:///(app-pages-browser)/./node_modules/next/dist/compiled/react-dom/cjs/react-dom-client.development.js:10502:19)
    at beginWork (webpack-internal:///(app-pages-browser)/./node_modules/next/dist/compiled/react-dom/cjs/react-dom-client.development.js:12086:35)
    at runWithFiberInDEV (webpack-internal:///(app-pages-browser)/./node_modules/next/dist/compiled/react-dom/cjs/react-dom-client.development.js:987:30)
    at performUnitOfWork (webpack-internal:///(app-pages-browser)/./node_modules/next/dist/compiled/react-dom/cjs/react-dom-client.development.js:18998:22)
    at workLoopSync (webpack-internal:///(app-pages-browser)/./node_modules/next/dist/compiled/react-dom/cjs/react-dom-client.development.js:18826:41)
    at renderRootSync (webpack-internal:///(app-pages-browser)/./node_modules/next/dist/compiled/react-dom/cjs/react-dom-client.development.js:18807:11)
    at performWorkOnRoot (webpack-internal:///(app-pages-browser)/./node_modules/next/dist/compiled/react-dom/cjs/react-dom-client.development.js:17915:35)
    at performWorkOnRootViaSchedulerTask (webpack-internal:///(app-pages-browser)/./node_modules/next/dist/compiled/react-dom/cjs/react-dom-client.development.js:20385:7)
    at MessagePort.performWorkUntilDeadline (webpack-internal:///(app-pages-browser)/./node_modules/next/dist/compiled/scheduler/cjs/scheduler.development.js:45:48)
[  459070ms] [WARNING] [Fast Refresh] performing full reload because your application had an unrecoverable error @ webpack-internal:///(app-pages-browser)/./node_modules/next/dist/next-devtools/shared/forward-logs-shared.js:27
[  459192ms] [ERROR] Failed to load resource: the server responded with a status of 500 (Internal Server Error) @ http://localhost:3000/shopify-collection-mapping:0
[  460840ms] ReferenceError: selectedTypes is not defined
    at ShopifyCollectionMapping (webpack-internal:///(app-pages-browser)/./components/shopify-collection-mapping.tsx:1294:9)
    at Object.react_stack_bottom_frame (webpack-internal:///(app-pages-browser)/./node_modules/next/dist/compiled/react-dom/cjs/react-dom-client.development.js:28039:20)
    at renderWithHooks (webpack-internal:///(app-pages-browser)/./node_modules/next/dist/compiled/react-dom/cjs/react-dom-client.development.js:7985:22)
    at updateFunctionComponent (webpack-internal:///(app-pages-browser)/./node_modules/next/dist/compiled/react-dom/cjs/react-dom-client.development.js:10502:19)
    at beginWork (webpack-internal:///(app-pages-browser)/./node_modules/next/dist/compiled/react-dom/cjs/react-dom-client.development.js:12086:35)
    at runWithFiberInDEV (webpack-internal:///(app-pages-browser)/./node_modules/next/dist/compiled/react-dom/cjs/react-dom-client.development.js:987:30)
    at performUnitOfWork (webpack-internal:///(app-pages-browser)/./node_modules/next/dist/compiled/react-dom/cjs/react-dom-client.development.js:18998:22)
    at workLoopSync (webpack-internal:///(app-pages-browser)/./node_modules/next/dist/compiled/react-dom/cjs/react-dom-client.development.js:18826:41)
    at renderRootSync (webpack-internal:///(app-pages-browser)/./node_modules/next/dist/compiled/react-dom/cjs/react-dom-client.development.js:18807:11)
    at performWorkOnRoot (webpack-internal:///(app-pages-browser)/./node_modules/next/dist/compiled/react-dom/cjs/react-dom-client.development.js:17915:35)
    at performWorkOnRootViaSchedulerTask (webpack-internal:///(app-pages-browser)/./node_modules/next/dist/compiled/react-dom/cjs/react-dom-client.development.js:20385:7)
    at MessagePort.performWorkUntilDeadline (webpack-internal:///(app-pages-browser)/./node_modules/next/dist/compiled/scheduler/cjs/scheduler.development.js:45:48)
[  461367ms] [WARNING] [Fast Refresh] performing full reload because your application had an unrecoverable error @ webpack-internal:///(app-pages-browser)/./node_modules/next/dist/next-devtools/shared/forward-logs-shared.js:27
[  461498ms] [ERROR] Failed to load resource: the server responded with a status of 500 (Internal Server Error) @ http://localhost:3000/shopify-collection-mapping:0
[  462731ms] ReferenceError: selectedTypes is not defined
    at ShopifyCollectionMapping (webpack-internal:///(app-pages-browser)/./components/shopify-collection-mapping.tsx:1294:9)
    at Object.react_stack_bottom_frame (webpack-internal:///(app-pages-browser)/./node_modules/next/dist/compiled/react-dom/cjs/react-dom-client.development.js:28039:20)
    at renderWithHooks (webpack-internal:///(app-pages-browser)/./node_modules/next/dist/compiled/react-dom/cjs/react-dom-client.development.js:7985:22)
    at updateFunctionComponent (webpack-internal:///(app-pages-browser)/./node_modules/next/dist/compiled/react-dom/cjs/react-dom-client.development.js:10502:19)
    at beginWork (webpack-internal:///(app-pages-browser)/./node_modules/next/dist/compiled/react-dom/cjs/react-dom-client.development.js:12086:35)
    at runWithFiberInDEV (webpack-internal:///(app-pages-browser)/./node_modules/next/dist/compiled/react-dom/cjs/react-dom-client.development.js:987:30)
    at performUnitOfWork (webpack-internal:///(app-pages-browser)/./node_modules/next/dist/compiled/react-dom/cjs/react-dom-client.development.js:18998:22)
    at workLoopSync (webpack-internal:///(app-pages-browser)/./node_modules/next/dist/compiled/react-dom/cjs/react-dom-client.development.js:18826:41)
    at renderRootSync (webpack-internal:///(app-pages-browser)/./node_modules/next/dist/compiled/react-dom/cjs/react-dom-client.development.js:18807:11)
    at performWorkOnRoot (webpack-internal:///(app-pages-browser)/./node_modules/next/dist/compiled/react-dom/cjs/react-dom-client.development.js:17915:35)
    at performWorkOnRootViaSchedulerTask (webpack-internal:///(app-pages-browser)/./node_modules/next/dist/compiled/react-dom/cjs/react-dom-client.development.js:20385:7)
    at MessagePort.performWorkUntilDeadline (webpack-internal:///(app-pages-browser)/./node_modules/next/dist/compiled/scheduler/cjs/scheduler.development.js:45:48)
[  463327ms] [WARNING] [Fast Refresh] performing full reload because your application had an unrecoverable error @ webpack-internal:///(app-pages-browser)/./node_modules/next/dist/next-devtools/shared/forward-logs-shared.js:27
[  463456ms] [ERROR] Failed to load resource: the server responded with a status of 500 (Internal Server Error) @ http://localhost:3000/shopify-collection-mapping:0
[  464830ms] ReferenceError: selectedTypes is not defined
    at ShopifyCollectionMapping (webpack-internal:///(app-pages-browser)/./components/shopify-collection-mapping.tsx:1294:9)
    at Object.react_stack_bottom_frame (webpack-internal:///(app-pages-browser)/./node_modules/next/dist/compiled/react-dom/cjs/react-dom-client.development.js:28039:20)
    at renderWithHooks (webpack-internal:///(app-pages-browser)/./node_modules/next/dist/compiled/react-dom/cjs/react-dom-client.development.js:7985:22)
    at updateFunctionComponent (webpack-internal:///(app-pages-browser)/./node_modules/next/dist/compiled/react-dom/cjs/react-dom-client.development.js:10502:19)
    at beginWork (webpack-internal:///(app-pages-browser)/./node_modules/next/dist/compiled/react-dom/cjs/react-dom-client.development.js:12086:35)
    at runWithFiberInDEV (webpack-internal:///(app-pages-browser)/./node_modules/next/dist/compiled/react-dom/cjs/react-dom-client.development.js:987:30)
    at performUnitOfWork (webpack-internal:///(app-pages-browser)/./node_modules/next/dist/compiled/react-dom/cjs/react-dom-client.development.js:18998:22)
    at workLoopSync (webpack-internal:///(app-pages-browser)/./node_modules/next/dist/compiled/react-dom/cjs/react-dom-client.development.js:18826:41)
    at renderRootSync (webpack-internal:///(app-pages-browser)/./node_modules/next/dist/compiled/react-dom/cjs/react-dom-client.development.js:18807:11)
    at performWorkOnRoot (webpack-internal:///(app-pages-browser)/./node_modules/next/dist/compiled/react-dom/cjs/react-dom-client.development.js:17915:35)
    at performWorkOnRootViaSchedulerTask (webpack-internal:///(app-pages-browser)/./node_modules/next/dist/compiled/react-dom/cjs/react-dom-client.development.js:20385:7)
    at MessagePort.performWorkUntilDeadline (webpack-internal:///(app-pages-browser)/./node_modules/next/dist/compiled/scheduler/cjs/scheduler.development.js:45:48)
[  465360ms] [WARNING] [Fast Refresh] performing full reload because your application had an unrecoverable error @ webpack-internal:///(app-pages-browser)/./node_modules/next/dist/next-devtools/shared/forward-logs-shared.js:27
[  465499ms] [ERROR] Failed to load resource: the server responded with a status of 500 (Internal Server Error) @ http://localhost:3000/shopify-collection-mapping:0
[  466579ms] ReferenceError: selectedTypes is not defined
    at ShopifyCollectionMapping (webpack-internal:///(app-pages-browser)/./components/shopify-collection-mapping.tsx:1294:9)
    at Object.react_stack_bottom_frame (webpack-internal:///(app-pages-browser)/./node_modules/next/dist/compiled/react-dom/cjs/react-dom-client.development.js:28039:20)
    at renderWithHooks (webpack-internal:///(app-pages-browser)/./node_modules/next/dist/compiled/react-dom/cjs/react-dom-client.development.js:7985:22)
    at updateFunctionComponent (webpack-internal:///(app-pages-browser)/./node_modules/next/dist/compiled/react-dom/cjs/react-dom-client.development.js:10502:19)
    at beginWork (webpack-internal:///(app-pages-browser)/./node_modules/next/dist/compiled/react-dom/cjs/react-dom-client.development.js:12086:35)
    at runWithFiberInDEV (webpack-internal:///(app-pages-browser)/./node_modules/next/dist/compiled/react-dom/cjs/react-dom-client.development.js:987:30)
    at performUnitOfWork (webpack-internal:///(app-pages-browser)/./node_modules/next/dist/compiled/react-dom/cjs/react-dom-client.development.js:18998:22)
    at workLoopSync (webpack-internal:///(app-pages-browser)/./node_modules/next/dist/compiled/react-dom/cjs/react-dom-client.development.js:18826:41)
    at renderRootSync (webpack-internal:///(app-pages-browser)/./node_modules/next/dist/compiled/react-dom/cjs/react-dom-client.development.js:18807:11)
    at performWorkOnRoot (webpack-internal:///(app-pages-browser)/./node_modules/next/dist/compiled/react-dom/cjs/react-dom-client.development.js:17915:35)
    at performWorkOnRootViaSchedulerTask (webpack-internal:///(app-pages-browser)/./node_modules/next/dist/compiled/react-dom/cjs/react-dom-client.development.js:20385:7)
    at MessagePort.performWorkUntilDeadline (webpack-internal:///(app-pages-browser)/./node_modules/next/dist/compiled/scheduler/cjs/scheduler.development.js:45:48)
[  467022ms] [WARNING] [Fast Refresh] performing full reload because your application had an unrecoverable error @ webpack-internal:///(app-pages-browser)/./node_modules/next/dist/next-devtools/shared/forward-logs-shared.js:27
[  467267ms] [ERROR] Failed to load resource: the server responded with a status of 500 (Internal Server Error) @ http://localhost:3000/shopify-collection-mapping:0
[  468598ms] ReferenceError: selectedTypes is not defined
    at ShopifyCollectionMapping (webpack-internal:///(app-pages-browser)/./components/shopify-collection-mapping.tsx:1294:9)
    at Object.react_stack_bottom_frame (webpack-internal:///(app-pages-browser)/./node_modules/next/dist/compiled/react-dom/cjs/react-dom-client.development.js:28039:20)
    at renderWithHooks (webpack-internal:///(app-pages-browser)/./node_modules/next/dist/compiled/react-dom/cjs/react-dom-client.development.js:7985:22)
    at updateFunctionComponent (webpack-internal:///(app-pages-browser)/./node_modules/next/dist/compiled/react-dom/cjs/react-dom-client.development.js:10502:19)
    at beginWork (webpack-internal:///(app-pages-browser)/./node_modules/next/dist/compiled/react-dom/cjs/react-dom-client.development.js:12086:35)
    at runWithFiberInDEV (webpack-internal:///(app-pages-browser)/./node_modules/next/dist/compiled/react-dom/cjs/react-dom-client.development.js:987:30)
    at performUnitOfWork (webpack-internal:///(app-pages-browser)/./node_modules/next/dist/compiled/react-dom/cjs/react-dom-client.development.js:18998:22)
    at workLoopSync (webpack-internal:///(app-pages-browser)/./node_modules/next/dist/compiled/react-dom/cjs/react-dom-client.development.js:18826:41)
    at renderRootSync (webpack-internal:///(app-pages-browser)/./node_modules/next/dist/compiled/react-dom/cjs/react-dom-client.development.js:18807:11)
    at performWorkOnRoot (webpack-internal:///(app-pages-browser)/./node_modules/next/dist/compiled/react-dom/cjs/react-dom-client.development.js:17915:35)
    at performWorkOnRootViaSchedulerTask (webpack-internal:///(app-pages-browser)/./node_modules/next/dist/compiled/react-dom/cjs/react-dom-client.development.js:20385:7)
    at MessagePort.performWorkUntilDeadline (webpack-internal:///(app-pages-browser)/./node_modules/next/dist/compiled/scheduler/cjs/scheduler.development.js:45:48)
[  469046ms] [WARNING] [Fast Refresh] performing full reload because your application had an unrecoverable error @ webpack-internal:///(app-pages-browser)/./node_modules/next/dist/next-devtools/shared/forward-logs-shared.js:27
[  469181ms] [ERROR] Failed to load resource: the server responded with a status of 500 (Internal Server Error) @ http://localhost:3000/shopify-collection-mapping:0
[  470361ms] ReferenceError: selectedTypes is not defined
    at ShopifyCollectionMapping (webpack-internal:///(app-pages-browser)/./components/shopify-collection-mapping.tsx:1294:9)
    at Object.react_stack_bottom_frame (webpack-internal:///(app-pages-browser)/./node_modules/next/dist/compiled/react-dom/cjs/react-dom-client.development.js:28039:20)
    at renderWithHooks (webpack-internal:///(app-pages-browser)/./node_modules/next/dist/compiled/react-dom/cjs/react-dom-client.development.js:7985:22)
    at updateFunctionComponent (webpack-internal:///(app-pages-browser)/./node_modules/next/dist/compiled/react-dom/cjs/react-dom-client.development.js:10502:19)
    at beginWork (webpack-internal:///(app-pages-browser)/./node_modules/next/dist/compiled/react-dom/cjs/react-dom-client.development.js:12086:35)
    at runWithFiberInDEV (webpack-internal:///(app-pages-browser)/./node_modules/next/dist/compiled/react-dom/cjs/react-dom-client.development.js:987:30)
    at performUnitOfWork (webpack-internal:///(app-pages-browser)/./node_modules/next/dist/compiled/react-dom/cjs/react-dom-client.development.js:18998:22)
    at workLoopSync (webpack-internal:///(app-pages-browser)/./node_modules/next/dist/compiled/react-dom/cjs/react-dom-client.development.js:18826:41)
    at renderRootSync (webpack-internal:///(app-pages-browser)/./node_modules/next/dist/compiled/react-dom/cjs/react-dom-client.development.js:18807:11)
    at performWorkOnRoot (webpack-internal:///(app-pages-browser)/./node_modules/next/dist/compiled/react-dom/cjs/react-dom-client.development.js:17915:35)
    at performWorkOnRootViaSchedulerTask (webpack-internal:///(app-pages-browser)/./node_modules/next/dist/compiled/react-dom/cjs/react-dom-client.development.js:20385:7)
    at MessagePort.performWorkUntilDeadline (webpack-internal:///(app-pages-browser)/./node_modules/next/dist/compiled/scheduler/cjs/scheduler.development.js:45:48)
[  470959ms] [WARNING] [Fast Refresh] performing full reload because your application had an unrecoverable error @ webpack-internal:///(app-pages-browser)/./node_modules/next/dist/next-devtools/shared/forward-logs-shared.js:27
[  472648ms] [WARNING] [Fast Refresh] performing full reload because your application had an unrecoverable error @ webpack-internal:///(app-pages-browser)/./node_modules/next/dist/next-devtools/shared/forward-logs-shared.js:27
[  473390ms] [WARNING] [Fast Refresh] performing full reload because your application had an unrecoverable error @ webpack-internal:///(app-pages-browser)/./node_modules/next/dist/next-devtools/shared/forward-logs-shared.js:27
[  473967ms] [ERROR] Failed to load resource: the server responded with a status of 500 (Internal Server Error) @ http://localhost:3000/shopify-collection-mapping:0
[  475213ms] ReferenceError: selectedTypes is not defined
    at ShopifyCollectionMapping (webpack-internal:///(app-pages-browser)/./components/shopify-collection-mapping.tsx:2022:9)
    at Object.react_stack_bottom_frame (webpack-internal:///(app-pages-browser)/./node_modules/next/dist/compiled/react-dom/cjs/react-dom-client.development.js:28039:20)
    at renderWithHooks (webpack-internal:///(app-pages-browser)/./node_modules/next/dist/compiled/react-dom/cjs/react-dom-client.development.js:7985:22)
    at updateFunctionComponent (webpack-internal:///(app-pages-browser)/./node_modules/next/dist/compiled/react-dom/cjs/react-dom-client.development.js:10502:19)
    at beginWork (webpack-internal:///(app-pages-browser)/./node_modules/next/dist/compiled/react-dom/cjs/react-dom-client.development.js:12086:35)
    at runWithFiberInDEV (webpack-internal:///(app-pages-browser)/./node_modules/next/dist/compiled/react-dom/cjs/react-dom-client.development.js:987:30)
    at performUnitOfWork (webpack-internal:///(app-pages-browser)/./node_modules/next/dist/compiled/react-dom/cjs/react-dom-client.development.js:18998:22)
    at workLoopSync (webpack-internal:///(app-pages-browser)/./node_modules/next/dist/compiled/react-dom/cjs/react-dom-client.development.js:18826:41)
    at renderRootSync (webpack-internal:///(app-pages-browser)/./node_modules/next/dist/compiled/react-dom/cjs/react-dom-client.development.js:18807:11)
    at performWorkOnRoot (webpack-internal:///(app-pages-browser)/./node_modules/next/dist/compiled/react-dom/cjs/react-dom-client.development.js:17915:35)
    at performWorkOnRootViaSchedulerTask (webpack-internal:///(app-pages-browser)/./node_modules/next/dist/compiled/react-dom/cjs/react-dom-client.development.js:20385:7)
    at MessagePort.performWorkUntilDeadline (webpack-internal:///(app-pages-browser)/./node_modules/next/dist/compiled/scheduler/cjs/scheduler.development.js:45:48)
[  475639ms] [WARNING] [Fast Refresh] performing full reload because your application had an unrecoverable error @ webpack-internal:///(app-pages-browser)/./node_modules/next/dist/next-devtools/shared/forward-logs-shared.js:27
[  475765ms] [ERROR] Failed to load resource: the server responded with a status of 500 (Internal Server Error) @ http://localhost:3000/shopify-collection-mapping:0
[  477125ms] ReferenceError: selectedTypes is not defined
    at ShopifyCollectionMapping (webpack-internal:///(app-pages-browser)/./components/shopify-collection-mapping.tsx:2022:9)
    at Object.react_stack_bottom_frame (webpack-internal:///(app-pages-browser)/./node_modules/next/dist/compiled/react-dom/cjs/react-dom-client.development.js:28039:20)
    at renderWithHooks (webpack-internal:///(app-pages-browser)/./node_modules/next/dist/compiled/react-dom/cjs/react-dom-client.development.js:7985:22)
    at updateFunctionComponent (webpack-internal:///(app-pages-browser)/./node_modules/next/dist/compiled/react-dom/cjs/react-dom-client.development.js:10502:19)
    at beginWork (webpack-internal:///(app-pages-browser)/./node_modules/next/dist/compiled/react-dom/cjs/react-dom-client.development.js:12086:35)
    at runWithFiberInDEV (webpack-internal:///(app-pages-browser)/./node_modules/next/dist/compiled/react-dom/cjs/react-dom-client.development.js:987:30)
    at performUnitOfWork (webpack-internal:///(app-pages-browser)/./node_modules/next/dist/compiled/react-dom/cjs/react-dom-client.development.js:18998:22)
    at workLoopSync (webpack-internal:///(app-pages-browser)/./node_modules/next/dist/compiled/react-dom/cjs/react-dom-client.development.js:18826:41)
    at renderRootSync (webpack-internal:///(app-pages-browser)/./node_modules/next/dist/compiled/react-dom/cjs/react-dom-client.development.js:18807:11)
    at performWorkOnRoot (webpack-internal:///(app-pages-browser)/./node_modules/next/dist/compiled/react-dom/cjs/react-dom-client.development.js:17915:35)
    at performWorkOnRootViaSchedulerTask (webpack-internal:///(app-pages-browser)/./node_modules/next/dist/compiled/react-dom/cjs/react-dom-client.development.js:20385:7)
    at MessagePort.performWorkUntilDeadline (webpack-internal:///(app-pages-browser)/./node_modules/next/dist/compiled/scheduler/cjs/scheduler.development.js:45:48)
[  477652ms] [WARNING] [Fast Refresh] performing full reload because your application had an unrecoverable error @ webpack-internal:///(app-pages-browser)/./node_modules/next/dist/next-devtools/shared/forward-logs-shared.js:27
[  477844ms] [ERROR] Failed to load resource: the server responded with a status of 500 (Internal Server Error) @ http://localhost:3000/shopify-collection-mapping:0
[  479314ms] ReferenceError: selectedTypes is not defined
    at ShopifyCollectionMapping (webpack-internal:///(app-pages-browser)/./components/shopify-collection-mapping.tsx:2022:9)
    at Object.react_stack_bottom_frame (webpack-internal:///(app-pages-browser)/./node_modules/next/dist/compiled/react-dom/cjs/react-dom-client.development.js:28039:20)
    at renderWithHooks (webpack-internal:///(app-pages-browser)/./node_modules/next/dist/compiled/react-dom/cjs/react-dom-client.development.js:7985:22)
    at updateFunctionComponent (webpack-internal:///(app-pages-browser)/./node_modules/next/dist/compiled/react-dom/cjs/react-dom-client.development.js:10502:19)
    at beginWork (webpack-internal:///(app-pages-browser)/./node_modules/next/dist/compiled/react-dom/cjs/react-dom-client.development.js:12086:35)
    at runWithFiberInDEV (webpack-internal:///(app-pages-browser)/./node_modules/next/dist/compiled/react-dom/cjs/react-dom-client.development.js:987:30)
    at performUnitOfWork (webpack-internal:///(app-pages-browser)/./node_modules/next/dist/compiled/react-dom/cjs/react-dom-client.development.js:18998:22)
    at workLoopSync (webpack-internal:///(app-pages-browser)/./node_modules/next/dist/compiled/react-dom/cjs/react-dom-client.development.js:18826:41)
    at renderRootSync (webpack-internal:///(app-pages-browser)/./node_modules/next/dist/compiled/react-dom/cjs/react-dom-client.development.js:18807:11)
    at performWorkOnRoot (webpack-internal:///(app-pages-browser)/./node_modules/next/dist/compiled/react-dom/cjs/react-dom-client.development.js:17915:35)
    at performWorkOnRootViaSchedulerTask (webpack-internal:///(app-pages-browser)/./node_modules/next/dist/compiled/react-dom/cjs/react-dom-client.development.js:20385:7)
    at MessagePort.performWorkUntilDeadline (webpack-internal:///(app-pages-browser)/./node_modules/next/dist/compiled/scheduler/cjs/scheduler.development.js:45:48)
[  479830ms] [WARNING] [Fast Refresh] performing full reload because your application had an unrecoverable error @ webpack-internal:///(app-pages-browser)/./node_modules/next/dist/next-devtools/shared/forward-logs-shared.js:27
[  480239ms] [ERROR] Failed to load resource: the server responded with a status of 500 (Internal Server Error) @ http://localhost:3000/shopify-collection-mapping:0
[  481192ms] ReferenceError: selectedTypes is not defined
    at ShopifyCollectionMapping (webpack-internal:///(app-pages-browser)/./components/shopify-collection-mapping.tsx:2022:9)
    at Object.react_stack_bottom_frame (webpack-internal:///(app-pages-browser)/./node_modules/next/dist/compiled/react-dom/cjs/react-dom-client.development.js:28039:20)
    at renderWithHooks (webpack-internal:///(app-pages-browser)/./node_modules/next/dist/compiled/react-dom/cjs/react-dom-client.development.js:7985:22)
    at updateFunctionComponent (webpack-internal:///(app-pages-browser)/./node_modules/next/dist/compiled/react-dom/cjs/react-dom-client.development.js:10502:19)
    at beginWork (webpack-internal:///(app-pages-browser)/./node_modules/next/dist/compiled/react-dom/cjs/react-dom-client.development.js:12086:35)
    at runWithFiberInDEV (webpack-internal:///(app-pages-browser)/./node_modules/next/dist/compiled/react-dom/cjs/react-dom-client.development.js:987:30)
    at performUnitOfWork (webpack-internal:///(app-pages-browser)/./node_modules/next/dist/compiled/react-dom/cjs/react-dom-client.development.js:18998:22)
    at workLoopSync (webpack-internal:///(app-pages-browser)/./node_modules/next/dist/compiled/react-dom/cjs/react-dom-client.development.js:18826:41)
    at renderRootSync (webpack-internal:///(app-pages-browser)/./node_modules/next/dist/compiled/react-dom/cjs/react-dom-client.development.js:18807:11)
    at performWorkOnRoot (webpack-internal:///(app-pages-browser)/./node_modules/next/dist/compiled/react-dom/cjs/react-dom-client.development.js:17915:35)
    at performWorkOnRootViaSchedulerTask (webpack-internal:///(app-pages-browser)/./node_modules/next/dist/compiled/react-dom/cjs/react-dom-client.development.js:20385:7)
    at MessagePort.performWorkUntilDeadline (webpack-internal:///(app-pages-browser)/./node_modules/next/dist/compiled/scheduler/cjs/scheduler.development.js:45:48)
[  481604ms] [WARNING] [Fast Refresh] performing full reload because your application had an unrecoverable error @ webpack-internal:///(app-pages-browser)/./node_modules/next/dist/next-devtools/shared/forward-logs-shared.js:27
[  481884ms] [ERROR] Failed to load resource: the server responded with a status of 500 (Internal Server Error) @ http://localhost:3000/shopify-collection-mapping:0
[  483023ms] ReferenceError: selectedTypes is not defined
    at ShopifyCollectionMapping (webpack-internal:///(app-pages-browser)/./components/shopify-collection-mapping.tsx:2022:9)
    at Object.react_stack_bottom_frame (webpack-internal:///(app-pages-browser)/./node_modules/next/dist/compiled/react-dom/cjs/react-dom-client.development.js:28039:20)
    at renderWithHooks (webpack-internal:///(app-pages-browser)/./node_modules/next/dist/compiled/react-dom/cjs/react-dom-client.development.js:7985:22)
    at updateFunctionComponent (webpack-internal:///(app-pages-browser)/./node_modules/next/dist/compiled/react-dom/cjs/react-dom-client.development.js:10502:19)
    at beginWork (webpack-internal:///(app-pages-browser)/./node_modules/next/dist/compiled/react-dom/cjs/react-dom-client.development.js:12086:35)
    at runWithFiberInDEV (webpack-internal:///(app-pages-browser)/./node_modules/next/dist/compiled/react-dom/cjs/react-dom-client.development.js:987:30)
    at performUnitOfWork (webpack-internal:///(app-pages-browser)/./node_modules/next/dist/compiled/react-dom/cjs/react-dom-client.development.js:18998:22)
    at workLoopSync (webpack-internal:///(app-pages-browser)/./node_modules/next/dist/compiled/react-dom/cjs/react-dom-client.development.js:18826:41)
    at renderRootSync (webpack-internal:///(app-pages-browser)/./node_modules/next/dist/compiled/react-dom/cjs/react-dom-client.development.js:18807:11)
    at performWorkOnRoot (webpack-internal:///(app-pages-browser)/./node_modules/next/dist/compiled/react-dom/cjs/react-dom-client.development.js:17915:35)
    at performWorkOnRootViaSchedulerTask (webpack-internal:///(app-pages-browser)/./node_modules/next/dist/compiled/react-dom/cjs/react-dom-client.development.js:20385:7)
    at MessagePort.performWorkUntilDeadline (webpack-internal:///(app-pages-browser)/./node_modules/next/dist/compiled/scheduler/cjs/scheduler.development.js:45:48)
[  483636ms] [WARNING] [Fast Refresh] performing full reload because your application had an unrecoverable error @ webpack-internal:///(app-pages-browser)/./node_modules/next/dist/next-devtools/shared/forward-logs-shared.js:27
[  483797ms] [ERROR] Failed to load resource: the server responded with a status of 500 (Internal Server Error) @ http://localhost:3000/shopify-collection-mapping:0
[  485142ms] ReferenceError: selectedTypes is not defined
    at ShopifyCollectionMapping (webpack-internal:///(app-pages-browser)/./components/shopify-collection-mapping.tsx:2022:9)
    at Object.react_stack_bottom_frame (webpack-internal:///(app-pages-browser)/./node_modules/next/dist/compiled/react-dom/cjs/react-dom-client.development.js:28039:20)
    at renderWithHooks (webpack-internal:///(app-pages-browser)/./node_modules/next/dist/compiled/react-dom/cjs/react-dom-client.development.js:7985:22)
    at updateFunctionComponent (webpack-internal:///(app-pages-browser)/./node_modules/next/dist/compiled/react-dom/cjs/react-dom-client.development.js:10502:19)
    at beginWork (webpack-internal:///(app-pages-browser)/./node_modules/next/dist/compiled/react-dom/cjs/react-dom-client.development.js:12086:35)
    at runWithFiberInDEV (webpack-internal:///(app-pages-browser)/./node_modules/next/dist/compiled/react-dom/cjs/react-dom-client.development.js:987:30)
    at performUnitOfWork (webpack-internal:///(app-pages-browser)/./node_modules/next/dist/compiled/react-dom/cjs/react-dom-client.development.js:18998:22)
    at workLoopSync (webpack-internal:///(app-pages-browser)/./node_modules/next/dist/compiled/react-dom/cjs/react-dom-client.development.js:18826:41)
    at renderRootSync (webpack-internal:///(app-pages-browser)/./node_modules/next/dist/compiled/react-dom/cjs/react-dom-client.development.js:18807:11)
    at performWorkOnRoot (webpack-internal:///(app-pages-browser)/./node_modules/next/dist/compiled/react-dom/cjs/react-dom-client.development.js:17915:35)
    at performWorkOnRootViaSchedulerTask (webpack-internal:///(app-pages-browser)/./node_modules/next/dist/compiled/react-dom/cjs/react-dom-client.development.js:20385:7)
    at MessagePort.performWorkUntilDeadline (webpack-internal:///(app-pages-browser)/./node_modules/next/dist/compiled/scheduler/cjs/scheduler.development.js:45:48)
[  485569ms] [WARNING] [Fast Refresh] performing full reload because your application had an unrecoverable error @ webpack-internal:///(app-pages-browser)/./node_modules/next/dist/next-devtools/shared/forward-logs-shared.js:27
[  485722ms] [ERROR] Failed to load resource: the server responded with a status of 500 (Internal Server Error) @ http://localhost:3000/shopify-collection-mapping:0
[  486926ms] ReferenceError: selectedTypes is not defined
    at ShopifyCollectionMapping (webpack-internal:///(app-pages-browser)/./components/shopify-collection-mapping.tsx:2022:9)
    at Object.react_stack_bottom_frame (webpack-internal:///(app-pages-browser)/./node_modules/next/dist/compiled/react-dom/cjs/react-dom-client.development.js:28039:20)
    at renderWithHooks (webpack-internal:///(app-pages-browser)/./node_modules/next/dist/compiled/react-dom/cjs/react-dom-client.development.js:7985:22)
    at updateFunctionComponent (webpack-internal:///(app-pages-browser)/./node_modules/next/dist/compiled/react-dom/cjs/react-dom-client.development.js:10502:19)
    at beginWork (webpack-internal:///(app-pages-browser)/./node_modules/next/dist/compiled/react-dom/cjs/react-dom-client.development.js:12086:35)
    at runWithFiberInDEV (webpack-internal:///(app-pages-browser)/./node_modules/next/dist/compiled/react-dom/cjs/react-dom-client.development.js:987:30)
    at performUnitOfWork (webpack-internal:///(app-pages-browser)/./node_modules/next/dist/compiled/react-dom/cjs/react-dom-client.development.js:18998:22)
    at workLoopSync (webpack-internal:///(app-pages-browser)/./node_modules/next/dist/compiled/react-dom/cjs/react-dom-client.development.js:18826:41)
    at renderRootSync (webpack-internal:///(app-pages-browser)/./node_modules/next/dist/compiled/react-dom/cjs/react-dom-client.development.js:18807:11)
    at performWorkOnRoot (webpack-internal:///(app-pages-browser)/./node_modules/next/dist/compiled/react-dom/cjs/react-dom-client.development.js:17915:35)
    at performWorkOnRootViaSchedulerTask (webpack-internal:///(app-pages-browser)/./node_modules/next/dist/compiled/react-dom/cjs/react-dom-client.development.js:20385:7)
    at MessagePort.performWorkUntilDeadline (webpack-internal:///(app-pages-browser)/./node_modules/next/dist/compiled/scheduler/cjs/scheduler.development.js:45:48)
[  487386ms] [WARNING] [Fast Refresh] performing full reload because your application had an unrecoverable error @ webpack-internal:///(app-pages-browser)/./node_modules/next/dist/next-devtools/shared/forward-logs-shared.js:27
[  487594ms] [ERROR] Failed to load resource: the server responded with a status of 500 (Internal Server Error) @ http://localhost:3000/shopify-collection-mapping:0
[  488781ms] ReferenceError: selectedTypes is not defined
    at ShopifyCollectionMapping (webpack-internal:///(app-pages-browser)/./components/shopify-collection-mapping.tsx:2022:9)
    at Object.react_stack_bottom_frame (webpack-internal:///(app-pages-browser)/./node_modules/next/dist/compiled/react-dom/cjs/react-dom-client.development.js:28039:20)
    at renderWithHooks (webpack-internal:///(app-pages-browser)/./node_modules/next/dist/compiled/react-dom/cjs/react-dom-client.development.js:7985:22)
    at updateFunctionComponent (webpack-internal:///(app-pages-browser)/./node_modules/next/dist/compiled/react-dom/cjs/react-dom-client.development.js:10502:19)
    at beginWork (webpack-internal:///(app-pages-browser)/./node_modules/next/dist/compiled/react-dom/cjs/react-dom-client.development.js:12086:35)
    at runWithFiberInDEV (webpack-internal:///(app-pages-browser)/./node_modules/next/dist/compiled/react-dom/cjs/react-dom-client.development.js:987:30)
    at performUnitOfWork (webpack-internal:///(app-pages-browser)/./node_modules/next/dist/compiled/react-dom/cjs/react-dom-client.development.js:18998:22)
    at workLoopSync (webpack-internal:///(app-pages-browser)/./node_modules/next/dist/compiled/react-dom/cjs/react-dom-client.development.js:18826:41)
    at renderRootSync (webpack-internal:///(app-pages-browser)/./node_modules/next/dist/compiled/react-dom/cjs/react-dom-client.development.js:18807:11)
    at performWorkOnRoot (webpack-internal:///(app-pages-browser)/./node_modules/next/dist/compiled/react-dom/cjs/react-dom-client.development.js:17915:35)
    at performWorkOnRootViaSchedulerTask (webpack-internal:///(app-pages-browser)/./node_modules/next/dist/compiled/react-dom/cjs/react-dom-client.development.js:20385:7)
    at MessagePort.performWorkUntilDeadline (webpack-internal:///(app-pages-browser)/./node_modules/next/dist/compiled/scheduler/cjs/scheduler.development.js:45:48)
[  489203ms] [WARNING] [Fast Refresh] performing full reload because your application had an unrecoverable error @ webpack-internal:///(app-pages-browser)/./node_modules/next/dist/next-devtools/shared/forward-logs-shared.js:27
[  489337ms] [ERROR] Failed to load resource: the server responded with a status of 500 (Internal Server Error) @ http://localhost:3000/shopify-collection-mapping:0
[  490562ms] ReferenceError: selectedTypes is not defined
    at ShopifyCollectionMapping (webpack-internal:///(app-pages-browser)/./components/shopify-collection-mapping.tsx:2022:9)
    at Object.react_stack_bottom_frame (webpack-internal:///(app-pages-browser)/./node_modules/next/dist/compiled/react-dom/cjs/react-dom-client.development.js:28039:20)
    at renderWithHooks (webpack-internal:///(app-pages-browser)/./node_modules/next/dist/compiled/react-dom/cjs/react-dom-client.development.js:7985:22)
    at updateFunctionComponent (webpack-internal:///(app-pages-browser)/./node_modules/next/dist/compiled/react-dom/cjs/react-dom-client.development.js:10502:19)
    at beginWork (webpack-internal:///(app-pages-browser)/./node_modules/next/dist/compiled/react-dom/cjs/react-dom-client.development.js:12086:35)
    at runWithFiberInDEV (webpack-internal:///(app-pages-browser)/./node_modules/next/dist/compiled/react-dom/cjs/react-dom-client.development.js:987:30)
    at performUnitOfWork (webpack-internal:///(app-pages-browser)/./node_modules/next/dist/compiled/react-dom/cjs/react-dom-client.development.js:18998:22)
    at workLoopSync (webpack-internal:///(app-pages-browser)/./node_modules/next/dist/compiled/react-dom/cjs/react-dom-client.development.js:18826:41)
    at renderRootSync (webpack-internal:///(app-pages-browser)/./node_modules/next/dist/compiled/react-dom/cjs/react-dom-client.development.js:18807:11)
    at performWorkOnRoot (webpack-internal:///(app-pages-browser)/./node_modules/next/dist/compiled/react-dom/cjs/react-dom-client.development.js:17915:35)
    at performWorkOnRootViaSchedulerTask (webpack-internal:///(app-pages-browser)/./node_modules/next/dist/compiled/react-dom/cjs/react-dom-client.development.js:20385:7)
    at MessagePort.performWorkUntilDeadline (webpack-internal:///(app-pages-browser)/./node_modules/next/dist/compiled/scheduler/cjs/scheduler.development.js:45:48)
[  491027ms] [WARNING] [Fast Refresh] performing full reload because your application had an unrecoverable error @ webpack-internal:///(app-pages-browser)/./node_modules/next/dist/next-devtools/shared/forward-logs-shared.js:27
[  491181ms] [ERROR] Failed to load resource: the server responded with a status of 500 (Internal Server Error) @ http://localhost:3000/shopify-collection-mapping:0
[  493056ms] Invalid or unexpected token
[  493106ms] ChunkLoadError: Loading chunk app/shopify-collection-mapping/page failed.
(missing: http://localhost:3000/_next/static/chunks/app/shopify-collection-mapping/page.js)
    at __webpack_require__.f.j (http://localhost:3000/_next/static/chunks/webpack.js:854:29)
    at http://localhost:3000/_next/static/chunks/webpack.js:145:40
    at Array.reduce (<anonymous>)
    at __webpack_require__.e (http://localhost:3000/_next/static/chunks/webpack.js:144:67)
    at fn.e (http://localhost:3000/_next/static/chunks/webpack.js:381:50)
    at loadChunk (webpack-internal:///(app-pages-browser)/./node_modules/next/dist/compiled/react-server-dom-webpack/cjs/react-server-dom-webpack-client.browser.development.js:113:34)
    at preloadModule (webpack-internal:///(app-pages-browser)/./node_modules/next/dist/compiled/react-server-dom-webpack/cjs/react-server-dom-webpack-client.browser.development.js:82:31)
    at resolveModule (webpack-internal:///(app-pages-browser)/./node_modules/next/dist/compiled/react-server-dom-webpack/cjs/react-server-dom-webpack-client.browser.development.js:2902:20)
    at processFullStringRow (webpack-internal:///(app-pages-browser)/./node_modules/next/dist/compiled/react-server-dom-webpack/cjs/react-server-dom-webpack-client.browser.development.js:4314:11)
    at processFullBinaryRow (webpack-internal:///(app-pages-browser)/./node_modules/next/dist/compiled/react-server-dom-webpack/cjs/react-server-dom-webpack-client.browser.development.js:4309:7)
    at processBinaryChunk (webpack-internal:///(app-pages-browser)/./node_modules/next/dist/compiled/react-server-dom-webpack/cjs/react-server-dom-webpack-client.browser.development.js:4532:19)
    at progress (webpack-internal:///(app-pages-browser)/./node_modules/next/dist/compiled/react-server-dom-webpack/cjs/react-server-dom-webpack-client.browser.development.js:4808:9)
[  493214ms] [WARNING] [Fast Refresh] performing full reload because your application had an unrecoverable error @ webpack-internal:///(app-pages-browser)/./node_modules/next/dist/next-devtools/shared/forward-logs-shared.js:27
[  494160ms] [WARNING] [Fast Refresh] performing full reload because your application had an unrecoverable error @ webpack-internal:///(app-pages-browser)/./node_modules/next/dist/next-devtools/shared/forward-logs-shared.js:27
[  495005ms] [WARNING] [Fast Refresh] performing full reload because your application had an unrecoverable error @ webpack-internal:///(app-pages-browser)/./node_modules/next/dist/next-devtools/shared/forward-logs-shared.js:27
[  496156ms] [ERROR] Failed to load resource: the server responded with a status of 500 (Internal Server Error) @ http://localhost:3000/shopify-collection-mapping:0
[  497749ms] ReferenceError: Cannot access 'appliedFilterTypeSet' before initialization
    at ShopifyCollectionMapping (webpack-internal:///(app-pages-browser)/./components/shopify-collection-mapping.tsx:921:9)
    at Object.react_stack_bottom_frame (webpack-internal:///(app-pages-browser)/./node_modules/next/dist/compiled/react-dom/cjs/react-dom-client.development.js:28039:20)
    at renderWithHooks (webpack-internal:///(app-pages-browser)/./node_modules/next/dist/compiled/react-dom/cjs/react-dom-client.development.js:7985:22)
    at updateFunctionComponent (webpack-internal:///(app-pages-browser)/./node_modules/next/dist/compiled/react-dom/cjs/react-dom-client.development.js:10502:19)
    at beginWork (webpack-internal:///(app-pages-browser)/./node_modules/next/dist/compiled/react-dom/cjs/react-dom-client.development.js:12086:35)
    at runWithFiberInDEV (webpack-internal:///(app-pages-browser)/./node_modules/next/dist/compiled/react-dom/cjs/react-dom-client.development.js:987:30)
    at performUnitOfWork (webpack-internal:///(app-pages-browser)/./node_modules/next/dist/compiled/react-dom/cjs/react-dom-client.development.js:18998:22)
    at workLoopSync (webpack-internal:///(app-pages-browser)/./node_modules/next/dist/compiled/react-dom/cjs/react-dom-client.development.js:18826:41)
    at renderRootSync (webpack-internal:///(app-pages-browser)/./node_modules/next/dist/compiled/react-dom/cjs/react-dom-client.development.js:18807:11)
    at performWorkOnRoot (webpack-internal:///(app-pages-browser)/./node_modules/next/dist/compiled/react-dom/cjs/react-dom-client.development.js:17915:35)
    at performWorkOnRootViaSchedulerTask (webpack-internal:///(app-pages-browser)/./node_modules/next/dist/compiled/react-dom/cjs/react-dom-client.development.js:20385:7)
    at MessagePort.performWorkUntilDeadline (webpack-internal:///(app-pages-browser)/./node_modules/next/dist/compiled/scheduler/cjs/scheduler.development.js:45:48)
[  498447ms] [ERROR] Failed to load resource: the server responded with a status of 500 (Internal Server Error) @ http://localhost:3000/shopify-collection-mapping:0
[  499410ms] ReferenceError: Cannot access 'appliedFilterTypeSet' before initialization
    at ShopifyCollectionMapping (webpack-internal:///(app-pages-browser)/./components/shopify-collection-mapping.tsx:921:9)
    at Object.react_stack_bottom_frame (webpack-internal:///(app-pages-browser)/./node_modules/next/dist/compiled/react-dom/cjs/react-dom-client.development.js:28039:20)
    at renderWithHooks (webpack-internal:///(app-pages-browser)/./node_modules/next/dist/compiled/react-dom/cjs/react-dom-client.development.js:7985:22)
    at updateFunctionComponent (webpack-internal:///(app-pages-browser)/./node_modules/next/dist/compiled/react-dom/cjs/react-dom-client.development.js:10502:19)
    at beginWork (webpack-internal:///(app-pages-browser)/./node_modules/next/dist/compiled/react-dom/cjs/react-dom-client.development.js:12086:35)
    at runWithFiberInDEV (webpack-internal:///(app-pages-browser)/./node_modules/next/dist/compiled/react-dom/cjs/react-dom-client.development.js:987:30)
    at performUnitOfWork (webpack-internal:///(app-pages-browser)/./node_modules/next/dist/compiled/react-dom/cjs/react-dom-client.development.js:18998:22)
    at workLoopSync (webpack-internal:///(app-pages-browser)/./node_modules/next/dist/compiled/react-dom/cjs/react-dom-client.development.js:18826:41)
    at renderRootSync (webpack-internal:///(app-pages-browser)/./node_modules/next/dist/compiled/react-dom/cjs/react-dom-client.development.js:18807:11)
    at performWorkOnRoot (webpack-internal:///(app-pages-browser)/./node_modules/next/dist/compiled/react-dom/cjs/react-dom-client.development.js:17915:35)
    at performWorkOnRootViaSchedulerTask (webpack-internal:///(app-pages-browser)/./node_modules/next/dist/compiled/react-dom/cjs/react-dom-client.development.js:20385:7)
    at MessagePort.performWorkUntilDeadline (webpack-internal:///(app-pages-browser)/./node_modules/next/dist/compiled/scheduler/cjs/scheduler.development.js:45:48)
[  499962ms] [WARNING] [Fast Refresh] performing full reload because your application had an unrecoverable error @ webpack-internal:///(app-pages-browser)/./node_modules/next/dist/next-devtools/shared/forward-logs-shared.js:27
[  500088ms] [ERROR] Failed to load resource: the server responded with a status of 500 (Internal Server Error) @ http://localhost:3000/shopify-collection-mapping:0
[  501302ms] ReferenceError: Cannot access 'appliedFilterTypeSet' before initialization
    at ShopifyCollectionMapping (webpack-internal:///(app-pages-browser)/./components/shopify-collection-mapping.tsx:921:9)
    at Object.react_stack_bottom_frame (webpack-internal:///(app-pages-browser)/./node_modules/next/dist/compiled/react-dom/cjs/react-dom-client.development.js:28039:20)
    at renderWithHooks (webpack-internal:///(app-pages-browser)/./node_modules/next/dist/compiled/react-dom/cjs/react-dom-client.development.js:7985:22)
    at updateFunctionComponent (webpack-internal:///(app-pages-browser)/./node_modules/next/dist/compiled/react-dom/cjs/react-dom-client.development.js:10502:19)
    at beginWork (webpack-internal:///(app-pages-browser)/./node_modules/next/dist/compiled/react-dom/cjs/react-dom-client.development.js:12086:35)
    at runWithFiberInDEV (webpack-internal:///(app-pages-browser)/./node_modules/next/dist/compiled/react-dom/cjs/react-dom-client.development.js:987:30)
    at performUnitOfWork (webpack-internal:///(app-pages-browser)/./node_modules/next/dist/compiled/react-dom/cjs/react-dom-client.development.js:18998:22)
    at workLoopSync (webpack-internal:///(app-pages-browser)/./node_modules/next/dist/compiled/react-dom/cjs/react-dom-client.development.js:18826:41)
    at renderRootSync (webpack-internal:///(app-pages-browser)/./node_modules/next/dist/compiled/react-dom/cjs/react-dom-client.development.js:18807:11)
    at performWorkOnRoot (webpack-internal:///(app-pages-browser)/./node_modules/next/dist/compiled/react-dom/cjs/react-dom-client.development.js:17915:35)
    at performWorkOnRootViaSchedulerTask (webpack-internal:///(app-pages-browser)/./node_modules/next/dist/compiled/react-dom/cjs/react-dom-client.development.js:20385:7)
    at MessagePort.performWorkUntilDeadline (webpack-internal:///(app-pages-browser)/./node_modules/next/dist/compiled/scheduler/cjs/scheduler.development.js:45:48)
[  501820ms] [WARNING] [Fast Refresh] performing full reload because your application had an unrecoverable error @ webpack-internal:///(app-pages-browser)/./node_modules/next/dist/next-devtools/shared/forward-logs-shared.js:27
[  502004ms] [ERROR] Failed to load resource: the server responded with a status of 500 (Internal Server Error) @ http://localhost:3000/shopify-collection-mapping:0
[  503061ms] ReferenceError: Cannot access 'appliedFilterTypeSet' before initialization
    at ShopifyCollectionMapping (webpack-internal:///(app-pages-browser)/./components/shopify-collection-mapping.tsx:921:9)
    at Object.react_stack_bottom_frame (webpack-internal:///(app-pages-browser)/./node_modules/next/dist/compiled/react-dom/cjs/react-dom-client.development.js:28039:20)
    at renderWithHooks (webpack-internal:///(app-pages-browser)/./node_modules/next/dist/compiled/react-dom/cjs/react-dom-client.development.js:7985:22)
    at updateFunctionComponent (webpack-internal:///(app-pages-browser)/./node_modules/next/dist/compiled/react-dom/cjs/react-dom-client.development.js:10502:19)
    at beginWork (webpack-internal:///(app-pages-browser)/./node_modules/next/dist/compiled/react-dom/cjs/react-dom-client.development.js:12086:35)
    at runWithFiberInDEV (webpack-internal:///(app-pages-browser)/./node_modules/next/dist/compiled/react-dom/cjs/react-dom-client.development.js:987:30)
    at performUnitOfWork (webpack-internal:///(app-pages-browser)/./node_modules/next/dist/compiled/react-dom/cjs/react-dom-client.development.js:18998:22)
    at workLoopSync (webpack-internal:///(app-pages-browser)/./node_modules/next/dist/compiled/react-dom/cjs/react-dom-client.development.js:18826:41)
    at renderRootSync (webpack-internal:///(app-pages-browser)/./node_modules/next/dist/compiled/react-dom/cjs/react-dom-client.development.js:18807:11)
    at performWorkOnRoot (webpack-internal:///(app-pages-browser)/./node_modules/next/dist/compiled/react-dom/cjs/react-dom-client.development.js:17915:35)
    at performWorkOnRootViaSchedulerTask (webpack-internal:///(app-pages-browser)/./node_modules/next/dist/compiled/react-dom/cjs/react-dom-client.development.js:20385:7)
    at MessagePort.performWorkUntilDeadline (webpack-internal:///(app-pages-browser)/./node_modules/next/dist/compiled/scheduler/cjs/scheduler.development.js:45:48)
[  504053ms] [WARNING] [Fast Refresh] performing full reload because your application had an unrecoverable error @ webpack-internal:///(app-pages-browser)/./node_modules/next/dist/next-devtools/shared/forward-logs-shared.js:27
[  504172ms] [ERROR] Failed to load resource: the server responded with a status of 500 (Internal Server Error) @ http://localhost:3000/shopify-collection-mapping:0
[  505209ms] ReferenceError: Cannot access 'appliedFilterTypeSet' before initialization
    at ShopifyCollectionMapping (webpack-internal:///(app-pages-browser)/./components/shopify-collection-mapping.tsx:921:9)
    at Object.react_stack_bottom_frame (webpack-internal:///(app-pages-browser)/./node_modules/next/dist/compiled/react-dom/cjs/react-dom-client.development.js:28039:20)
    at renderWithHooks (webpack-internal:///(app-pages-browser)/./node_modules/next/dist/compiled/react-dom/cjs/react-dom-client.development.js:7985:22)
    at updateFunctionComponent (webpack-internal:///(app-pages-browser)/./node_modules/next/dist/compiled/react-dom/cjs/react-dom-client.development.js:10502:19)
    at beginWork (webpack-internal:///(app-pages-browser)/./node_modules/next/dist/compiled/react-dom/cjs/react-dom-client.development.js:12086:35)
    at runWithFiberInDEV (webpack-internal:///(app-pages-browser)/./node_modules/next/dist/compiled/react-dom/cjs/react-dom-client.development.js:987:30)
    at performUnitOfWork (webpack-internal:///(app-pages-browser)/./node_modules/next/dist/compiled/react-dom/cjs/react-dom-client.development.js:18998:22)
    at workLoopSync (webpack-internal:///(app-pages-browser)/./node_modules/next/dist/compiled/react-dom/cjs/react-dom-client.development.js:18826:41)
    at renderRootSync (webpack-internal:///(app-pages-browser)/./node_modules/next/dist/compiled/react-dom/cjs/react-dom-client.development.js:18807:11)
    at performWorkOnRoot (webpack-internal:///(app-pages-browser)/./node_modules/next/dist/compiled/react-dom/cjs/react-dom-client.development.js:17915:35)
    at performWorkOnRootViaSchedulerTask (webpack-internal:///(app-pages-browser)/./node_modules/next/dist/compiled/react-dom/cjs/react-dom-client.development.js:20385:7)
    at MessagePort.performWorkUntilDeadline (webpack-internal:///(app-pages-browser)/./node_modules/next/dist/compiled/scheduler/cjs/scheduler.development.js:45:48)
[  505638ms] [WARNING] [Fast Refresh] performing full reload because your application had an unrecoverable error @ webpack-internal:///(app-pages-browser)/./node_modules/next/dist/next-devtools/shared/forward-logs-shared.js:27
[  505771ms] [ERROR] Failed to load resource: the server responded with a status of 500 (Internal Server Error) @ http://localhost:3000/shopify-collection-mapping:0
[  506875ms] ReferenceError: Cannot access 'appliedFilterTypeSet' before initialization
    at ShopifyCollectionMapping (webpack-internal:///(app-pages-browser)/./components/shopify-collection-mapping.tsx:921:9)
    at Object.react_stack_bottom_frame (webpack-internal:///(app-pages-browser)/./node_modules/next/dist/compiled/react-dom/cjs/react-dom-client.development.js:28039:20)
    at renderWithHooks (webpack-internal:///(app-pages-browser)/./node_modules/next/dist/compiled/react-dom/cjs/react-dom-client.development.js:7985:22)
    at updateFunctionComponent (webpack-internal:///(app-pages-browser)/./node_modules/next/dist/compiled/react-dom/cjs/react-dom-client.development.js:10502:19)
    at beginWork (webpack-internal:///(app-pages-browser)/./node_modules/next/dist/compiled/react-dom/cjs/react-dom-client.development.js:12086:35)
    at runWithFiberInDEV (webpack-internal:///(app-pages-browser)/./node_modules/next/dist/compiled/react-dom/cjs/react-dom-client.development.js:987:30)
    at performUnitOfWork (webpack-internal:///(app-pages-browser)/./node_modules/next/dist/compiled/react-dom/cjs/react-dom-client.development.js:18998:22)
    at workLoopSync (webpack-internal:///(app-pages-browser)/./node_modules/next/dist/compiled/react-dom/cjs/react-dom-client.development.js:18826:41)
    at renderRootSync (webpack-internal:///(app-pages-browser)/./node_modules/next/dist/compiled/react-dom/cjs/react-dom-client.development.js:18807:11)
    at performWorkOnRoot (webpack-internal:///(app-pages-browser)/./node_modules/next/dist/compiled/react-dom/cjs/react-dom-client.development.js:17915:35)
    at performWorkOnRootViaSchedulerTask (webpack-internal:///(app-pages-browser)/./node_modules/next/dist/compiled/react-dom/cjs/react-dom-client.development.js:20385:7)
    at MessagePort.performWorkUntilDeadline (webpack-internal:///(app-pages-browser)/./node_modules/next/dist/compiled/scheduler/cjs/scheduler.development.js:45:48)
[  507318ms] [WARNING] [Fast Refresh] performing full reload because your application had an unrecoverable error @ webpack-internal:///(app-pages-browser)/./node_modules/next/dist/next-devtools/shared/forward-logs-shared.js:27
[  507481ms] [ERROR] Failed to load resource: the server responded with a status of 500 (Internal Server Error) @ http://localhost:3000/shopify-collection-mapping:0
[  508737ms] ReferenceError: Cannot access 'appliedFilterTypeSet' before initialization
    at ShopifyCollectionMapping (webpack-internal:///(app-pages-browser)/./components/shopify-collection-mapping.tsx:921:9)
    at Object.react_stack_bottom_frame (webpack-internal:///(app-pages-browser)/./node_modules/next/dist/compiled/react-dom/cjs/react-dom-client.development.js:28039:20)
    at renderWithHooks (webpack-internal:///(app-pages-browser)/./node_modules/next/dist/compiled/react-dom/cjs/react-dom-client.development.js:7985:22)
    at updateFunctionComponent (webpack-internal:///(app-pages-browser)/./node_modules/next/dist/compiled/react-dom/cjs/react-dom-client.development.js:10502:19)
    at beginWork (webpack-internal:///(app-pages-browser)/./node_modules/next/dist/compiled/react-dom/cjs/react-dom-client.development.js:12086:35)
    at runWithFiberInDEV (webpack-internal:///(app-pages-browser)/./node_modules/next/dist/compiled/react-dom/cjs/react-dom-client.development.js:987:30)
    at performUnitOfWork (webpack-internal:///(app-pages-browser)/./node_modules/next/dist/compiled/react-dom/cjs/react-dom-client.development.js:18998:22)
    at workLoopSync (webpack-internal:///(app-pages-browser)/./node_modules/next/dist/compiled/react-dom/cjs/react-dom-client.development.js:18826:41)
    at renderRootSync (webpack-internal:///(app-pages-browser)/./node_modules/next/dist/compiled/react-dom/cjs/react-dom-client.development.js:18807:11)
    at performWorkOnRoot (webpack-internal:///(app-pages-browser)/./node_modules/next/dist/compiled/react-dom/cjs/react-dom-client.development.js:17915:35)
    at performWorkOnRootViaSchedulerTask (webpack-internal:///(app-pages-browser)/./node_modules/next/dist/compiled/react-dom/cjs/react-dom-client.development.js:20385:7)
    at MessagePort.performWorkUntilDeadline (webpack-internal:///(app-pages-browser)/./node_modules/next/dist/compiled/scheduler/cjs/scheduler.development.js:45:48)
[  509185ms] [WARNING] [Fast Refresh] performing full reload because your application had an unrecoverable error @ webpack-internal:///(app-pages-browser)/./node_modules/next/dist/next-devtools/shared/forward-logs-shared.js:27
[  509425ms] [ERROR] Failed to load resource: the server responded with a status of 500 (Internal Server Error) @ http://localhost:3000/shopify-collection-mapping:0
[  510534ms] ReferenceError: Cannot access 'appliedFilterTypeSet' before initialization
    at ShopifyCollectionMapping (webpack-internal:///(app-pages-browser)/./components/shopify-collection-mapping.tsx:921:9)
    at Object.react_stack_bottom_frame (webpack-internal:///(app-pages-browser)/./node_modules/next/dist/compiled/react-dom/cjs/react-dom-client.development.js:28039:20)
    at renderWithHooks (webpack-internal:///(app-pages-browser)/./node_modules/next/dist/compiled/react-dom/cjs/react-dom-client.development.js:7985:22)
    at updateFunctionComponent (webpack-internal:///(app-pages-browser)/./node_modules/next/dist/compiled/react-dom/cjs/react-dom-client.development.js:10502:19)
    at beginWork (webpack-internal:///(app-pages-browser)/./node_modules/next/dist/compiled/react-dom/cjs/react-dom-client.development.js:12086:35)
    at runWithFiberInDEV (webpack-internal:///(app-pages-browser)/./node_modules/next/dist/compiled/react-dom/cjs/react-dom-client.development.js:987:30)
    at performUnitOfWork (webpack-internal:///(app-pages-browser)/./node_modules/next/dist/compiled/react-dom/cjs/react-dom-client.development.js:18998:22)
    at workLoopSync (webpack-internal:///(app-pages-browser)/./node_modules/next/dist/compiled/react-dom/cjs/react-dom-client.development.js:18826:41)
    at renderRootSync (webpack-internal:///(app-pages-browser)/./node_modules/next/dist/compiled/react-dom/cjs/react-dom-client.development.js:18807:11)
    at performWorkOnRoot (webpack-internal:///(app-pages-browser)/./node_modules/next/dist/compiled/react-dom/cjs/react-dom-client.development.js:17915:35)
    at performWorkOnRootViaSchedulerTask (webpack-internal:///(app-pages-browser)/./node_modules/next/dist/compiled/react-dom/cjs/react-dom-client.development.js:20385:7)
    at MessagePort.performWorkUntilDeadline (webpack-internal:///(app-pages-browser)/./node_modules/next/dist/compiled/scheduler/cjs/scheduler.development.js:45:48)
[  510970ms] [WARNING] [Fast Refresh] performing full reload because your application had an unrecoverable error @ webpack-internal:///(app-pages-browser)/./node_modules/next/dist/next-devtools/shared/forward-logs-shared.js:27
[  511067ms] [ERROR] Failed to load resource: the server responded with a status of 500 (Internal Server Error) @ http://localhost:3000/shopify-collection-mapping:0
[  512131ms] ReferenceError: Cannot access 'appliedFilterTypeSet' before initialization
    at ShopifyCollectionMapping (webpack-internal:///(app-pages-browser)/./components/shopify-collection-mapping.tsx:921:9)
    at Object.react_stack_bottom_frame (webpack-internal:///(app-pages-browser)/./node_modules/next/dist/compiled/react-dom/cjs/react-dom-client.development.js:28039:20)
    at renderWithHooks (webpack-internal:///(app-pages-browser)/./node_modules/next/dist/compiled/react-dom/cjs/react-dom-client.development.js:7985:22)
    at updateFunctionComponent (webpack-internal:///(app-pages-browser)/./node_modules/next/dist/compiled/react-dom/cjs/react-dom-client.development.js:10502:19)
    at beginWork (webpack-internal:///(app-pages-browser)/./node_modules/next/dist/compiled/react-dom/cjs/react-dom-client.development.js:12086:35)
    at runWithFiberInDEV (webpack-internal:///(app-pages-browser)/./node_modules/next/dist/compiled/react-dom/cjs/react-dom-client.development.js:987:30)
    at performUnitOfWork (webpack-internal:///(app-pages-browser)/./node_modules/next/dist/compiled/react-dom/cjs/react-dom-client.development.js:18998:22)
    at workLoopSync (webpack-internal:///(app-pages-browser)/./node_modules/next/dist/compiled/react-dom/cjs/react-dom-client.development.js:18826:41)
    at renderRootSync (webpack-internal:///(app-pages-browser)/./node_modules/next/dist/compiled/react-dom/cjs/react-dom-client.development.js:18807:11)
    at performWorkOnRoot (webpack-internal:///(app-pages-browser)/./node_modules/next/dist/compiled/react-dom/cjs/react-dom-client.development.js:17915:35)
    at performWorkOnRootViaSchedulerTask (webpack-internal:///(app-pages-browser)/./node_modules/next/dist/compiled/react-dom/cjs/react-dom-client.development.js:20385:7)
    at MessagePort.performWorkUntilDeadline (webpack-internal:///(app-pages-browser)/./node_modules/next/dist/compiled/scheduler/cjs/scheduler.development.js:45:48)
[  512515ms] [WARNING] [Fast Refresh] performing full reload because your application had an unrecoverable error @ webpack-internal:///(app-pages-browser)/./node_modules/next/dist/next-devtools/shared/forward-logs-shared.js:27
[  512670ms] [ERROR] Failed to load resource: the server responded with a status of 500 (Internal Server Error) @ http://localhost:3000/shopify-collection-mapping:0
[  513666ms] ReferenceError: Cannot access 'appliedFilterTypeSet' before initialization
    at ShopifyCollectionMapping (webpack-internal:///(app-pages-browser)/./components/shopify-collection-mapping.tsx:921:9)
    at Object.react_stack_bottom_frame (webpack-internal:///(app-pages-browser)/./node_modules/next/dist/compiled/react-dom/cjs/react-dom-client.development.js:28039:20)
    at renderWithHooks (webpack-internal:///(app-pages-browser)/./node_modules/next/dist/compiled/react-dom/cjs/react-dom-client.development.js:7985:22)
    at updateFunctionComponent (webpack-internal:///(app-pages-browser)/./node_modules/next/dist/compiled/react-dom/cjs/react-dom-client.development.js:10502:19)
    at beginWork (webpack-internal:///(app-pages-browser)/./node_modules/next/dist/compiled/react-dom/cjs/react-dom-client.development.js:12086:35)
    at runWithFiberInDEV (webpack-internal:///(app-pages-browser)/./node_modules/next/dist/compiled/react-dom/cjs/react-dom-client.development.js:987:30)
    at performUnitOfWork (webpack-internal:///(app-pages-browser)/./node_modules/next/dist/compiled/react-dom/cjs/react-dom-client.development.js:18998:22)
    at workLoopSync (webpack-internal:///(app-pages-browser)/./node_modules/next/dist/compiled/react-dom/cjs/react-dom-client.development.js:18826:41)
    at renderRootSync (webpack-internal:///(app-pages-browser)/./node_modules/next/dist/compiled/react-dom/cjs/react-dom-client.development.js:18807:11)
    at performWorkOnRoot (webpack-internal:///(app-pages-browser)/./node_modules/next/dist/compiled/react-dom/cjs/react-dom-client.development.js:17915:35)
    at performWorkOnRootViaSchedulerTask (webpack-internal:///(app-pages-browser)/./node_modules/next/dist/compiled/react-dom/cjs/react-dom-client.development.js:20385:7)
    at MessagePort.performWorkUntilDeadline (webpack-internal:///(app-pages-browser)/./node_modules/next/dist/compiled/scheduler/cjs/scheduler.development.js:45:48)
[  514099ms] [WARNING] [Fast Refresh] performing full reload because your application had an unrecoverable error @ webpack-internal:///(app-pages-browser)/./node_modules/next/dist/next-devtools/shared/forward-logs-shared.js:27
[  514218ms] [ERROR] Failed to load resource: the server responded with a status of 500 (Internal Server Error) @ http://localhost:3000/shopify-collection-mapping:0
[  515324ms] ReferenceError: Cannot access 'appliedFilterTypeSet' before initialization
    at ShopifyCollectionMapping (webpack-internal:///(app-pages-browser)/./components/shopify-collection-mapping.tsx:921:9)
    at Object.react_stack_bottom_frame (webpack-internal:///(app-pages-browser)/./node_modules/next/dist/compiled/react-dom/cjs/react-dom-client.development.js:28039:20)
    at renderWithHooks (webpack-internal:///(app-pages-browser)/./node_modules/next/dist/compiled/react-dom/cjs/react-dom-client.development.js:7985:22)
    at updateFunctionComponent (webpack-internal:///(app-pages-browser)/./node_modules/next/dist/compiled/react-dom/cjs/react-dom-client.development.js:10502:19)
    at beginWork (webpack-internal:///(app-pages-browser)/./node_modules/next/dist/compiled/react-dom/cjs/react-dom-client.development.js:12086:35)
    at runWithFiberInDEV (webpack-internal:///(app-pages-browser)/./node_modules/next/dist/compiled/react-dom/cjs/react-dom-client.development.js:987:30)
    at performUnitOfWork (webpack-internal:///(app-pages-browser)/./node_modules/next/dist/compiled/react-dom/cjs/react-dom-client.development.js:18998:22)
    at workLoopSync (webpack-internal:///(app-pages-browser)/./node_modules/next/dist/compiled/react-dom/cjs/react-dom-client.development.js:18826:41)
    at renderRootSync (webpack-internal:///(app-pages-browser)/./node_modules/next/dist/compiled/react-dom/cjs/react-dom-client.development.js:18807:11)
    at performWorkOnRoot (webpack-internal:///(app-pages-browser)/./node_modules/next/dist/compiled/react-dom/cjs/react-dom-client.development.js:17915:35)
    at performWorkOnRootViaSchedulerTask (webpack-internal:///(app-pages-browser)/./node_modules/next/dist/compiled/react-dom/cjs/react-dom-client.development.js:20385:7)
    at MessagePort.performWorkUntilDeadline (webpack-internal:///(app-pages-browser)/./node_modules/next/dist/compiled/scheduler/cjs/scheduler.development.js:45:48)
[  516072ms] [WARNING] [Fast Refresh] performing full reload because your application had an unrecoverable error @ webpack-internal:///(app-pages-browser)/./node_modules/next/dist/next-devtools/shared/forward-logs-shared.js:27
[  516247ms] [ERROR] Failed to load resource: the server responded with a status of 500 (Internal Server Error) @ http://localhost:3000/shopify-collection-mapping:0
[  517423ms] ReferenceError: Cannot access 'appliedFilterTypeSet' before initialization
    at ShopifyCollectionMapping (webpack-internal:///(app-pages-browser)/./components/shopify-collection-mapping.tsx:921:9)
    at Object.react_stack_bottom_frame (webpack-internal:///(app-pages-browser)/./node_modules/next/dist/compiled/react-dom/cjs/react-dom-client.development.js:28039:20)
    at renderWithHooks (webpack-internal:///(app-pages-browser)/./node_modules/next/dist/compiled/react-dom/cjs/react-dom-client.development.js:7985:22)
    at updateFunctionComponent (webpack-internal:///(app-pages-browser)/./node_modules/next/dist/compiled/react-dom/cjs/react-dom-client.development.js:10502:19)
    at beginWork (webpack-internal:///(app-pages-browser)/./node_modules/next/dist/compiled/react-dom/cjs/react-dom-client.development.js:12086:35)
    at runWithFiberInDEV (webpack-internal:///(app-pages-browser)/./node_modules/next/dist/compiled/react-dom/cjs/react-dom-client.development.js:987:30)
    at performUnitOfWork (webpack-internal:///(app-pages-browser)/./node_modules/next/dist/compiled/react-dom/cjs/react-dom-client.development.js:18998:22)
    at workLoopSync (webpack-internal:///(app-pages-browser)/./node_modules/next/dist/compiled/react-dom/cjs/react-dom-client.development.js:18826:41)
    at renderRootSync (webpack-internal:///(app-pages-browser)/./node_modules/next/dist/compiled/react-dom/cjs/react-dom-client.development.js:18807:11)
    at performWorkOnRoot (webpack-internal:///(app-pages-browser)/./node_modules/next/dist/compiled/react-dom/cjs/react-dom-client.development.js:17915:35)
    at performWorkOnRootViaSchedulerTask (webpack-internal:///(app-pages-browser)/./node_modules/next/dist/compiled/react-dom/cjs/react-dom-client.development.js:20385:7)
    at MessagePort.performWorkUntilDeadline (webpack-internal:///(app-pages-browser)/./node_modules/next/dist/compiled/scheduler/cjs/scheduler.development.js:45:48)
[  517817ms] [WARNING] [Fast Refresh] performing full reload because your application had an unrecoverable error @ webpack-internal:///(app-pages-browser)/./node_modules/next/dist/next-devtools/shared/forward-logs-shared.js:27
[  517945ms] [ERROR] Failed to load resource: the server responded with a status of 500 (Internal Server Error) @ http://localhost:3000/shopify-collection-mapping:0
[  518971ms] ReferenceError: Cannot access 'appliedFilterTypeSet' before initialization
    at ShopifyCollectionMapping (webpack-internal:///(app-pages-browser)/./components/shopify-collection-mapping.tsx:921:9)
    at Object.react_stack_bottom_frame (webpack-internal:///(app-pages-browser)/./node_modules/next/dist/compiled/react-dom/cjs/react-dom-client.development.js:28039:20)
    at renderWithHooks (webpack-internal:///(app-pages-browser)/./node_modules/next/dist/compiled/react-dom/cjs/react-dom-client.development.js:7985:22)
    at updateFunctionComponent (webpack-internal:///(app-pages-browser)/./node_modules/next/dist/compiled/react-dom/cjs/react-dom-client.development.js:10502:19)
    at beginWork (webpack-internal:///(app-pages-browser)/./node_modules/next/dist/compiled/react-dom/cjs/react-dom-client.development.js:12086:35)
    at runWithFiberInDEV (webpack-internal:///(app-pages-browser)/./node_modules/next/dist/compiled/react-dom/cjs/react-dom-client.development.js:987:30)
    at performUnitOfWork (webpack-internal:///(app-pages-browser)/./node_modules/next/dist/compiled/react-dom/cjs/react-dom-client.development.js:18998:22)
    at workLoopSync (webpack-internal:///(app-pages-browser)/./node_modules/next/dist/compiled/react-dom/cjs/react-dom-client.development.js:18826:41)
    at renderRootSync (webpack-internal:///(app-pages-browser)/./node_modules/next/dist/compiled/react-dom/cjs/react-dom-client.development.js:18807:11)
    at performWorkOnRoot (webpack-internal:///(app-pages-browser)/./node_modules/next/dist/compiled/react-dom/cjs/react-dom-client.development.js:17915:35)
    at performWorkOnRootViaSchedulerTask (webpack-internal:///(app-pages-browser)/./node_modules/next/dist/compiled/react-dom/cjs/react-dom-client.development.js:20385:7)
    at MessagePort.performWorkUntilDeadline (webpack-internal:///(app-pages-browser)/./node_modules/next/dist/compiled/scheduler/cjs/scheduler.development.js:45:48)
[  519390ms] [WARNING] [Fast Refresh] performing full reload because your application had an unrecoverable error @ webpack-internal:///(app-pages-browser)/./node_modules/next/dist/next-devtools/shared/forward-logs-shared.js:27
[  519502ms] [ERROR] Failed to load resource: the server responded with a status of 500 (Internal Server Error) @ http://localhost:3000/shopify-collection-mapping:0
[  520582ms] ReferenceError: Cannot access 'appliedFilterTypeSet' before initialization
    at ShopifyCollectionMapping (webpack-internal:///(app-pages-browser)/./components/shopify-collection-mapping.tsx:921:9)
    at Object.react_stack_bottom_frame (webpack-internal:///(app-pages-browser)/./node_modules/next/dist/compiled/react-dom/cjs/react-dom-client.development.js:28039:20)
    at renderWithHooks (webpack-internal:///(app-pages-browser)/./node_modules/next/dist/compiled/react-dom/cjs/react-dom-client.development.js:7985:22)
    at updateFunctionComponent (webpack-internal:///(app-pages-browser)/./node_modules/next/dist/compiled/react-dom/cjs/react-dom-client.development.js:10502:19)
    at beginWork (webpack-internal:///(app-pages-browser)/./node_modules/next/dist/compiled/react-dom/cjs/react-dom-client.development.js:12086:35)
    at runWithFiberInDEV (webpack-internal:///(app-pages-browser)/./node_modules/next/dist/compiled/react-dom/cjs/react-dom-client.development.js:987:30)
    at performUnitOfWork (webpack-internal:///(app-pages-browser)/./node_modules/next/dist/compiled/react-dom/cjs/react-dom-client.development.js:18998:22)
    at workLoopSync (webpack-internal:///(app-pages-browser)/./node_modules/next/dist/compiled/react-dom/cjs/react-dom-client.development.js:18826:41)
    at renderRootSync (webpack-internal:///(app-pages-browser)/./node_modules/next/dist/compiled/react-dom/cjs/react-dom-client.development.js:18807:11)
    at performWorkOnRoot (webpack-internal:///(app-pages-browser)/./node_modules/next/dist/compiled/react-dom/cjs/react-dom-client.development.js:17915:35)
    at performWorkOnRootViaSchedulerTask (webpack-internal:///(app-pages-browser)/./node_modules/next/dist/compiled/react-dom/cjs/react-dom-client.development.js:20385:7)
    at MessagePort.performWorkUntilDeadline (webpack-internal:///(app-pages-browser)/./node_modules/next/dist/compiled/scheduler/cjs/scheduler.development.js:45:48)
[  521047ms] [WARNING] [Fast Refresh] performing full reload because your application had an unrecoverable error @ webpack-internal:///(app-pages-browser)/./node_modules/next/dist/next-devtools/shared/forward-logs-shared.js:27
[  521176ms] [ERROR] Failed to load resource: the server responded with a status of 500 (Internal Server Error) @ http://localhost:3000/shopify-collection-mapping:0
[  522212ms] ReferenceError: Cannot access 'appliedFilterTypeSet' before initialization
    at ShopifyCollectionMapping (webpack-internal:///(app-pages-browser)/./components/shopify-collection-mapping.tsx:921:9)
    at Object.react_stack_bottom_frame (webpack-internal:///(app-pages-browser)/./node_modules/next/dist/compiled/react-dom/cjs/react-dom-client.development.js:28039:20)
    at renderWithHooks (webpack-internal:///(app-pages-browser)/./node_modules/next/dist/compiled/react-dom/cjs/react-dom-client.development.js:7985:22)
    at updateFunctionComponent (webpack-internal:///(app-pages-browser)/./node_modules/next/dist/compiled/react-dom/cjs/react-dom-client.development.js:10502:19)
    at beginWork (webpack-internal:///(app-pages-browser)/./node_modules/next/dist/compiled/react-dom/cjs/react-dom-client.development.js:12086:35)
    at runWithFiberInDEV (webpack-internal:///(app-pages-browser)/./node_modules/next/dist/compiled/react-dom/cjs/react-dom-client.development.js:987:30)
    at performUnitOfWork (webpack-internal:///(app-pages-browser)/./node_modules/next/dist/compiled/react-dom/cjs/react-dom-client.development.js:18998:22)
    at workLoopSync (webpack-internal:///(app-pages-browser)/./node_modules/next/dist/compiled/react-dom/cjs/react-dom-client.development.js:18826:41)
    at renderRootSync (webpack-internal:///(app-pages-browser)/./node_modules/next/dist/compiled/react-dom/cjs/react-dom-client.development.js:18807:11)
    at performWorkOnRoot (webpack-internal:///(app-pages-browser)/./node_modules/next/dist/compiled/react-dom/cjs/react-dom-client.development.js:17915:35)
    at performWorkOnRootViaSchedulerTask (webpack-internal:///(app-pages-browser)/./node_modules/next/dist/compiled/react-dom/cjs/react-dom-client.development.js:20385:7)
    at MessagePort.performWorkUntilDeadline (webpack-internal:///(app-pages-browser)/./node_modules/next/dist/compiled/scheduler/cjs/scheduler.development.js:45:48)
[  522661ms] [WARNING] [Fast Refresh] performing full reload because your application had an unrecoverable error @ webpack-internal:///(app-pages-browser)/./node_modules/next/dist/next-devtools/shared/forward-logs-shared.js:27
[  522848ms] [ERROR] Failed to load resource: the server responded with a status of 500 (Internal Server Error) @ http://localhost:3000/shopify-collection-mapping:0
[  524102ms] ReferenceError: Cannot access 'appliedFilterTypeSet' before initialization
    at ShopifyCollectionMapping (webpack-internal:///(app-pages-browser)/./components/shopify-collection-mapping.tsx:921:9)
    at Object.react_stack_bottom_frame (webpack-internal:///(app-pages-browser)/./node_modules/next/dist/compiled/react-dom/cjs/react-dom-client.development.js:28039:20)
    at renderWithHooks (webpack-internal:///(app-pages-browser)/./node_modules/next/dist/compiled/react-dom/cjs/react-dom-client.development.js:7985:22)
    at updateFunctionComponent (webpack-internal:///(app-pages-browser)/./node_modules/next/dist/compiled/react-dom/cjs/react-dom-client.development.js:10502:19)
    at beginWork (webpack-internal:///(app-pages-browser)/./node_modules/next/dist/compiled/react-dom/cjs/react-dom-client.development.js:12086:35)
    at runWithFiberInDEV (webpack-internal:///(app-pages-browser)/./node_modules/next/dist/compiled/react-dom/cjs/react-dom-client.development.js:987:30)
    at performUnitOfWork (webpack-internal:///(app-pages-browser)/./node_modules/next/dist/compiled/react-dom/cjs/react-dom-client.development.js:18998:22)
    at workLoopSync (webpack-internal:///(app-pages-browser)/./node_modules/next/dist/compiled/react-dom/cjs/react-dom-client.development.js:18826:41)
    at renderRootSync (webpack-internal:///(app-pages-browser)/./node_modules/next/dist/compiled/react-dom/cjs/react-dom-client.development.js:18807:11)
    at performWorkOnRoot (webpack-internal:///(app-pages-browser)/./node_modules/next/dist/compiled/react-dom/cjs/react-dom-client.development.js:17915:35)
    at performWorkOnRootViaSchedulerTask (webpack-internal:///(app-pages-browser)/./node_modules/next/dist/compiled/react-dom/cjs/react-dom-client.development.js:20385:7)
    at MessagePort.performWorkUntilDeadline (webpack-internal:///(app-pages-browser)/./node_modules/next/dist/compiled/scheduler/cjs/scheduler.development.js:45:48)
[  524525ms] [WARNING] [Fast Refresh] performing full reload because your application had an unrecoverable error @ webpack-internal:///(app-pages-browser)/./node_modules/next/dist/next-devtools/shared/forward-logs-shared.js:27
[  524636ms] [ERROR] Failed to load resource: the server responded with a status of 500 (Internal Server Error) @ http://localhost:3000/shopify-collection-mapping:0
[  525660ms] ReferenceError: Cannot access 'appliedFilterTypeSet' before initialization
    at ShopifyCollectionMapping (webpack-internal:///(app-pages-browser)/./components/shopify-collection-mapping.tsx:921:9)
    at Object.react_stack_bottom_frame (webpack-internal:///(app-pages-browser)/./node_modules/next/dist/compiled/react-dom/cjs/react-dom-client.development.js:28039:20)
    at renderWithHooks (webpack-internal:///(app-pages-browser)/./node_modules/next/dist/compiled/react-dom/cjs/react-dom-client.development.js:7985:22)
    at updateFunctionComponent (webpack-internal:///(app-pages-browser)/./node_modules/next/dist/compiled/react-dom/cjs/react-dom-client.development.js:10502:19)
    at beginWork (webpack-internal:///(app-pages-browser)/./node_modules/next/dist/compiled/react-dom/cjs/react-dom-client.development.js:12086:35)
    at runWithFiberInDEV (webpack-internal:///(app-pages-browser)/./node_modules/next/dist/compiled/react-dom/cjs/react-dom-client.development.js:987:30)
    at performUnitOfWork (webpack-internal:///(app-pages-browser)/./node_modules/next/dist/compiled/react-dom/cjs/react-dom-client.development.js:18998:22)
    at workLoopSync (webpack-internal:///(app-pages-browser)/./node_modules/next/dist/compiled/react-dom/cjs/react-dom-client.development.js:18826:41)
    at renderRootSync (webpack-internal:///(app-pages-browser)/./node_modules/next/dist/compiled/react-dom/cjs/react-dom-client.development.js:18807:11)
    at performWorkOnRoot (webpack-internal:///(app-pages-browser)/./node_modules/next/dist/compiled/react-dom/cjs/react-dom-client.development.js:17915:35)
    at performWorkOnRootViaSchedulerTask (webpack-internal:///(app-pages-browser)/./node_modules/next/dist/compiled/react-dom/cjs/react-dom-client.development.js:20385:7)
    at MessagePort.performWorkUntilDeadline (webpack-internal:///(app-pages-browser)/./node_modules/next/dist/compiled/scheduler/cjs/scheduler.development.js:45:48)
[  526111ms] [WARNING] [Fast Refresh] performing full reload because your application had an unrecoverable error @ webpack-internal:///(app-pages-browser)/./node_modules/next/dist/next-devtools/shared/forward-logs-shared.js:27
[  526234ms] [ERROR] Failed to load resource: the server responded with a status of 500 (Internal Server Error) @ http://localhost:3000/shopify-collection-mapping:0
[  527346ms] ReferenceError: Cannot access 'appliedFilterTypeSet' before initialization
    at ShopifyCollectionMapping (webpack-internal:///(app-pages-browser)/./components/shopify-collection-mapping.tsx:921:9)
    at Object.react_stack_bottom_frame (webpack-internal:///(app-pages-browser)/./node_modules/next/dist/compiled/react-dom/cjs/react-dom-client.development.js:28039:20)
    at renderWithHooks (webpack-internal:///(app-pages-browser)/./node_modules/next/dist/compiled/react-dom/cjs/react-dom-client.development.js:7985:22)
    at updateFunctionComponent (webpack-internal:///(app-pages-browser)/./node_modules/next/dist/compiled/react-dom/cjs/react-dom-client.development.js:10502:19)
    at beginWork (webpack-internal:///(app-pages-browser)/./node_modules/next/dist/compiled/react-dom/cjs/react-dom-client.development.js:12086:35)
    at runWithFiberInDEV (webpack-internal:///(app-pages-browser)/./node_modules/next/dist/compiled/react-dom/cjs/react-dom-client.development.js:987:30)
    at performUnitOfWork (webpack-internal:///(app-pages-browser)/./node_modules/next/dist/compiled/react-dom/cjs/react-dom-client.development.js:18998:22)
    at workLoopSync (webpack-internal:///(app-pages-browser)/./node_modules/next/dist/compiled/react-dom/cjs/react-dom-client.development.js:18826:41)
    at renderRootSync (webpack-internal:///(app-pages-browser)/./node_modules/next/dist/compiled/react-dom/cjs/react-dom-client.development.js:18807:11)
    at performWorkOnRoot (webpack-internal:///(app-pages-browser)/./node_modules/next/dist/compiled/react-dom/cjs/react-dom-client.development.js:17915:35)
    at performWorkOnRootViaSchedulerTask (webpack-internal:///(app-pages-browser)/./node_modules/next/dist/compiled/react-dom/cjs/react-dom-client.development.js:20385:7)
    at MessagePort.performWorkUntilDeadline (webpack-internal:///(app-pages-browser)/./node_modules/next/dist/compiled/scheduler/cjs/scheduler.development.js:45:48)
[  527785ms] [WARNING] [Fast Refresh] performing full reload because your application had an unrecoverable error @ webpack-internal:///(app-pages-browser)/./node_modules/next/dist/next-devtools/shared/forward-logs-shared.js:27
[  527958ms] [ERROR] Failed to load resource: the server responded with a status of 500 (Internal Server Error) @ http://localhost:3000/shopify-collection-mapping:0
[  529060ms] ReferenceError: Cannot access 'appliedFilterTypeSet' before initialization
    at ShopifyCollectionMapping (webpack-internal:///(app-pages-browser)/./components/shopify-collection-mapping.tsx:921:9)
    at Object.react_stack_bottom_frame (webpack-internal:///(app-pages-browser)/./node_modules/next/dist/compiled/react-dom/cjs/react-dom-client.development.js:28039:20)
    at renderWithHooks (webpack-internal:///(app-pages-browser)/./node_modules/next/dist/compiled/react-dom/cjs/react-dom-client.development.js:7985:22)
    at updateFunctionComponent (webpack-internal:///(app-pages-browser)/./node_modules/next/dist/compiled/react-dom/cjs/react-dom-client.development.js:10502:19)
    at beginWork (webpack-internal:///(app-pages-browser)/./node_modules/next/dist/compiled/react-dom/cjs/react-dom-client.development.js:12086:35)
    at runWithFiberInDEV (webpack-internal:///(app-pages-browser)/./node_modules/next/dist/compiled/react-dom/cjs/react-dom-client.development.js:987:30)
    at performUnitOfWork (webpack-internal:///(app-pages-browser)/./node_modules/next/dist/compiled/react-dom/cjs/react-dom-client.development.js:18998:22)
    at workLoopSync (webpack-internal:///(app-pages-browser)/./node_modules/next/dist/compiled/react-dom/cjs/react-dom-client.development.js:18826:41)
    at renderRootSync (webpack-internal:///(app-pages-browser)/./node_modules/next/dist/compiled/react-dom/cjs/react-dom-client.development.js:18807:11)
    at performWorkOnRoot (webpack-internal:///(app-pages-browser)/./node_modules/next/dist/compiled/react-dom/cjs/react-dom-client.development.js:17915:35)
    at performWorkOnRootViaSchedulerTask (webpack-internal:///(app-pages-browser)/./node_modules/next/dist/compiled/react-dom/cjs/react-dom-client.development.js:20385:7)
    at MessagePort.performWorkUntilDeadline (webpack-internal:///(app-pages-browser)/./node_modules/next/dist/compiled/scheduler/cjs/scheduler.development.js:45:48)
[  529508ms] [WARNING] [Fast Refresh] performing full reload because your application had an unrecoverable error @ webpack-internal:///(app-pages-browser)/./node_modules/next/dist/next-devtools/shared/forward-logs-shared.js:27
[  529665ms] [ERROR] Failed to load resource: the server responded with a status of 500 (Internal Server Error) @ http://localhost:3000/shopify-collection-mapping:0
[  530818ms] ReferenceError: Cannot access 'appliedFilterTypeSet' before initialization
    at ShopifyCollectionMapping (webpack-internal:///(app-pages-browser)/./components/shopify-collection-mapping.tsx:921:9)
    at Object.react_stack_bottom_frame (webpack-internal:///(app-pages-browser)/./node_modules/next/dist/compiled/react-dom/cjs/react-dom-client.development.js:28039:20)
    at renderWithHooks (webpack-internal:///(app-pages-browser)/./node_modules/next/dist/compiled/react-dom/cjs/react-dom-client.development.js:7985:22)
    at updateFunctionComponent (webpack-internal:///(app-pages-browser)/./node_modules/next/dist/compiled/react-dom/cjs/react-dom-client.development.js:10502:19)
    at beginWork (webpack-internal:///(app-pages-browser)/./node_modules/next/dist/compiled/react-dom/cjs/react-dom-client.development.js:12086:35)
    at runWithFiberInDEV (webpack-internal:///(app-pages-browser)/./node_modules/next/dist/compiled/react-dom/cjs/react-dom-client.development.js:987:30)
    at performUnitOfWork (webpack-internal:///(app-pages-browser)/./node_modules/next/dist/compiled/react-dom/cjs/react-dom-client.development.js:18998:22)
    at workLoopSync (webpack-internal:///(app-pages-browser)/./node_modules/next/dist/compiled/react-dom/cjs/react-dom-client.development.js:18826:41)
    at renderRootSync (webpack-internal:///(app-pages-browser)/./node_modules/next/dist/compiled/react-dom/cjs/react-dom-client.development.js:18807:11)
    at performWorkOnRoot (webpack-internal:///(app-pages-browser)/./node_modules/next/dist/compiled/react-dom/cjs/react-dom-client.development.js:17915:35)
    at performWorkOnRootViaSchedulerTask (webpack-internal:///(app-pages-browser)/./node_modules/next/dist/compiled/react-dom/cjs/react-dom-client.development.js:20385:7)
    at MessagePort.performWorkUntilDeadline (webpack-internal:///(app-pages-browser)/./node_modules/next/dist/compiled/scheduler/cjs/scheduler.development.js:45:48)
[  531298ms] [WARNING] [Fast Refresh] performing full reload because your application had an unrecoverable error @ webpack-internal:///(app-pages-browser)/./node_modules/next/dist/next-devtools/shared/forward-logs-shared.js:27
[  531416ms] [ERROR] Failed to load resource: the server responded with a status of 500 (Internal Server Error) @ http://localhost:3000/shopify-collection-mapping:0
[  535445ms] ReferenceError: Cannot access 'appliedFilterTypeSet' before initialization
    at ShopifyCollectionMapping (webpack-internal:///(app-pages-browser)/./components/shopify-collection-mapping.tsx:921:9)
    at Object.react_stack_bottom_frame (webpack-internal:///(app-pages-browser)/./node_modules/next/dist/compiled/react-dom/cjs/react-dom-client.development.js:28039:20)
    at renderWithHooks (webpack-internal:///(app-pages-browser)/./node_modules/next/dist/compiled/react-dom/cjs/react-dom-client.development.js:7985:22)
    at updateFunctionComponent (webpack-internal:///(app-pages-browser)/./node_modules/next/dist/compiled/react-dom/cjs/react-dom-client.development.js:10502:19)
    at beginWork (webpack-internal:///(app-pages-browser)/./node_modules/next/dist/compiled/react-dom/cjs/react-dom-client.development.js:12086:35)
    at runWithFiberInDEV (webpack-internal:///(app-pages-browser)/./node_modules/next/dist/compiled/react-dom/cjs/react-dom-client.development.js:987:30)
    at performUnitOfWork (webpack-internal:///(app-pages-browser)/./node_modules/next/dist/compiled/react-dom/cjs/react-dom-client.development.js:18998:22)
    at workLoopSync (webpack-internal:///(app-pages-browser)/./node_modules/next/dist/compiled/react-dom/cjs/react-dom-client.development.js:18826:41)
    at renderRootSync (webpack-internal:///(app-pages-browser)/./node_modules/next/dist/compiled/react-dom/cjs/react-dom-client.development.js:18807:11)
    at performWorkOnRoot (webpack-internal:///(app-pages-browser)/./node_modules/next/dist/compiled/react-dom/cjs/react-dom-client.development.js:17915:35)
    at performWorkOnRootViaSchedulerTask (webpack-internal:///(app-pages-browser)/./node_modules/next/dist/compiled/react-dom/cjs/react-dom-client.development.js:20385:7)
    at MessagePort.performWorkUntilDeadline (webpack-internal:///(app-pages-browser)/./node_modules/next/dist/compiled/scheduler/cjs/scheduler.development.js:45:48)
[  536433ms] [WARNING] [Fast Refresh] performing full reload because your application had an unrecoverable error @ webpack-internal:///(app-pages-browser)/./node_modules/next/dist/next-devtools/shared/forward-logs-shared.js:27
[  536903ms] [ERROR] Failed to load resource: the server responded with a status of 500 (Internal Server Error) @ http://localhost:3000/shopify-collection-mapping:0
[  538049ms] ReferenceError: Cannot access 'appliedFilterTypeSet' before initialization
    at ShopifyCollectionMapping (webpack-internal:///(app-pages-browser)/./components/shopify-collection-mapping.tsx:921:9)
    at Object.react_stack_bottom_frame (webpack-internal:///(app-pages-browser)/./node_modules/next/dist/compiled/react-dom/cjs/react-dom-client.development.js:28039:20)
    at renderWithHooks (webpack-internal:///(app-pages-browser)/./node_modules/next/dist/compiled/react-dom/cjs/react-dom-client.development.js:7985:22)
    at updateFunctionComponent (webpack-internal:///(app-pages-browser)/./node_modules/next/dist/compiled/react-dom/cjs/react-dom-client.development.js:10502:19)
    at beginWork (webpack-internal:///(app-pages-browser)/./node_modules/next/dist/compiled/react-dom/cjs/react-dom-client.development.js:12086:35)
    at runWithFiberInDEV (webpack-internal:///(app-pages-browser)/./node_modules/next/dist/compiled/react-dom/cjs/react-dom-client.development.js:987:30)
    at performUnitOfWork (webpack-internal:///(app-pages-browser)/./node_modules/next/dist/compiled/react-dom/cjs/react-dom-client.development.js:18998:22)
    at workLoopSync (webpack-internal:///(app-pages-browser)/./node_modules/next/dist/compiled/react-dom/cjs/react-dom-client.development.js:18826:41)
    at renderRootSync (webpack-internal:///(app-pages-browser)/./node_modules/next/dist/compiled/react-dom/cjs/react-dom-client.development.js:18807:11)
    at performWorkOnRoot (webpack-internal:///(app-pages-browser)/./node_modules/next/dist/compiled/react-dom/cjs/react-dom-client.development.js:17915:35)
    at performWorkOnRootViaSchedulerTask (webpack-internal:///(app-pages-browser)/./node_modules/next/dist/compiled/react-dom/cjs/react-dom-client.development.js:20385:7)
    at MessagePort.performWorkUntilDeadline (webpack-internal:///(app-pages-browser)/./node_modules/next/dist/compiled/scheduler/cjs/scheduler.development.js:45:48)
[  538496ms] [WARNING] [Fast Refresh] performing full reload because your application had an unrecoverable error @ webpack-internal:///(app-pages-browser)/./node_modules/next/dist/next-devtools/shared/forward-logs-shared.js:27
[  538660ms] [ERROR] Failed to load resource: the server responded with a status of 500 (Internal Server Error) @ http://localhost:3000/shopify-collection-mapping:0
[  540314ms] ReferenceError: Cannot access 'appliedFilterTypeSet' before initialization
    at ShopifyCollectionMapping (webpack-internal:///(app-pages-browser)/./components/shopify-collection-mapping.tsx:921:9)
    at Object.react_stack_bottom_frame (webpack-internal:///(app-pages-browser)/./node_modules/next/dist/compiled/react-dom/cjs/react-dom-client.development.js:28039:20)
    at renderWithHooks (webpack-internal:///(app-pages-browser)/./node_modules/next/dist/compiled/react-dom/cjs/react-dom-client.development.js:7985:22)
    at updateFunctionComponent (webpack-internal:///(app-pages-browser)/./node_modules/next/dist/compiled/react-dom/cjs/react-dom-client.development.js:10502:19)
    at beginWork (webpack-internal:///(app-pages-browser)/./node_modules/next/dist/compiled/react-dom/cjs/react-dom-client.development.js:12086:35)
    at runWithFiberInDEV (webpack-internal:///(app-pages-browser)/./node_modules/next/dist/compiled/react-dom/cjs/react-dom-client.development.js:987:30)
    at performUnitOfWork (webpack-internal:///(app-pages-browser)/./node_modules/next/dist/compiled/react-dom/cjs/react-dom-client.development.js:18998:22)
    at workLoopSync (webpack-internal:///(app-pages-browser)/./node_modules/next/dist/compiled/react-dom/cjs/react-dom-client.development.js:18826:41)
    at renderRootSync (webpack-internal:///(app-pages-browser)/./node_modules/next/dist/compiled/react-dom/cjs/react-dom-client.development.js:18807:11)
    at performWorkOnRoot (webpack-internal:///(app-pages-browser)/./node_modules/next/dist/compiled/react-dom/cjs/react-dom-client.development.js:17915:35)
    at performWorkOnRootViaSchedulerTask (webpack-internal:///(app-pages-browser)/./node_modules/next/dist/compiled/react-dom/cjs/react-dom-client.development.js:20385:7)
    at MessagePort.performWorkUntilDeadline (webpack-internal:///(app-pages-browser)/./node_modules/next/dist/compiled/scheduler/cjs/scheduler.development.js:45:48)
[  540979ms] [WARNING] [Fast Refresh] performing full reload because your application had an unrecoverable error @ webpack-internal:///(app-pages-browser)/./node_modules/next/dist/next-devtools/shared/forward-logs-shared.js:27
[  541168ms] [ERROR] Failed to load resource: the server responded with a status of 500 (Internal Server Error) @ http://localhost:3000/shopify-collection-mapping:0
[  542753ms] ReferenceError: Cannot access 'appliedFilterTypeSet' before initialization
    at ShopifyCollectionMapping (webpack-internal:///(app-pages-browser)/./components/shopify-collection-mapping.tsx:921:9)
    at Object.react_stack_bottom_frame (webpack-internal:///(app-pages-browser)/./node_modules/next/dist/compiled/react-dom/cjs/react-dom-client.development.js:28039:20)
    at renderWithHooks (webpack-internal:///(app-pages-browser)/./node_modules/next/dist/compiled/react-dom/cjs/react-dom-client.development.js:7985:22)
    at updateFunctionComponent (webpack-internal:///(app-pages-browser)/./node_modules/next/dist/compiled/react-dom/cjs/react-dom-client.development.js:10502:19)
    at beginWork (webpack-internal:///(app-pages-browser)/./node_modules/next/dist/compiled/react-dom/cjs/react-dom-client.development.js:12086:35)
    at runWithFiberInDEV (webpack-internal:///(app-pages-browser)/./node_modules/next/dist/compiled/react-dom/cjs/react-dom-client.development.js:987:30)
    at performUnitOfWork (webpack-internal:///(app-pages-browser)/./node_modules/next/dist/compiled/react-dom/cjs/react-dom-client.development.js:18998:22)
    at workLoopSync (webpack-internal:///(app-pages-browser)/./node_modules/next/dist/compiled/react-dom/cjs/react-dom-client.development.js:18826:41)
    at renderRootSync (webpack-internal:///(app-pages-browser)/./node_modules/next/dist/compiled/react-dom/cjs/react-dom-client.development.js:18807:11)
    at performWorkOnRoot (webpack-internal:///(app-pages-browser)/./node_modules/next/dist/compiled/react-dom/cjs/react-dom-client.development.js:17915:35)
    at performWorkOnRootViaSchedulerTask (webpack-internal:///(app-pages-browser)/./node_modules/next/dist/compiled/react-dom/cjs/react-dom-client.development.js:20385:7)
    at MessagePort.performWorkUntilDeadline (webpack-internal:///(app-pages-browser)/./node_modules/next/dist/compiled/scheduler/cjs/scheduler.development.js:45:48)
[  543400ms] [WARNING] [Fast Refresh] performing full reload because your application had an unrecoverable error @ webpack-internal:///(app-pages-browser)/./node_modules/next/dist/next-devtools/shared/forward-logs-shared.js:27
[  543565ms] [ERROR] Failed to load resource: the server responded with a status of 500 (Internal Server Error) @ http://localhost:3000/shopify-collection-mapping:0
[  545313ms] ReferenceError: Cannot access 'appliedFilterTypeSet' before initialization
    at ShopifyCollectionMapping (webpack-internal:///(app-pages-browser)/./components/shopify-collection-mapping.tsx:921:9)
    at Object.react_stack_bottom_frame (webpack-internal:///(app-pages-browser)/./node_modules/next/dist/compiled/react-dom/cjs/react-dom-client.development.js:28039:20)
    at renderWithHooks (webpack-internal:///(app-pages-browser)/./node_modules/next/dist/compiled/react-dom/cjs/react-dom-client.development.js:7985:22)
    at updateFunctionComponent (webpack-internal:///(app-pages-browser)/./node_modules/next/dist/compiled/react-dom/cjs/react-dom-client.development.js:10502:19)
    at beginWork (webpack-internal:///(app-pages-browser)/./node_modules/next/dist/compiled/react-dom/cjs/react-dom-client.development.js:12086:35)
    at runWithFiberInDEV (webpack-internal:///(app-pages-browser)/./node_modules/next/dist/compiled/react-dom/cjs/react-dom-client.development.js:987:30)
    at performUnitOfWork (webpack-internal:///(app-pages-browser)/./node_modules/next/dist/compiled/react-dom/cjs/react-dom-client.development.js:18998:22)
    at workLoopSync (webpack-internal:///(app-pages-browser)/./node_modules/next/dist/compiled/react-dom/cjs/react-dom-client.development.js:18826:41)
    at renderRootSync (webpack-internal:///(app-pages-browser)/./node_modules/next/dist/compiled/react-dom/cjs/react-dom-client.development.js:18807:11)
    at performWorkOnRoot (webpack-internal:///(app-pages-browser)/./node_modules/next/dist/compiled/react-dom/cjs/react-dom-client.development.js:17915:35)
    at performWorkOnRootViaSchedulerTask (webpack-internal:///(app-pages-browser)/./node_modules/next/dist/compiled/react-dom/cjs/react-dom-client.development.js:20385:7)
    at MessagePort.performWorkUntilDeadline (webpack-internal:///(app-pages-browser)/./node_modules/next/dist/compiled/scheduler/cjs/scheduler.development.js:45:48)
[  546525ms] [WARNING] [Fast Refresh] performing full reload because your application had an unrecoverable error @ webpack-internal:///(app-pages-browser)/./node_modules/next/dist/next-devtools/shared/forward-logs-shared.js:27
[  547117ms] [ERROR] Failed to load resource: the server responded with a status of 500 (Internal Server Error) @ http://localhost:3000/shopify-collection-mapping:0
[  548528ms] ReferenceError: Cannot access 'appliedFilterTypeSet' before initialization
    at ShopifyCollectionMapping (webpack-internal:///(app-pages-browser)/./components/shopify-collection-mapping.tsx:921:9)
    at Object.react_stack_bottom_frame (webpack-internal:///(app-pages-browser)/./node_modules/next/dist/compiled/react-dom/cjs/react-dom-client.development.js:28039:20)
    at renderWithHooks (webpack-internal:///(app-pages-browser)/./node_modules/next/dist/compiled/react-dom/cjs/react-dom-client.development.js:7985:22)
    at updateFunctionComponent (webpack-internal:///(app-pages-browser)/./node_modules/next/dist/compiled/react-dom/cjs/react-dom-client.development.js:10502:19)
    at beginWork (webpack-internal:///(app-pages-browser)/./node_modules/next/dist/compiled/react-dom/cjs/react-dom-client.development.js:12086:35)
    at runWithFiberInDEV (webpack-internal:///(app-pages-browser)/./node_modules/next/dist/compiled/react-dom/cjs/react-dom-client.development.js:987:30)
    at performUnitOfWork (webpack-internal:///(app-pages-browser)/./node_modules/next/dist/compiled/react-dom/cjs/react-dom-client.development.js:18998:22)
    at workLoopSync (webpack-internal:///(app-pages-browser)/./node_modules/next/dist/compiled/react-dom/cjs/react-dom-client.development.js:18826:41)
    at renderRootSync (webpack-internal:///(app-pages-browser)/./node_modules/next/dist/compiled/react-dom/cjs/react-dom-client.development.js:18807:11)
    at performWorkOnRoot (webpack-internal:///(app-pages-browser)/./node_modules/next/dist/compiled/react-dom/cjs/react-dom-client.development.js:17915:35)
    at performWorkOnRootViaSchedulerTask (webpack-internal:///(app-pages-browser)/./node_modules/next/dist/compiled/react-dom/cjs/react-dom-client.development.js:20385:7)
    at MessagePort.performWorkUntilDeadline (webpack-internal:///(app-pages-browser)/./node_modules/next/dist/compiled/scheduler/cjs/scheduler.development.js:45:48)
[  549110ms] [WARNING] [Fast Refresh] performing full reload because your application had an unrecoverable error @ webpack-internal:///(app-pages-browser)/./node_modules/next/dist/next-devtools/shared/forward-logs-shared.js:27
[  549265ms] [ERROR] Failed to load resource: the server responded with a status of 500 (Internal Server Error) @ http://localhost:3000/shopify-collection-mapping:0
[  550803ms] ReferenceError: Cannot access 'appliedFilterTypeSet' before initialization
    at ShopifyCollectionMapping (webpack-internal:///(app-pages-browser)/./components/shopify-collection-mapping.tsx:921:9)
    at Object.react_stack_bottom_frame (webpack-internal:///(app-pages-browser)/./node_modules/next/dist/compiled/react-dom/cjs/react-dom-client.development.js:28039:20)
    at renderWithHooks (webpack-internal:///(app-pages-browser)/./node_modules/next/dist/compiled/react-dom/cjs/react-dom-client.development.js:7985:22)
    at updateFunctionComponent (webpack-internal:///(app-pages-browser)/./node_modules/next/dist/compiled/react-dom/cjs/react-dom-client.development.js:10502:19)
    at beginWork (webpack-internal:///(app-pages-browser)/./node_modules/next/dist/compiled/react-dom/cjs/react-dom-client.development.js:12086:35)
    at runWithFiberInDEV (webpack-internal:///(app-pages-browser)/./node_modules/next/dist/compiled/react-dom/cjs/react-dom-client.development.js:987:30)
    at performUnitOfWork (webpack-internal:///(app-pages-browser)/./node_modules/next/dist/compiled/react-dom/cjs/react-dom-client.development.js:18998:22)
    at workLoopSync (webpack-internal:///(app-pages-browser)/./node_modules/next/dist/compiled/react-dom/cjs/react-dom-client.development.js:18826:41)
    at renderRootSync (webpack-internal:///(app-pages-browser)/./node_modules/next/dist/compiled/react-dom/cjs/react-dom-client.development.js:18807:11)
    at performWorkOnRoot (webpack-internal:///(app-pages-browser)/./node_modules/next/dist/compiled/react-dom/cjs/react-dom-client.development.js:17915:35)
    at performWorkOnRootViaSchedulerTask (webpack-internal:///(app-pages-browser)/./node_modules/next/dist/compiled/react-dom/cjs/react-dom-client.development.js:20385:7)
    at MessagePort.performWorkUntilDeadline (webpack-internal:///(app-pages-browser)/./node_modules/next/dist/compiled/scheduler/cjs/scheduler.development.js:45:48)
[  551334ms] [WARNING] [Fast Refresh] performing full reload because your application had an unrecoverable error @ webpack-internal:///(app-pages-browser)/./node_modules/next/dist/next-devtools/shared/forward-logs-shared.js:27
[  551514ms] [ERROR] Failed to load resource: the server responded with a status of 500 (Internal Server Error) @ http://localhost:3000/shopify-collection-mapping:0
[  554384ms] ReferenceError: Cannot access 'appliedFilterTypeSet' before initialization
    at ShopifyCollectionMapping (webpack-internal:///(app-pages-browser)/./components/shopify-collection-mapping.tsx:921:9)
    at Object.react_stack_bottom_frame (webpack-internal:///(app-pages-browser)/./node_modules/next/dist/compiled/react-dom/cjs/react-dom-client.development.js:28039:20)
    at renderWithHooks (webpack-internal:///(app-pages-browser)/./node_modules/next/dist/compiled/react-dom/cjs/react-dom-client.development.js:7985:22)
    at updateFunctionComponent (webpack-internal:///(app-pages-browser)/./node_modules/next/dist/compiled/react-dom/cjs/react-dom-client.development.js:10502:19)
    at beginWork (webpack-internal:///(app-pages-browser)/./node_modules/next/dist/compiled/react-dom/cjs/react-dom-client.development.js:12086:35)
    at runWithFiberInDEV (webpack-internal:///(app-pages-browser)/./node_modules/next/dist/compiled/react-dom/cjs/react-dom-client.development.js:987:30)
    at performUnitOfWork (webpack-internal:///(app-pages-browser)/./node_modules/next/dist/compiled/react-dom/cjs/react-dom-client.development.js:18998:22)
    at workLoopSync (webpack-internal:///(app-pages-browser)/./node_modules/next/dist/compiled/react-dom/cjs/react-dom-client.development.js:18826:41)
    at renderRootSync (webpack-internal:///(app-pages-browser)/./node_modules/next/dist/compiled/react-dom/cjs/react-dom-client.development.js:18807:11)
    at performWorkOnRoot (webpack-internal:///(app-pages-browser)/./node_modules/next/dist/compiled/react-dom/cjs/react-dom-client.development.js:17915:35)
    at performWorkOnRootViaSchedulerTask (webpack-internal:///(app-pages-browser)/./node_modules/next/dist/compiled/react-dom/cjs/react-dom-client.development.js:20385:7)
    at MessagePort.performWorkUntilDeadline (webpack-internal:///(app-pages-browser)/./node_modules/next/dist/compiled/scheduler/cjs/scheduler.development.js:45:48)
[  555026ms] [WARNING] [Fast Refresh] performing full reload because your application had an unrecoverable error @ webpack-internal:///(app-pages-browser)/./node_modules/next/dist/next-devtools/shared/forward-logs-shared.js:27
[  555381ms] [ERROR] Failed to load resource: the server responded with a status of 500 (Internal Server Error) @ http://localhost:3000/shopify-collection-mapping:0
[  556480ms] ReferenceError: Cannot access 'appliedFilterTypeSet' before initialization
    at ShopifyCollectionMapping (webpack-internal:///(app-pages-browser)/./components/shopify-collection-mapping.tsx:921:9)
    at Object.react_stack_bottom_frame (webpack-internal:///(app-pages-browser)/./node_modules/next/dist/compiled/react-dom/cjs/react-dom-client.development.js:28039:20)
    at renderWithHooks (webpack-internal:///(app-pages-browser)/./node_modules/next/dist/compiled/react-dom/cjs/react-dom-client.development.js:7985:22)
    at updateFunctionComponent (webpack-internal:///(app-pages-browser)/./node_modules/next/dist/compiled/react-dom/cjs/react-dom-client.development.js:10502:19)
    at beginWork (webpack-internal:///(app-pages-browser)/./node_modules/next/dist/compiled/react-dom/cjs/react-dom-client.development.js:12086:35)
    at runWithFiberInDEV (webpack-internal:///(app-pages-browser)/./node_modules/next/dist/compiled/react-dom/cjs/react-dom-client.development.js:987:30)
    at performUnitOfWork (webpack-internal:///(app-pages-browser)/./node_modules/next/dist/compiled/react-dom/cjs/react-dom-client.development.js:18998:22)
    at workLoopSync (webpack-internal:///(app-pages-browser)/./node_modules/next/dist/compiled/react-dom/cjs/react-dom-client.development.js:18826:41)
    at renderRootSync (webpack-internal:///(app-pages-browser)/./node_modules/next/dist/compiled/react-dom/cjs/react-dom-client.development.js:18807:11)
    at performWorkOnRoot (webpack-internal:///(app-pages-browser)/./node_modules/next/dist/compiled/react-dom/cjs/react-dom-client.development.js:17915:35)
    at performWorkOnRootViaSchedulerTask (webpack-internal:///(app-pages-browser)/./node_modules/next/dist/compiled/react-dom/cjs/react-dom-client.development.js:20385:7)
    at MessagePort.performWorkUntilDeadline (webpack-internal:///(app-pages-browser)/./node_modules/next/dist/compiled/scheduler/cjs/scheduler.development.js:45:48)
[  556920ms] [WARNING] [Fast Refresh] performing full reload because your application had an unrecoverable error @ webpack-internal:///(app-pages-browser)/./node_modules/next/dist/next-devtools/shared/forward-logs-shared.js:27
[  557044ms] [ERROR] Failed to load resource: the server responded with a status of 500 (Internal Server Error) @ http://localhost:3000/shopify-collection-mapping:0
[  558146ms] ReferenceError: Cannot access 'appliedFilterTypeSet' before initialization
    at ShopifyCollectionMapping (webpack-internal:///(app-pages-browser)/./components/shopify-collection-mapping.tsx:921:9)
    at Object.react_stack_bottom_frame (webpack-internal:///(app-pages-browser)/./node_modules/next/dist/compiled/react-dom/cjs/react-dom-client.development.js:28039:20)
    at renderWithHooks (webpack-internal:///(app-pages-browser)/./node_modules/next/dist/compiled/react-dom/cjs/react-dom-client.development.js:7985:22)
    at updateFunctionComponent (webpack-internal:///(app-pages-browser)/./node_modules/next/dist/compiled/react-dom/cjs/react-dom-client.development.js:10502:19)
    at beginWork (webpack-internal:///(app-pages-browser)/./node_modules/next/dist/compiled/react-dom/cjs/react-dom-client.development.js:12086:35)
    at runWithFiberInDEV (webpack-internal:///(app-pages-browser)/./node_modules/next/dist/compiled/react-dom/cjs/react-dom-client.development.js:987:30)
    at performUnitOfWork (webpack-internal:///(app-pages-browser)/./node_modules/next/dist/compiled/react-dom/cjs/react-dom-client.development.js:18998:22)
    at workLoopSync (webpack-internal:///(app-pages-browser)/./node_modules/next/dist/compiled/react-dom/cjs/react-dom-client.development.js:18826:41)
    at renderRootSync (webpack-internal:///(app-pages-browser)/./node_modules/next/dist/compiled/react-dom/cjs/react-dom-client.development.js:18807:11)
    at performWorkOnRoot (webpack-internal:///(app-pages-browser)/./node_modules/next/dist/compiled/react-dom/cjs/react-dom-client.development.js:17915:35)
    at performWorkOnRootViaSchedulerTask (webpack-internal:///(app-pages-browser)/./node_modules/next/dist/compiled/react-dom/cjs/react-dom-client.development.js:20385:7)
    at MessagePort.performWorkUntilDeadline (webpack-internal:///(app-pages-browser)/./node_modules/next/dist/compiled/scheduler/cjs/scheduler.development.js:45:48)
[  558556ms] [WARNING] [Fast Refresh] performing full reload because your application had an unrecoverable error @ webpack-internal:///(app-pages-browser)/./node_modules/next/dist/next-devtools/shared/forward-logs-shared.js:27
[  558702ms] [ERROR] Failed to load resource: the server responded with a status of 500 (Internal Server Error) @ http://localhost:3000/shopify-collection-mapping:0
[  560000ms] ReferenceError: Cannot access 'appliedFilterTypeSet' before initialization
    at ShopifyCollectionMapping (webpack-internal:///(app-pages-browser)/./components/shopify-collection-mapping.tsx:921:9)
    at Object.react_stack_bottom_frame (webpack-internal:///(app-pages-browser)/./node_modules/next/dist/compiled/react-dom/cjs/react-dom-client.development.js:28039:20)
    at renderWithHooks (webpack-internal:///(app-pages-browser)/./node_modules/next/dist/compiled/react-dom/cjs/react-dom-client.development.js:7985:22)
    at updateFunctionComponent (webpack-internal:///(app-pages-browser)/./node_modules/next/dist/compiled/react-dom/cjs/react-dom-client.development.js:10502:19)
    at beginWork (webpack-internal:///(app-pages-browser)/./node_modules/next/dist/compiled/react-dom/cjs/react-dom-client.development.js:12086:35)
    at runWithFiberInDEV (webpack-internal:///(app-pages-browser)/./node_modules/next/dist/compiled/react-dom/cjs/react-dom-client.development.js:987:30)
    at performUnitOfWork (webpack-internal:///(app-pages-browser)/./node_modules/next/dist/compiled/react-dom/cjs/react-dom-client.development.js:18998:22)
    at workLoopSync (webpack-internal:///(app-pages-browser)/./node_modules/next/dist/compiled/react-dom/cjs/react-dom-client.development.js:18826:41)
    at renderRootSync (webpack-internal:///(app-pages-browser)/./node_modules/next/dist/compiled/react-dom/cjs/react-dom-client.development.js:18807:11)
    at performWorkOnRoot (webpack-internal:///(app-pages-browser)/./node_modules/next/dist/compiled/react-dom/cjs/react-dom-client.development.js:17915:35)
    at performWorkOnRootViaSchedulerTask (webpack-internal:///(app-pages-browser)/./node_modules/next/dist/compiled/react-dom/cjs/react-dom-client.development.js:20385:7)
    at MessagePort.performWorkUntilDeadline (webpack-internal:///(app-pages-browser)/./node_modules/next/dist/compiled/scheduler/cjs/scheduler.development.js:45:48)
[  560450ms] [WARNING] [Fast Refresh] performing full reload because your application had an unrecoverable error @ webpack-internal:///(app-pages-browser)/./node_modules/next/dist/next-devtools/shared/forward-logs-shared.js:27
[  560598ms] [ERROR] Failed to load resource: the server responded with a status of 500 (Internal Server Error) @ http://localhost:3000/shopify-collection-mapping:0
[  561703ms] ReferenceError: Cannot access 'appliedFilterTypeSet' before initialization
    at ShopifyCollectionMapping (webpack-internal:///(app-pages-browser)/./components/shopify-collection-mapping.tsx:921:9)
    at Object.react_stack_bottom_frame (webpack-internal:///(app-pages-browser)/./node_modules/next/dist/compiled/react-dom/cjs/react-dom-client.development.js:28039:20)
    at renderWithHooks (webpack-internal:///(app-pages-browser)/./node_modules/next/dist/compiled/react-dom/cjs/react-dom-client.development.js:7985:22)
    at updateFunctionComponent (webpack-internal:///(app-pages-browser)/./node_modules/next/dist/compiled/react-dom/cjs/react-dom-client.development.js:10502:19)
    at beginWork (webpack-internal:///(app-pages-browser)/./node_modules/next/dist/compiled/react-dom/cjs/react-dom-client.development.js:12086:35)
    at runWithFiberInDEV (webpack-internal:///(app-pages-browser)/./node_modules/next/dist/compiled/react-dom/cjs/react-dom-client.development.js:987:30)
    at performUnitOfWork (webpack-internal:///(app-pages-browser)/./node_modules/next/dist/compiled/react-dom/cjs/react-dom-client.development.js:18998:22)
    at workLoopSync (webpack-internal:///(app-pages-browser)/./node_modules/next/dist/compiled/react-dom/cjs/react-dom-client.development.js:18826:41)
    at renderRootSync (webpack-internal:///(app-pages-browser)/./node_modules/next/dist/compiled/react-dom/cjs/react-dom-client.development.js:18807:11)
    at performWorkOnRoot (webpack-internal:///(app-pages-browser)/./node_modules/next/dist/compiled/react-dom/cjs/react-dom-client.development.js:17915:35)
    at performWorkOnRootViaSchedulerTask (webpack-internal:///(app-pages-browser)/./node_modules/next/dist/compiled/react-dom/cjs/react-dom-client.development.js:20385:7)
    at MessagePort.performWorkUntilDeadline (webpack-internal:///(app-pages-browser)/./node_modules/next/dist/compiled/scheduler/cjs/scheduler.development.js:45:48)
[  562346ms] [WARNING] [Fast Refresh] performing full reload because your application had an unrecoverable error @ webpack-internal:///(app-pages-browser)/./node_modules/next/dist/next-devtools/shared/forward-logs-shared.js:27
[  562499ms] [ERROR] Failed to load resource: the server responded with a status of 500 (Internal Server Error) @ http://localhost:3000/shopify-collection-mapping:0
[  563616ms] ReferenceError: Cannot access 'appliedFilterTypeSet' before initialization
    at ShopifyCollectionMapping (webpack-internal:///(app-pages-browser)/./components/shopify-collection-mapping.tsx:921:9)
    at Object.react_stack_bottom_frame (webpack-internal:///(app-pages-browser)/./node_modules/next/dist/compiled/react-dom/cjs/react-dom-client.development.js:28039:20)
    at renderWithHooks (webpack-internal:///(app-pages-browser)/./node_modules/next/dist/compiled/react-dom/cjs/react-dom-client.development.js:7985:22)
    at updateFunctionComponent (webpack-internal:///(app-pages-browser)/./node_modules/next/dist/compiled/react-dom/cjs/react-dom-client.development.js:10502:19)
    at beginWork (webpack-internal:///(app-pages-browser)/./node_modules/next/dist/compiled/react-dom/cjs/react-dom-client.development.js:12086:35)
    at runWithFiberInDEV (webpack-internal:///(app-pages-browser)/./node_modules/next/dist/compiled/react-dom/cjs/react-dom-client.development.js:987:30)
    at performUnitOfWork (webpack-internal:///(app-pages-browser)/./node_modules/next/dist/compiled/react-dom/cjs/react-dom-client.development.js:18998:22)
    at workLoopSync (webpack-internal:///(app-pages-browser)/./node_modules/next/dist/compiled/react-dom/cjs/react-dom-client.development.js:18826:41)
    at renderRootSync (webpack-internal:///(app-pages-browser)/./node_modules/next/dist/compiled/react-dom/cjs/react-dom-client.development.js:18807:11)
    at performWorkOnRoot (webpack-internal:///(app-pages-browser)/./node_modules/next/dist/compiled/react-dom/cjs/react-dom-client.development.js:17915:35)
    at performWorkOnRootViaSchedulerTask (webpack-internal:///(app-pages-browser)/./node_modules/next/dist/compiled/react-dom/cjs/react-dom-client.development.js:20385:7)
    at MessagePort.performWorkUntilDeadline (webpack-internal:///(app-pages-browser)/./node_modules/next/dist/compiled/scheduler/cjs/scheduler.development.js:45:48)
[  564079ms] [WARNING] [Fast Refresh] performing full reload because your application had an unrecoverable error @ webpack-internal:///(app-pages-browser)/./node_modules/next/dist/next-devtools/shared/forward-logs-shared.js:27
[  564235ms] [ERROR] Failed to load resource: the server responded with a status of 500 (Internal Server Error) @ http://localhost:3000/shopify-collection-mapping:0
[  565356ms] ReferenceError: Cannot access 'appliedFilterTypeSet' before initialization
    at ShopifyCollectionMapping (webpack-internal:///(app-pages-browser)/./components/shopify-collection-mapping.tsx:921:9)
    at Object.react_stack_bottom_frame (webpack-internal:///(app-pages-browser)/./node_modules/next/dist/compiled/react-dom/cjs/react-dom-client.development.js:28039:20)
    at renderWithHooks (webpack-internal:///(app-pages-browser)/./node_modules/next/dist/compiled/react-dom/cjs/react-dom-client.development.js:7985:22)
    at updateFunctionComponent (webpack-internal:///(app-pages-browser)/./node_modules/next/dist/compiled/react-dom/cjs/react-dom-client.development.js:10502:19)
    at beginWork (webpack-internal:///(app-pages-browser)/./node_modules/next/dist/compiled/react-dom/cjs/react-dom-client.development.js:12086:35)
    at runWithFiberInDEV (webpack-internal:///(app-pages-browser)/./node_modules/next/dist/compiled/react-dom/cjs/react-dom-client.development.js:987:30)
    at performUnitOfWork (webpack-internal:///(app-pages-browser)/./node_modules/next/dist/compiled/react-dom/cjs/react-dom-client.development.js:18998:22)
    at workLoopSync (webpack-internal:///(app-pages-browser)/./node_modules/next/dist/compiled/react-dom/cjs/react-dom-client.development.js:18826:41)
    at renderRootSync (webpack-internal:///(app-pages-browser)/./node_modules/next/dist/compiled/react-dom/cjs/react-dom-client.development.js:18807:11)
    at performWorkOnRoot (webpack-internal:///(app-pages-browser)/./node_modules/next/dist/compiled/react-dom/cjs/react-dom-client.development.js:17915:35)
    at performWorkOnRootViaSchedulerTask (webpack-internal:///(app-pages-browser)/./node_modules/next/dist/compiled/react-dom/cjs/react-dom-client.development.js:20385:7)
    at MessagePort.performWorkUntilDeadline (webpack-internal:///(app-pages-browser)/./node_modules/next/dist/compiled/scheduler/cjs/scheduler.development.js:45:48)
[  565801ms] [WARNING] [Fast Refresh] performing full reload because your application had an unrecoverable error @ webpack-internal:///(app-pages-browser)/./node_modules/next/dist/next-devtools/shared/forward-logs-shared.js:27
[  565946ms] [ERROR] Failed to load resource: the server responded with a status of 500 (Internal Server Error) @ http://localhost:3000/shopify-collection-mapping:0
[  567276ms] ReferenceError: Cannot access 'appliedFilterTypeSet' before initialization
    at ShopifyCollectionMapping (webpack-internal:///(app-pages-browser)/./components/shopify-collection-mapping.tsx:921:9)
    at Object.react_stack_bottom_frame (webpack-internal:///(app-pages-browser)/./node_modules/next/dist/compiled/react-dom/cjs/react-dom-client.development.js:28039:20)
    at renderWithHooks (webpack-internal:///(app-pages-browser)/./node_modules/next/dist/compiled/react-dom/cjs/react-dom-client.development.js:7985:22)
    at updateFunctionComponent (webpack-internal:///(app-pages-browser)/./node_modules/next/dist/compiled/react-dom/cjs/react-dom-client.development.js:10502:19)
    at beginWork (webpack-internal:///(app-pages-browser)/./node_modules/next/dist/compiled/react-dom/cjs/react-dom-client.development.js:12086:35)
    at runWithFiberInDEV (webpack-internal:///(app-pages-browser)/./node_modules/next/dist/compiled/react-dom/cjs/react-dom-client.development.js:987:30)
    at performUnitOfWork (webpack-internal:///(app-pages-browser)/./node_modules/next/dist/compiled/react-dom/cjs/react-dom-client.development.js:18998:22)
    at workLoopSync (webpack-internal:///(app-pages-browser)/./node_modules/next/dist/compiled/react-dom/cjs/react-dom-client.development.js:18826:41)
    at renderRootSync (webpack-internal:///(app-pages-browser)/./node_modules/next/dist/compiled/react-dom/cjs/react-dom-client.development.js:18807:11)
    at performWorkOnRoot (webpack-internal:///(app-pages-browser)/./node_modules/next/dist/compiled/react-dom/cjs/react-dom-client.development.js:17915:35)
    at performWorkOnRootViaSchedulerTask (webpack-internal:///(app-pages-browser)/./node_modules/next/dist/compiled/react-dom/cjs/react-dom-client.development.js:20385:7)
    at MessagePort.performWorkUntilDeadline (webpack-internal:///(app-pages-browser)/./node_modules/next/dist/compiled/scheduler/cjs/scheduler.development.js:45:48)
[  567680ms] [WARNING] [Fast Refresh] performing full reload because your application had an unrecoverable error @ webpack-internal:///(app-pages-browser)/./node_modules/next/dist/next-devtools/shared/forward-logs-shared.js:27
[  567808ms] [ERROR] Failed to load resource: the server responded with a status of 500 (Internal Server Error) @ http://localhost:3000/shopify-collection-mapping:0
[  569054ms] ReferenceError: Cannot access 'appliedFilterTypeSet' before initialization
    at ShopifyCollectionMapping (webpack-internal:///(app-pages-browser)/./components/shopify-collection-mapping.tsx:921:9)
    at Object.react_stack_bottom_frame (webpack-internal:///(app-pages-browser)/./node_modules/next/dist/compiled/react-dom/cjs/react-dom-client.development.js:28039:20)
    at renderWithHooks (webpack-internal:///(app-pages-browser)/./node_modules/next/dist/compiled/react-dom/cjs/react-dom-client.development.js:7985:22)
    at updateFunctionComponent (webpack-internal:///(app-pages-browser)/./node_modules/next/dist/compiled/react-dom/cjs/react-dom-client.development.js:10502:19)
    at beginWork (webpack-internal:///(app-pages-browser)/./node_modules/next/dist/compiled/react-dom/cjs/react-dom-client.development.js:12086:35)
    at runWithFiberInDEV (webpack-internal:///(app-pages-browser)/./node_modules/next/dist/compiled/react-dom/cjs/react-dom-client.development.js:987:30)
    at performUnitOfWork (webpack-internal:///(app-pages-browser)/./node_modules/next/dist/compiled/react-dom/cjs/react-dom-client.development.js:18998:22)
    at workLoopSync (webpack-internal:///(app-pages-browser)/./node_modules/next/dist/compiled/react-dom/cjs/react-dom-client.development.js:18826:41)
    at renderRootSync (webpack-internal:///(app-pages-browser)/./node_modules/next/dist/compiled/react-dom/cjs/react-dom-client.development.js:18807:11)
    at performWorkOnRoot (webpack-internal:///(app-pages-browser)/./node_modules/next/dist/compiled/react-dom/cjs/react-dom-client.development.js:17915:35)
    at performWorkOnRootViaSchedulerTask (webpack-internal:///(app-pages-browser)/./node_modules/next/dist/compiled/react-dom/cjs/react-dom-client.development.js:20385:7)
    at MessagePort.performWorkUntilDeadline (webpack-internal:///(app-pages-browser)/./node_modules/next/dist/compiled/scheduler/cjs/scheduler.development.js:45:48)
[  569570ms] [WARNING] [Fast Refresh] performing full reload because your application had an unrecoverable error @ webpack-internal:///(app-pages-browser)/./node_modules/next/dist/next-devtools/shared/forward-logs-shared.js:27
[  569855ms] [ERROR] Failed to load resource: the server responded with a status of 500 (Internal Server Error) @ http://localhost:3000/shopify-collection-mapping:0
[  571736ms] ReferenceError: Cannot access 'appliedFilterTypeSet' before initialization
    at ShopifyCollectionMapping (webpack-internal:///(app-pages-browser)/./components/shopify-collection-mapping.tsx:921:9)
    at Object.react_stack_bottom_frame (webpack-internal:///(app-pages-browser)/./node_modules/next/dist/compiled/react-dom/cjs/react-dom-client.development.js:28039:20)
    at renderWithHooks (webpack-internal:///(app-pages-browser)/./node_modules/next/dist/compiled/react-dom/cjs/react-dom-client.development.js:7985:22)
    at updateFunctionComponent (webpack-internal:///(app-pages-browser)/./node_modules/next/dist/compiled/react-dom/cjs/react-dom-client.development.js:10502:19)
    at beginWork (webpack-internal:///(app-pages-browser)/./node_modules/next/dist/compiled/react-dom/cjs/react-dom-client.development.js:12086:35)
    at runWithFiberInDEV (webpack-internal:///(app-pages-browser)/./node_modules/next/dist/compiled/react-dom/cjs/react-dom-client.development.js:987:30)
    at performUnitOfWork (webpack-internal:///(app-pages-browser)/./node_modules/next/dist/compiled/react-dom/cjs/react-dom-client.development.js:18998:22)
    at workLoopSync (webpack-internal:///(app-pages-browser)/./node_modules/next/dist/compiled/react-dom/cjs/react-dom-client.development.js:18826:41)
    at renderRootSync (webpack-internal:///(app-pages-browser)/./node_modules/next/dist/compiled/react-dom/cjs/react-dom-client.development.js:18807:11)
    at performWorkOnRoot (webpack-internal:///(app-pages-browser)/./node_modules/next/dist/compiled/react-dom/cjs/react-dom-client.development.js:17915:35)
    at performWorkOnRootViaSchedulerTask (webpack-internal:///(app-pages-browser)/./node_modules/next/dist/compiled/react-dom/cjs/react-dom-client.development.js:20385:7)
    at MessagePort.performWorkUntilDeadline (webpack-internal:///(app-pages-browser)/./node_modules/next/dist/compiled/scheduler/cjs/scheduler.development.js:45:48)
[  572247ms] [WARNING] [Fast Refresh] performing full reload because your application had an unrecoverable error @ webpack-internal:///(app-pages-browser)/./node_modules/next/dist/next-devtools/shared/forward-logs-shared.js:27
[  572782ms] [ERROR] Failed to load resource: the server responded with a status of 500 (Internal Server Error) @ http://localhost:3000/shopify-collection-mapping:0
[  573944ms] ReferenceError: Cannot access 'appliedFilterTypeSet' before initialization
    at ShopifyCollectionMapping (webpack-internal:///(app-pages-browser)/./components/shopify-collection-mapping.tsx:921:9)
    at Object.react_stack_bottom_frame (webpack-internal:///(app-pages-browser)/./node_modules/next/dist/compiled/react-dom/cjs/react-dom-client.development.js:28039:20)
    at renderWithHooks (webpack-internal:///(app-pages-browser)/./node_modules/next/dist/compiled/react-dom/cjs/react-dom-client.development.js:7985:22)
    at updateFunctionComponent (webpack-internal:///(app-pages-browser)/./node_modules/next/dist/compiled/react-dom/cjs/react-dom-client.development.js:10502:19)
    at beginWork (webpack-internal:///(app-pages-browser)/./node_modules/next/dist/compiled/react-dom/cjs/react-dom-client.development.js:12086:35)
    at runWithFiberInDEV (webpack-internal:///(app-pages-browser)/./node_modules/next/dist/compiled/react-dom/cjs/react-dom-client.development.js:987:30)
    at performUnitOfWork (webpack-internal:///(app-pages-browser)/./node_modules/next/dist/compiled/react-dom/cjs/react-dom-client.development.js:18998:22)
    at workLoopSync (webpack-internal:///(app-pages-browser)/./node_modules/next/dist/compiled/react-dom/cjs/react-dom-client.development.js:18826:41)
    at renderRootSync (webpack-internal:///(app-pages-browser)/./node_modules/next/dist/compiled/react-dom/cjs/react-dom-client.development.js:18807:11)
    at performWorkOnRoot (webpack-internal:///(app-pages-browser)/./node_modules/next/dist/compiled/react-dom/cjs/react-dom-client.development.js:17915:35)
    at performWorkOnRootViaSchedulerTask (webpack-internal:///(app-pages-browser)/./node_modules/next/dist/compiled/react-dom/cjs/react-dom-client.development.js:20385:7)
    at MessagePort.performWorkUntilDeadline (webpack-internal:///(app-pages-browser)/./node_modules/next/dist/compiled/scheduler/cjs/scheduler.development.js:45:48)
[  574351ms] [WARNING] [Fast Refresh] performing full reload because your application had an unrecoverable error @ webpack-internal:///(app-pages-browser)/./node_modules/next/dist/next-devtools/shared/forward-logs-shared.js:27
[  574484ms] [ERROR] Failed to load resource: the server responded with a status of 500 (Internal Server Error) @ http://localhost:3000/shopify-collection-mapping:0
[  575710ms] ReferenceError: Cannot access 'appliedFilterTypeSet' before initialization
    at ShopifyCollectionMapping (webpack-internal:///(app-pages-browser)/./components/shopify-collection-mapping.tsx:921:9)
    at Object.react_stack_bottom_frame (webpack-internal:///(app-pages-browser)/./node_modules/next/dist/compiled/react-dom/cjs/react-dom-client.development.js:28039:20)
    at renderWithHooks (webpack-internal:///(app-pages-browser)/./node_modules/next/dist/compiled/react-dom/cjs/react-dom-client.development.js:7985:22)
    at updateFunctionComponent (webpack-internal:///(app-pages-browser)/./node_modules/next/dist/compiled/react-dom/cjs/react-dom-client.development.js:10502:19)
    at beginWork (webpack-internal:///(app-pages-browser)/./node_modules/next/dist/compiled/react-dom/cjs/react-dom-client.development.js:12086:35)
    at runWithFiberInDEV (webpack-internal:///(app-pages-browser)/./node_modules/next/dist/compiled/react-dom/cjs/react-dom-client.development.js:987:30)
    at performUnitOfWork (webpack-internal:///(app-pages-browser)/./node_modules/next/dist/compiled/react-dom/cjs/react-dom-client.development.js:18998:22)
    at workLoopSync (webpack-internal:///(app-pages-browser)/./node_modules/next/dist/compiled/react-dom/cjs/react-dom-client.development.js:18826:41)
    at renderRootSync (webpack-internal:///(app-pages-browser)/./node_modules/next/dist/compiled/react-dom/cjs/react-dom-client.development.js:18807:11)
    at performWorkOnRoot (webpack-internal:///(app-pages-browser)/./node_modules/next/dist/compiled/react-dom/cjs/react-dom-client.development.js:17915:35)
    at performWorkOnRootViaSchedulerTask (webpack-internal:///(app-pages-browser)/./node_modules/next/dist/compiled/react-dom/cjs/react-dom-client.development.js:20385:7)
    at MessagePort.performWorkUntilDeadline (webpack-internal:///(app-pages-browser)/./node_modules/next/dist/compiled/scheduler/cjs/scheduler.development.js:45:48)
[  576085ms] [WARNING] [Fast Refresh] performing full reload because your application had an unrecoverable error @ webpack-internal:///(app-pages-browser)/./node_modules/next/dist/next-devtools/shared/forward-logs-shared.js:27
[  576253ms] [ERROR] Failed to load resource: the server responded with a status of 500 (Internal Server Error) @ http://localhost:3000/shopify-collection-mapping:0
[  577511ms] ReferenceError: Cannot access 'appliedFilterTypeSet' before initialization
    at ShopifyCollectionMapping (webpack-internal:///(app-pages-browser)/./components/shopify-collection-mapping.tsx:921:9)
    at Object.react_stack_bottom_frame (webpack-internal:///(app-pages-browser)/./node_modules/next/dist/compiled/react-dom/cjs/react-dom-client.development.js:28039:20)
    at renderWithHooks (webpack-internal:///(app-pages-browser)/./node_modules/next/dist/compiled/react-dom/cjs/react-dom-client.development.js:7985:22)
    at updateFunctionComponent (webpack-internal:///(app-pages-browser)/./node_modules/next/dist/compiled/react-dom/cjs/react-dom-client.development.js:10502:19)
    at beginWork (webpack-internal:///(app-pages-browser)/./node_modules/next/dist/compiled/react-dom/cjs/react-dom-client.development.js:12086:35)
    at runWithFiberInDEV (webpack-internal:///(app-pages-browser)/./node_modules/next/dist/compiled/react-dom/cjs/react-dom-client.development.js:987:30)
    at performUnitOfWork (webpack-internal:///(app-pages-browser)/./node_modules/next/dist/compiled/react-dom/cjs/react-dom-client.development.js:18998:22)
    at workLoopSync (webpack-internal:///(app-pages-browser)/./node_modules/next/dist/compiled/react-dom/cjs/react-dom-client.development.js:18826:41)
    at renderRootSync (webpack-internal:///(app-pages-browser)/./node_modules/next/dist/compiled/react-dom/cjs/react-dom-client.development.js:18807:11)
    at performWorkOnRoot (webpack-internal:///(app-pages-browser)/./node_modules/next/dist/compiled/react-dom/cjs/react-dom-client.development.js:17915:35)
    at performWorkOnRootViaSchedulerTask (webpack-internal:///(app-pages-browser)/./node_modules/next/dist/compiled/react-dom/cjs/react-dom-client.development.js:20385:7)
    at MessagePort.performWorkUntilDeadline (webpack-internal:///(app-pages-browser)/./node_modules/next/dist/compiled/scheduler/cjs/scheduler.development.js:45:48)
[  578013ms] [WARNING] [Fast Refresh] performing full reload because your application had an unrecoverable error @ webpack-internal:///(app-pages-browser)/./node_modules/next/dist/next-devtools/shared/forward-logs-shared.js:27
[  578194ms] [ERROR] Failed to load resource: the server responded with a status of 500 (Internal Server Error) @ http://localhost:3000/shopify-collection-mapping:0
[  579421ms] ReferenceError: Cannot access 'appliedFilterTypeSet' before initialization
    at ShopifyCollectionMapping (webpack-internal:///(app-pages-browser)/./components/shopify-collection-mapping.tsx:921:9)
    at Object.react_stack_bottom_frame (webpack-internal:///(app-pages-browser)/./node_modules/next/dist/compiled/react-dom/cjs/react-dom-client.development.js:28039:20)
    at renderWithHooks (webpack-internal:///(app-pages-browser)/./node_modules/next/dist/compiled/react-dom/cjs/react-dom-client.development.js:7985:22)
    at updateFunctionComponent (webpack-internal:///(app-pages-browser)/./node_modules/next/dist/compiled/react-dom/cjs/react-dom-client.development.js:10502:19)
    at beginWork (webpack-internal:///(app-pages-browser)/./node_modules/next/dist/compiled/react-dom/cjs/react-dom-client.development.js:12086:35)
    at runWithFiberInDEV (webpack-internal:///(app-pages-browser)/./node_modules/next/dist/compiled/react-dom/cjs/react-dom-client.development.js:987:30)
    at performUnitOfWork (webpack-internal:///(app-pages-browser)/./node_modules/next/dist/compiled/react-dom/cjs/react-dom-client.development.js:18998:22)
    at workLoopSync (webpack-internal:///(app-pages-browser)/./node_modules/next/dist/compiled/react-dom/cjs/react-dom-client.development.js:18826:41)
    at renderRootSync (webpack-internal:///(app-pages-browser)/./node_modules/next/dist/compiled/react-dom/cjs/react-dom-client.development.js:18807:11)
    at performWorkOnRoot (webpack-internal:///(app-pages-browser)/./node_modules/next/dist/compiled/react-dom/cjs/react-dom-client.development.js:17915:35)
    at performWorkOnRootViaSchedulerTask (webpack-internal:///(app-pages-browser)/./node_modules/next/dist/compiled/react-dom/cjs/react-dom-client.development.js:20385:7)
    at MessagePort.performWorkUntilDeadline (webpack-internal:///(app-pages-browser)/./node_modules/next/dist/compiled/scheduler/cjs/scheduler.development.js:45:48)
[  579920ms] [WARNING] [Fast Refresh] performing full reload because your application had an unrecoverable error @ webpack-internal:///(app-pages-browser)/./node_modules/next/dist/next-devtools/shared/forward-logs-shared.js:27
[  580082ms] [ERROR] Failed to load resource: the server responded with a status of 500 (Internal Server Error) @ http://localhost:3000/shopify-collection-mapping:0
[  581379ms] ReferenceError: Cannot access 'appliedFilterTypeSet' before initialization
    at ShopifyCollectionMapping (webpack-internal:///(app-pages-browser)/./components/shopify-collection-mapping.tsx:921:9)
    at Object.react_stack_bottom_frame (webpack-internal:///(app-pages-browser)/./node_modules/next/dist/compiled/react-dom/cjs/react-dom-client.development.js:28039:20)
    at renderWithHooks (webpack-internal:///(app-pages-browser)/./node_modules/next/dist/compiled/react-dom/cjs/react-dom-client.development.js:7985:22)
    at updateFunctionComponent (webpack-internal:///(app-pages-browser)/./node_modules/next/dist/compiled/react-dom/cjs/react-dom-client.development.js:10502:19)
    at beginWork (webpack-internal:///(app-pages-browser)/./node_modules/next/dist/compiled/react-dom/cjs/react-dom-client.development.js:12086:35)
    at runWithFiberInDEV (webpack-internal:///(app-pages-browser)/./node_modules/next/dist/compiled/react-dom/cjs/react-dom-client.development.js:987:30)
    at performUnitOfWork (webpack-internal:///(app-pages-browser)/./node_modules/next/dist/compiled/react-dom/cjs/react-dom-client.development.js:18998:22)
    at workLoopSync (webpack-internal:///(app-pages-browser)/./node_modules/next/dist/compiled/react-dom/cjs/react-dom-client.development.js:18826:41)
    at renderRootSync (webpack-internal:///(app-pages-browser)/./node_modules/next/dist/compiled/react-dom/cjs/react-dom-client.development.js:18807:11)
    at performWorkOnRoot (webpack-internal:///(app-pages-browser)/./node_modules/next/dist/compiled/react-dom/cjs/react-dom-client.development.js:17915:35)
    at performWorkOnRootViaSchedulerTask (webpack-internal:///(app-pages-browser)/./node_modules/next/dist/compiled/react-dom/cjs/react-dom-client.development.js:20385:7)
    at MessagePort.performWorkUntilDeadline (webpack-internal:///(app-pages-browser)/./node_modules/next/dist/compiled/scheduler/cjs/scheduler.development.js:45:48)
[  581881ms] [WARNING] [Fast Refresh] performing full reload because your application had an unrecoverable error @ webpack-internal:///(app-pages-browser)/./node_modules/next/dist/next-devtools/shared/forward-logs-shared.js:27
[  582077ms] [ERROR] Failed to load resource: the server responded with a status of 500 (Internal Server Error) @ http://localhost:3000/shopify-collection-mapping:0
[  583579ms] ReferenceError: Cannot access 'appliedFilterTypeSet' before initialization
    at ShopifyCollectionMapping (webpack-internal:///(app-pages-browser)/./components/shopify-collection-mapping.tsx:921:9)
    at Object.react_stack_bottom_frame (webpack-internal:///(app-pages-browser)/./node_modules/next/dist/compiled/react-dom/cjs/react-dom-client.development.js:28039:20)
    at renderWithHooks (webpack-internal:///(app-pages-browser)/./node_modules/next/dist/compiled/react-dom/cjs/react-dom-client.development.js:7985:22)
    at updateFunctionComponent (webpack-internal:///(app-pages-browser)/./node_modules/next/dist/compiled/react-dom/cjs/react-dom-client.development.js:10502:19)
    at beginWork (webpack-internal:///(app-pages-browser)/./node_modules/next/dist/compiled/react-dom/cjs/react-dom-client.development.js:12086:35)
    at runWithFiberInDEV (webpack-internal:///(app-pages-browser)/./node_modules/next/dist/compiled/react-dom/cjs/react-dom-client.development.js:987:30)
    at performUnitOfWork (webpack-internal:///(app-pages-browser)/./node_modules/next/dist/compiled/react-dom/cjs/react-dom-client.development.js:18998:22)
    at workLoopSync (webpack-internal:///(app-pages-browser)/./node_modules/next/dist/compiled/react-dom/cjs/react-dom-client.development.js:18826:41)
    at renderRootSync (webpack-internal:///(app-pages-browser)/./node_modules/next/dist/compiled/react-dom/cjs/react-dom-client.development.js:18807:11)
    at performWorkOnRoot (webpack-internal:///(app-pages-browser)/./node_modules/next/dist/compiled/react-dom/cjs/react-dom-client.development.js:17915:35)
    at performWorkOnRootViaSchedulerTask (webpack-internal:///(app-pages-browser)/./node_modules/next/dist/compiled/react-dom/cjs/react-dom-client.development.js:20385:7)
    at MessagePort.performWorkUntilDeadline (webpack-internal:///(app-pages-browser)/./node_modules/next/dist/compiled/scheduler/cjs/scheduler.development.js:45:48)
[  585154ms] [WARNING] [Fast Refresh] performing full reload because your application had an unrecoverable error @ webpack-internal:///(app-pages-browser)/./node_modules/next/dist/next-devtools/shared/forward-logs-shared.js:27
[  585394ms] [ERROR] Failed to load resource: the server responded with a status of 500 (Internal Server Error) @ http://localhost:3000/shopify-collection-mapping:0
[  588128ms] ReferenceError: Cannot access 'appliedFilterTypeSet' before initialization
    at ShopifyCollectionMapping (webpack-internal:///(app-pages-browser)/./components/shopify-collection-mapping.tsx:921:9)
    at Object.react_stack_bottom_frame (webpack-internal:///(app-pages-browser)/./node_modules/next/dist/compiled/react-dom/cjs/react-dom-client.development.js:28039:20)
    at renderWithHooks (webpack-internal:///(app-pages-browser)/./node_modules/next/dist/compiled/react-dom/cjs/react-dom-client.development.js:7985:22)
    at updateFunctionComponent (webpack-internal:///(app-pages-browser)/./node_modules/next/dist/compiled/react-dom/cjs/react-dom-client.development.js:10502:19)
    at beginWork (webpack-internal:///(app-pages-browser)/./node_modules/next/dist/compiled/react-dom/cjs/react-dom-client.development.js:12086:35)
    at runWithFiberInDEV (webpack-internal:///(app-pages-browser)/./node_modules/next/dist/compiled/react-dom/cjs/react-dom-client.development.js:987:30)
    at performUnitOfWork (webpack-internal:///(app-pages-browser)/./node_modules/next/dist/compiled/react-dom/cjs/react-dom-client.development.js:18998:22)
    at workLoopSync (webpack-internal:///(app-pages-browser)/./node_modules/next/dist/compiled/react-dom/cjs/react-dom-client.development.js:18826:41)
    at renderRootSync (webpack-internal:///(app-pages-browser)/./node_modules/next/dist/compiled/react-dom/cjs/react-dom-client.development.js:18807:11)
    at performWorkOnRoot (webpack-internal:///(app-pages-browser)/./node_modules/next/dist/compiled/react-dom/cjs/react-dom-client.development.js:17915:35)
    at performWorkOnRootViaSchedulerTask (webpack-internal:///(app-pages-browser)/./node_modules/next/dist/compiled/react-dom/cjs/react-dom-client.development.js:20385:7)
    at MessagePort.performWorkUntilDeadline (webpack-internal:///(app-pages-browser)/./node_modules/next/dist/compiled/scheduler/cjs/scheduler.development.js:45:48)
[  589137ms] [ERROR] Failed to load resource: the server responded with a status of 500 (Internal Server Error) @ http://localhost:3000/shopify-collection-mapping:0
[  590201ms] ReferenceError: Cannot access 'appliedFilterTypeSet' before initialization
    at ShopifyCollectionMapping (webpack-internal:///(app-pages-browser)/./components/shopify-collection-mapping.tsx:921:9)
    at Object.react_stack_bottom_frame (webpack-internal:///(app-pages-browser)/./node_modules/next/dist/compiled/react-dom/cjs/react-dom-client.development.js:28039:20)
    at renderWithHooks (webpack-internal:///(app-pages-browser)/./node_modules/next/dist/compiled/react-dom/cjs/react-dom-client.development.js:7985:22)
    at updateFunctionComponent (webpack-internal:///(app-pages-browser)/./node_modules/next/dist/compiled/react-dom/cjs/react-dom-client.development.js:10502:19)
    at beginWork (webpack-internal:///(app-pages-browser)/./node_modules/next/dist/compiled/react-dom/cjs/react-dom-client.development.js:12086:35)
    at runWithFiberInDEV (webpack-internal:///(app-pages-browser)/./node_modules/next/dist/compiled/react-dom/cjs/react-dom-client.development.js:987:30)
    at performUnitOfWork (webpack-internal:///(app-pages-browser)/./node_modules/next/dist/compiled/react-dom/cjs/react-dom-client.development.js:18998:22)
    at workLoopSync (webpack-internal:///(app-pages-browser)/./node_modules/next/dist/compiled/react-dom/cjs/react-dom-client.development.js:18826:41)
    at renderRootSync (webpack-internal:///(app-pages-browser)/./node_modules/next/dist/compiled/react-dom/cjs/react-dom-client.development.js:18807:11)
    at performWorkOnRoot (webpack-internal:///(app-pages-browser)/./node_modules/next/dist/compiled/react-dom/cjs/react-dom-client.development.js:17915:35)
    at performWorkOnRootViaSchedulerTask (webpack-internal:///(app-pages-browser)/./node_modules/next/dist/compiled/react-dom/cjs/react-dom-client.development.js:20385:7)
    at MessagePort.performWorkUntilDeadline (webpack-internal:///(app-pages-browser)/./node_modules/next/dist/compiled/scheduler/cjs/scheduler.development.js:45:48)
[  590656ms] [WARNING] [Fast Refresh] performing full reload because your application had an unrecoverable error @ webpack-internal:///(app-pages-browser)/./node_modules/next/dist/next-devtools/shared/forward-logs-shared.js:27
[  591120ms] [ERROR] Failed to load resource: the server responded with a status of 500 (Internal Server Error) @ http://localhost:3000/shopify-collection-mapping:0
[  592799ms] ReferenceError: Cannot access 'appliedFilterTypeSet' before initialization
    at ShopifyCollectionMapping (webpack-internal:///(app-pages-browser)/./components/shopify-collection-mapping.tsx:921:9)
    at Object.react_stack_bottom_frame (webpack-internal:///(app-pages-browser)/./node_modules/next/dist/compiled/react-dom/cjs/react-dom-client.development.js:28039:20)
    at renderWithHooks (webpack-internal:///(app-pages-browser)/./node_modules/next/dist/compiled/react-dom/cjs/react-dom-client.development.js:7985:22)
    at updateFunctionComponent (webpack-internal:///(app-pages-browser)/./node_modules/next/dist/compiled/react-dom/cjs/react-dom-client.development.js:10502:19)
    at beginWork (webpack-internal:///(app-pages-browser)/./node_modules/next/dist/compiled/react-dom/cjs/react-dom-client.development.js:12086:35)
    at runWithFiberInDEV (webpack-internal:///(app-pages-browser)/./node_modules/next/dist/compiled/react-dom/cjs/react-dom-client.development.js:987:30)
    at performUnitOfWork (webpack-internal:///(app-pages-browser)/./node_modules/next/dist/compiled/react-dom/cjs/react-dom-client.development.js:18998:22)
    at workLoopSync (webpack-internal:///(app-pages-browser)/./node_modules/next/dist/compiled/react-dom/cjs/react-dom-client.development.js:18826:41)
    at renderRootSync (webpack-internal:///(app-pages-browser)/./node_modules/next/dist/compiled/react-dom/cjs/react-dom-client.development.js:18807:11)
    at performWorkOnRoot (webpack-internal:///(app-pages-browser)/./node_modules/next/dist/compiled/react-dom/cjs/react-dom-client.development.js:17915:35)
    at performWorkOnRootViaSchedulerTask (webpack-internal:///(app-pages-browser)/./node_modules/next/dist/compiled/react-dom/cjs/react-dom-client.development.js:20385:7)
    at MessagePort.performWorkUntilDeadline (webpack-internal:///(app-pages-browser)/./node_modules/next/dist/compiled/scheduler/cjs/scheduler.development.js:45:48)
[  593448ms] [WARNING] [Fast Refresh] performing full reload because your application had an unrecoverable error @ webpack-internal:///(app-pages-browser)/./node_modules/next/dist/next-devtools/shared/forward-logs-shared.js:27
[  594079ms] [WARNING] [Fast Refresh] performing full reload

Fast Refresh will perform a full reload when you edit a file that's imported by modules outside of the React rendering tree.
You might have a file which exports a React component but also exports a value that is imported by a non-React component file.
Consider migrating the non-React component export to a separate file and importing it into both files.

It is also possible the parent component of the component you edited is a class component, which disables Fast Refresh.
Fast Refresh requires at least one parent function component in your React tree. @ webpack-internal:///(app-pages-browser)/./node_modules/next/dist/next-devtools/shared/forward-logs-shared.js:27
[  594083ms] [ERROR] Failed to load resource: the server responded with a status of 500 (Internal Server Error) @ http://localhost:3000/shopify-collection-mapping:0
[  597400ms] ReferenceError: Cannot access 'appliedFilterTypeSet' before initialization
    at ShopifyCollectionMapping (webpack-internal:///(app-pages-browser)/./components/shopify-collection-mapping.tsx:921:9)
    at Object.react_stack_bottom_frame (webpack-internal:///(app-pages-browser)/./node_modules/next/dist/compiled/react-dom/cjs/react-dom-client.development.js:28039:20)
    at renderWithHooks (webpack-internal:///(app-pages-browser)/./node_modules/next/dist/compiled/react-dom/cjs/react-dom-client.development.js:7985:22)
    at updateFunctionComponent (webpack-internal:///(app-pages-browser)/./node_modules/next/dist/compiled/react-dom/cjs/react-dom-client.development.js:10502:19)
    at beginWork (webpack-internal:///(app-pages-browser)/./node_modules/next/dist/compiled/react-dom/cjs/react-dom-client.development.js:12086:35)
    at runWithFiberInDEV (webpack-internal:///(app-pages-browser)/./node_modules/next/dist/compiled/react-dom/cjs/react-dom-client.development.js:987:30)
    at performUnitOfWork (webpack-internal:///(app-pages-browser)/./node_modules/next/dist/compiled/react-dom/cjs/react-dom-client.development.js:18998:22)
    at workLoopSync (webpack-internal:///(app-pages-browser)/./node_modules/next/dist/compiled/react-dom/cjs/react-dom-client.development.js:18826:41)
    at renderRootSync (webpack-internal:///(app-pages-browser)/./node_modules/next/dist/compiled/react-dom/cjs/react-dom-client.development.js:18807:11)
    at performWorkOnRoot (webpack-internal:///(app-pages-browser)/./node_modules/next/dist/compiled/react-dom/cjs/react-dom-client.development.js:17915:35)
    at performWorkOnRootViaSchedulerTask (webpack-internal:///(app-pages-browser)/./node_modules/next/dist/compiled/react-dom/cjs/react-dom-client.development.js:20385:7)
    at MessagePort.performWorkUntilDeadline (webpack-internal:///(app-pages-browser)/./node_modules/next/dist/compiled/scheduler/cjs/scheduler.development.js:45:48)
[  597864ms] [WARNING] [Fast Refresh] performing full reload because your application had an unrecoverable error @ webpack-internal:///(app-pages-browser)/./node_modules/next/dist/next-devtools/shared/forward-logs-shared.js:27
[  598050ms] [ERROR] Failed to load resource: the server responded with a status of 500 (Internal Server Error) @ http://localhost:3000/shopify-collection-mapping:0
[  599608ms] ReferenceError: Cannot access 'appliedFilterTypeSet' before initialization
    at ShopifyCollectionMapping (webpack-internal:///(app-pages-browser)/./components/shopify-collection-mapping.tsx:921:9)
    at Object.react_stack_bottom_frame (webpack-internal:///(app-pages-browser)/./node_modules/next/dist/compiled/react-dom/cjs/react-dom-client.development.js:28039:20)
    at renderWithHooks (webpack-internal:///(app-pages-browser)/./node_modules/next/dist/compiled/react-dom/cjs/react-dom-client.development.js:7985:22)
    at updateFunctionComponent (webpack-internal:///(app-pages-browser)/./node_modules/next/dist/compiled/react-dom/cjs/react-dom-client.development.js:10502:19)
    at beginWork (webpack-internal:///(app-pages-browser)/./node_modules/next/dist/compiled/react-dom/cjs/react-dom-client.development.js:12086:35)
    at runWithFiberInDEV (webpack-internal:///(app-pages-browser)/./node_modules/next/dist/compiled/react-dom/cjs/react-dom-client.development.js:987:30)
    at performUnitOfWork (webpack-internal:///(app-pages-browser)/./node_modules/next/dist/compiled/react-dom/cjs/react-dom-client.development.js:18998:22)
    at workLoopSync (webpack-internal:///(app-pages-browser)/./node_modules/next/dist/compiled/react-dom/cjs/react-dom-client.development.js:18826:41)
    at renderRootSync (webpack-internal:///(app-pages-browser)/./node_modules/next/dist/compiled/react-dom/cjs/react-dom-client.development.js:18807:11)
    at performWorkOnRoot (webpack-internal:///(app-pages-browser)/./node_modules/next/dist/compiled/react-dom/cjs/react-dom-client.development.js:17915:35)
    at performWorkOnRootViaSchedulerTask (webpack-internal:///(app-pages-browser)/./node_modules/next/dist/compiled/react-dom/cjs/react-dom-client.development.js:20385:7)
    at MessagePort.performWorkUntilDeadline (webpack-internal:///(app-pages-browser)/./node_modules/next/dist/compiled/scheduler/cjs/scheduler.development.js:45:48)
[  600196ms] [WARNING] [Fast Refresh] performing full reload because your application had an unrecoverable error @ webpack-internal:///(app-pages-browser)/./node_modules/next/dist/next-devtools/shared/forward-logs-shared.js:27
[  600416ms] [ERROR] Failed to load resource: the server responded with a status of 500 (Internal Server Error) @ http://localhost:3000/shopify-collection-mapping:0
[  601837ms] ReferenceError: Cannot access 'appliedFilterTypeSet' before initialization
    at ShopifyCollectionMapping (webpack-internal:///(app-pages-browser)/./components/shopify-collection-mapping.tsx:921:9)
    at Object.react_stack_bottom_frame (webpack-internal:///(app-pages-browser)/./node_modules/next/dist/compiled/react-dom/cjs/react-dom-client.development.js:28039:20)
    at renderWithHooks (webpack-internal:///(app-pages-browser)/./node_modules/next/dist/compiled/react-dom/cjs/react-dom-client.development.js:7985:22)
    at updateFunctionComponent (webpack-internal:///(app-pages-browser)/./node_modules/next/dist/compiled/react-dom/cjs/react-dom-client.development.js:10502:19)
    at beginWork (webpack-internal:///(app-pages-browser)/./node_modules/next/dist/compiled/react-dom/cjs/react-dom-client.development.js:12086:35)
    at runWithFiberInDEV (webpack-internal:///(app-pages-browser)/./node_modules/next/dist/compiled/react-dom/cjs/react-dom-client.development.js:987:30)
    at performUnitOfWork (webpack-internal:///(app-pages-browser)/./node_modules/next/dist/compiled/react-dom/cjs/react-dom-client.development.js:18998:22)
    at workLoopSync (webpack-internal:///(app-pages-browser)/./node_modules/next/dist/compiled/react-dom/cjs/react-dom-client.development.js:18826:41)
    at renderRootSync (webpack-internal:///(app-pages-browser)/./node_modules/next/dist/compiled/react-dom/cjs/react-dom-client.development.js:18807:11)
    at performWorkOnRoot (webpack-internal:///(app-pages-browser)/./node_modules/next/dist/compiled/react-dom/cjs/react-dom-client.development.js:17915:35)
    at performWorkOnRootViaSchedulerTask (webpack-internal:///(app-pages-browser)/./node_modules/next/dist/compiled/react-dom/cjs/react-dom-client.development.js:20385:7)
    at MessagePort.performWorkUntilDeadline (webpack-internal:///(app-pages-browser)/./node_modules/next/dist/compiled/scheduler/cjs/scheduler.development.js:45:48)
[  602325ms] [WARNING] [Fast Refresh] performing full reload because your application had an unrecoverable error @ webpack-internal:///(app-pages-browser)/./node_modules/next/dist/next-devtools/shared/forward-logs-shared.js:27
[  602530ms] [ERROR] Failed to load resource: the server responded with a status of 500 (Internal Server Error) @ http://localhost:3000/shopify-collection-mapping:0
[  603990ms] ReferenceError: Cannot access 'appliedFilterTypeSet' before initialization
    at ShopifyCollectionMapping (webpack-internal:///(app-pages-browser)/./components/shopify-collection-mapping.tsx:921:9)
    at Object.react_stack_bottom_frame (webpack-internal:///(app-pages-browser)/./node_modules/next/dist/compiled/react-dom/cjs/react-dom-client.development.js:28039:20)
    at renderWithHooks (webpack-internal:///(app-pages-browser)/./node_modules/next/dist/compiled/react-dom/cjs/react-dom-client.development.js:7985:22)
    at updateFunctionComponent (webpack-internal:///(app-pages-browser)/./node_modules/next/dist/compiled/react-dom/cjs/react-dom-client.development.js:10502:19)
    at beginWork (webpack-internal:///(app-pages-browser)/./node_modules/next/dist/compiled/react-dom/cjs/react-dom-client.development.js:12086:35)
    at runWithFiberInDEV (webpack-internal:///(app-pages-browser)/./node_modules/next/dist/compiled/react-dom/cjs/react-dom-client.development.js:987:30)
    at performUnitOfWork (webpack-internal:///(app-pages-browser)/./node_modules/next/dist/compiled/react-dom/cjs/react-dom-client.development.js:18998:22)
    at workLoopSync (webpack-internal:///(app-pages-browser)/./node_modules/next/dist/compiled/react-dom/cjs/react-dom-client.development.js:18826:41)
    at renderRootSync (webpack-internal:///(app-pages-browser)/./node_modules/next/dist/compiled/react-dom/cjs/react-dom-client.development.js:18807:11)
    at performWorkOnRoot (webpack-internal:///(app-pages-browser)/./node_modules/next/dist/compiled/react-dom/cjs/react-dom-client.development.js:17915:35)
    at performWorkOnRootViaSchedulerTask (webpack-internal:///(app-pages-browser)/./node_modules/next/dist/compiled/react-dom/cjs/react-dom-client.development.js:20385:7)
    at MessagePort.performWorkUntilDeadline (webpack-internal:///(app-pages-browser)/./node_modules/next/dist/compiled/scheduler/cjs/scheduler.development.js:45:48)
[  604428ms] [WARNING] [Fast Refresh] performing full reload because your application had an unrecoverable error @ webpack-internal:///(app-pages-browser)/./node_modules/next/dist/next-devtools/shared/forward-logs-shared.js:27
[  604572ms] [ERROR] Failed to load resource: the server responded with a status of 500 (Internal Server Error) @ http://localhost:3000/shopify-collection-mapping:0
[  606035ms] ReferenceError: Cannot access 'appliedFilterTypeSet' before initialization
    at ShopifyCollectionMapping (webpack-internal:///(app-pages-browser)/./components/shopify-collection-mapping.tsx:921:9)
    at Object.react_stack_bottom_frame (webpack-internal:///(app-pages-browser)/./node_modules/next/dist/compiled/react-dom/cjs/react-dom-client.development.js:28039:20)
    at renderWithHooks (webpack-internal:///(app-pages-browser)/./node_modules/next/dist/compiled/react-dom/cjs/react-dom-client.development.js:7985:22)
    at updateFunctionComponent (webpack-internal:///(app-pages-browser)/./node_modules/next/dist/compiled/react-dom/cjs/react-dom-client.development.js:10502:19)
    at beginWork (webpack-internal:///(app-pages-browser)/./node_modules/next/dist/compiled/react-dom/cjs/react-dom-client.development.js:12086:35)
    at runWithFiberInDEV (webpack-internal:///(app-pages-browser)/./node_modules/next/dist/compiled/react-dom/cjs/react-dom-client.development.js:987:30)
    at performUnitOfWork (webpack-internal:///(app-pages-browser)/./node_modules/next/dist/compiled/react-dom/cjs/react-dom-client.development.js:18998:22)
    at workLoopSync (webpack-internal:///(app-pages-browser)/./node_modules/next/dist/compiled/react-dom/cjs/react-dom-client.development.js:18826:41)
    at renderRootSync (webpack-internal:///(app-pages-browser)/./node_modules/next/dist/compiled/react-dom/cjs/react-dom-client.development.js:18807:11)
    at performWorkOnRoot (webpack-internal:///(app-pages-browser)/./node_modules/next/dist/compiled/react-dom/cjs/react-dom-client.development.js:17915:35)
    at performWorkOnRootViaSchedulerTask (webpack-internal:///(app-pages-browser)/./node_modules/next/dist/compiled/react-dom/cjs/react-dom-client.development.js:20385:7)
    at MessagePort.performWorkUntilDeadline (webpack-internal:///(app-pages-browser)/./node_modules/next/dist/compiled/scheduler/cjs/scheduler.development.js:45:48)
[  606544ms] [WARNING] [Fast Refresh] performing full reload because your application had an unrecoverable error @ webpack-internal:///(app-pages-browser)/./node_modules/next/dist/next-devtools/shared/forward-logs-shared.js:27
[  607198ms] [ERROR] Failed to load resource: the server responded with a status of 500 (Internal Server Error) @ http://localhost:3000/shopify-collection-mapping:0
[  608420ms] ReferenceError: Cannot access 'appliedFilterTypeSet' before initialization
    at ShopifyCollectionMapping (webpack-internal:///(app-pages-browser)/./components/shopify-collection-mapping.tsx:921:9)
    at Object.react_stack_bottom_frame (webpack-internal:///(app-pages-browser)/./node_modules/next/dist/compiled/react-dom/cjs/react-dom-client.development.js:28039:20)
    at renderWithHooks (webpack-internal:///(app-pages-browser)/./node_modules/next/dist/compiled/react-dom/cjs/react-dom-client.development.js:7985:22)
    at updateFunctionComponent (webpack-internal:///(app-pages-browser)/./node_modules/next/dist/compiled/react-dom/cjs/react-dom-client.development.js:10502:19)
    at beginWork (webpack-internal:///(app-pages-browser)/./node_modules/next/dist/compiled/react-dom/cjs/react-dom-client.development.js:12086:35)
    at runWithFiberInDEV (webpack-internal:///(app-pages-browser)/./node_modules/next/dist/compiled/react-dom/cjs/react-dom-client.development.js:987:30)
    at performUnitOfWork (webpack-internal:///(app-pages-browser)/./node_modules/next/dist/compiled/react-dom/cjs/react-dom-client.development.js:18998:22)
    at workLoopSync (webpack-internal:///(app-pages-browser)/./node_modules/next/dist/compiled/react-dom/cjs/react-dom-client.development.js:18826:41)
    at renderRootSync (webpack-internal:///(app-pages-browser)/./node_modules/next/dist/compiled/react-dom/cjs/react-dom-client.development.js:18807:11)
    at performWorkOnRoot (webpack-internal:///(app-pages-browser)/./node_modules/next/dist/compiled/react-dom/cjs/react-dom-client.development.js:17915:35)
    at performWorkOnRootViaSchedulerTask (webpack-internal:///(app-pages-browser)/./node_modules/next/dist/compiled/react-dom/cjs/react-dom-client.development.js:20385:7)
    at MessagePort.performWorkUntilDeadline (webpack-internal:///(app-pages-browser)/./node_modules/next/dist/compiled/scheduler/cjs/scheduler.development.js:45:48)
[  608804ms] [WARNING] [Fast Refresh] performing full reload because your application had an unrecoverable error @ webpack-internal:///(app-pages-browser)/./node_modules/next/dist/next-devtools/shared/forward-logs-shared.js:27
[  608946ms] [ERROR] Failed to load resource: the server responded with a status of 500 (Internal Server Error) @ http://localhost:3000/shopify-collection-mapping:0
[  610220ms] ReferenceError: Cannot access 'appliedFilterTypeSet' before initialization
    at ShopifyCollectionMapping (webpack-internal:///(app-pages-browser)/./components/shopify-collection-mapping.tsx:921:9)
    at Object.react_stack_bottom_frame (webpack-internal:///(app-pages-browser)/./node_modules/next/dist/compiled/react-dom/cjs/react-dom-client.development.js:28039:20)
    at renderWithHooks (webpack-internal:///(app-pages-browser)/./node_modules/next/dist/compiled/react-dom/cjs/react-dom-client.development.js:7985:22)
    at updateFunctionComponent (webpack-internal:///(app-pages-browser)/./node_modules/next/dist/compiled/react-dom/cjs/react-dom-client.development.js:10502:19)
    at beginWork (webpack-internal:///(app-pages-browser)/./node_modules/next/dist/compiled/react-dom/cjs/react-dom-client.development.js:12086:35)
    at runWithFiberInDEV (webpack-internal:///(app-pages-browser)/./node_modules/next/dist/compiled/react-dom/cjs/react-dom-client.development.js:987:30)
    at performUnitOfWork (webpack-internal:///(app-pages-browser)/./node_modules/next/dist/compiled/react-dom/cjs/react-dom-client.development.js:18998:22)
    at workLoopSync (webpack-internal:///(app-pages-browser)/./node_modules/next/dist/compiled/react-dom/cjs/react-dom-client.development.js:18826:41)
    at renderRootSync (webpack-internal:///(app-pages-browser)/./node_modules/next/dist/compiled/react-dom/cjs/react-dom-client.development.js:18807:11)
    at performWorkOnRoot (webpack-internal:///(app-pages-browser)/./node_modules/next/dist/compiled/react-dom/cjs/react-dom-client.development.js:17915:35)
    at performWorkOnRootViaSchedulerTask (webpack-internal:///(app-pages-browser)/./node_modules/next/dist/compiled/react-dom/cjs/react-dom-client.development.js:20385:7)
    at MessagePort.performWorkUntilDeadline (webpack-internal:///(app-pages-browser)/./node_modules/next/dist/compiled/scheduler/cjs/scheduler.development.js:45:48)
[  610722ms] [WARNING] [Fast Refresh] performing full reload because your application had an unrecoverable error @ webpack-internal:///(app-pages-browser)/./node_modules/next/dist/next-devtools/shared/forward-logs-shared.js:27
[  610892ms] [ERROR] Failed to load resource: the server responded with a status of 500 (Internal Server Error) @ http://localhost:3000/shopify-collection-mapping:0
[  612246ms] ReferenceError: Cannot access 'appliedFilterTypeSet' before initialization
    at ShopifyCollectionMapping (webpack-internal:///(app-pages-browser)/./components/shopify-collection-mapping.tsx:921:9)
    at Object.react_stack_bottom_frame (webpack-internal:///(app-pages-browser)/./node_modules/next/dist/compiled/react-dom/cjs/react-dom-client.development.js:28039:20)
    at renderWithHooks (webpack-internal:///(app-pages-browser)/./node_modules/next/dist/compiled/react-dom/cjs/react-dom-client.development.js:7985:22)
    at updateFunctionComponent (webpack-internal:///(app-pages-browser)/./node_modules/next/dist/compiled/react-dom/cjs/react-dom-client.development.js:10502:19)
    at beginWork (webpack-internal:///(app-pages-browser)/./node_modules/next/dist/compiled/react-dom/cjs/react-dom-client.development.js:12086:35)
    at runWithFiberInDEV (webpack-internal:///(app-pages-browser)/./node_modules/next/dist/compiled/react-dom/cjs/react-dom-client.development.js:987:30)
    at performUnitOfWork (webpack-internal:///(app-pages-browser)/./node_modules/next/dist/compiled/react-dom/cjs/react-dom-client.development.js:18998:22)
    at workLoopSync (webpack-internal:///(app-pages-browser)/./node_modules/next/dist/compiled/react-dom/cjs/react-dom-client.development.js:18826:41)
    at renderRootSync (webpack-internal:///(app-pages-browser)/./node_modules/next/dist/compiled/react-dom/cjs/react-dom-client.development.js:18807:11)
    at performWorkOnRoot (webpack-internal:///(app-pages-browser)/./node_modules/next/dist/compiled/react-dom/cjs/react-dom-client.development.js:17915:35)
    at performWorkOnRootViaSchedulerTask (webpack-internal:///(app-pages-browser)/./node_modules/next/dist/compiled/react-dom/cjs/react-dom-client.development.js:20385:7)
    at MessagePort.performWorkUntilDeadline (webpack-internal:///(app-pages-browser)/./node_modules/next/dist/compiled/scheduler/cjs/scheduler.development.js:45:48)
[  612742ms] [WARNING] [Fast Refresh] performing full reload because your application had an unrecoverable error @ webpack-internal:///(app-pages-browser)/./node_modules/next/dist/next-devtools/shared/forward-logs-shared.js:27
[  613613ms] [WARNING] [Fast Refresh] performing full reload because your application had an unrecoverable error @ webpack-internal:///(app-pages-browser)/./node_modules/next/dist/next-devtools/shared/forward-logs-shared.js:27
[  614414ms] [WARNING] [Fast Refresh] performing full reload because your application had an unrecoverable error @ webpack-internal:///(app-pages-browser)/./node_modules/next/dist/next-devtools/shared/forward-logs-shared.js:27
[  615686ms] [WARNING] [Fast Refresh] performing full reload

Fast Refresh will perform a full reload when you edit a file that's imported by modules outside of the React rendering tree.
You might have a file which exports a React component but also exports a value that is imported by a non-React component file.
Consider migrating the non-React component export to a separate file and importing it into both files.

It is also possible the parent component of the component you edited is a class component, which disables Fast Refresh.
Fast Refresh requires at least one parent function component in your React tree. @ webpack-internal:///(app-pages-browser)/./node_modules/next/dist/next-devtools/shared/forward-logs-shared.js:27
[  615689ms] [ERROR] Failed to load resource: the server responded with a status of 500 (Internal Server Error) @ http://localhost:3000/shopify-collection-mapping:0
[  618291ms] SyntaxError: Unexpected end of JSON input
    at JSON.parse (<anonymous>)
    at loadManifest (file://D:\Projects\My project\carbon-gen\node_modules\next\dist\server\load-manifest.external.js:43:25)
    at loadManifestFromRelativePath (file://D:\Projects\My project\carbon-gen\node_modules\next\dist\server\load-manifest.external.js:84:16)
    at AppPageRouteModule.loadManifests (file://D:\Projects\My project\carbon-gen\node_modules\next\dist\compiled\next-server\app-page.runtime.dev.js:43:32416)
    at AppPageRouteModule.prepare (file://D:\Projects\My project\carbon-gen\node_modules\next\dist\compiled\next-server\app-page.runtime.dev.js:43:42076)
    at async Module.handler (webpack-internal:///(rsc)/./node_modules/next/dist/build/webpack/loaders/next-app-loader/index.js?name=app%2Fshopify-collection-mapping%2Fpage&page=%2Fshopify-collection-mapping%2Fpage&appPaths=%2Fshopify-collection-mapping%2Fpage&pagePath=private-next-app-dir%2Fshopify-collection-mapping%2Fpage.tsx&appDir=D%3A%5CProjects%5CMy%20project%5Ccarbon-gen%5Capp&pageExtensions=tsx&pageExtensions=ts&pageExtensions=jsx&pageExtensions=js&rootDir=D%3A%5CProjects%5CMy%20project%5Ccarbon-gen&isDev=true&tsconfigPath=&basePath=&assetPrefix=&nextConfigOutput=standalone&preferredRegion=&middlewareConfig=e30%3D&isGlobalNotFoundEnabled=!:187:27)
    at async DevServer.renderToResponseWithComponentsImpl (file://D:\Projects\My project\carbon-gen\node_modules\next\dist\server\base-server.js:1442:9)
    at async DevServer.renderPageComponent (file://D:\Projects\My project\carbon-gen\node_modules\next\dist\server\base-server.js:1494:24)
    at async DevServer.renderToResponseImpl (file://D:\Projects\My project\carbon-gen\node_modules\next\dist\server\base-server.js:1544:32)
    at async DevServer.pipeImpl (file://D:\Projects\My project\carbon-gen\node_modules\next\dist\server\base-server.js:1038:25)
    at async NextNodeServer.handleCatchallRenderRequest (file://D:\Projects\My project\carbon-gen\node_modules\next\dist\server\next-server.js:395:17)
    at async DevServer.handleRequestImpl (file://D:\Projects\My project\carbon-gen\node_modules\next\dist\server\base-server.js:929:17)
    at async (file://D:\Projects\My project\carbon-gen\node_modules\next\dist\server\dev\next-dev-server.js:387:20)
    at async Span.traceAsyncFn (file://D:\Projects\My project\carbon-gen\node_modules\next\dist\trace\trace.js:157:20)
    at async DevServer.handleRequest (file://D:\Projects\My project\carbon-gen\node_modules\next\dist\server\dev\next-dev-server.js:383:24)
    at async invokeRender (file://D:\Projects\My project\carbon-gen\node_modules\next\dist\server\lib\router-server.js:248:21)
    at async handleRequest (file://D:\Projects\My project\carbon-gen\node_modules\next\dist\server\lib\router-server.js:447:24)
    at async requestHandlerImpl (file://D:\Projects\My project\carbon-gen\node_modules\next\dist\server\lib\router-server.js:496:13)
    at async Server.requestListener (file://D:\Projects\My project\carbon-gen\node_modules\next\dist\server\lib\start-server.js:226:13)
[  621866ms] [WARNING] [Fast Refresh] performing full reload because your application had an unrecoverable error @ webpack-internal:///(pages-dir-browser)/./node_modules/next/dist/next-devtools/shared/forward-logs-shared.js:27
[  623148ms] [ERROR] Failed to load resource: the server responded with a status of 500 (Internal Server Error) @ http://localhost:3000/shopify-collection-mapping:0
[  624449ms] ReferenceError: Cannot access 'appliedFilterTypeSet' before initialization
    at ShopifyCollectionMapping (webpack-internal:///(app-pages-browser)/./components/shopify-collection-mapping.tsx:921:9)
    at Object.react_stack_bottom_frame (webpack-internal:///(app-pages-browser)/./node_modules/next/dist/compiled/react-dom/cjs/react-dom-client.development.js:28039:20)
    at renderWithHooks (webpack-internal:///(app-pages-browser)/./node_modules/next/dist/compiled/react-dom/cjs/react-dom-client.development.js:7985:22)
    at updateFunctionComponent (webpack-internal:///(app-pages-browser)/./node_modules/next/dist/compiled/react-dom/cjs/react-dom-client.development.js:10502:19)
    at beginWork (webpack-internal:///(app-pages-browser)/./node_modules/next/dist/compiled/react-dom/cjs/react-dom-client.development.js:12086:35)
    at runWithFiberInDEV (webpack-internal:///(app-pages-browser)/./node_modules/next/dist/compiled/react-dom/cjs/react-dom-client.development.js:987:30)
    at performUnitOfWork (webpack-internal:///(app-pages-browser)/./node_modules/next/dist/compiled/react-dom/cjs/react-dom-client.development.js:18998:22)
    at workLoopSync (webpack-internal:///(app-pages-browser)/./node_modules/next/dist/compiled/react-dom/cjs/react-dom-client.development.js:18826:41)
    at renderRootSync (webpack-internal:///(app-pages-browser)/./node_modules/next/dist/compiled/react-dom/cjs/react-dom-client.development.js:18807:11)
    at performWorkOnRoot (webpack-internal:///(app-pages-browser)/./node_modules/next/dist/compiled/react-dom/cjs/react-dom-client.development.js:17915:35)
    at performWorkOnRootViaSchedulerTask (webpack-internal:///(app-pages-browser)/./node_modules/next/dist/compiled/react-dom/cjs/react-dom-client.development.js:20385:7)
    at MessagePort.performWorkUntilDeadline (webpack-internal:///(app-pages-browser)/./node_modules/next/dist/compiled/scheduler/cjs/scheduler.development.js:45:48)
[  625264ms] [WARNING] [Fast Refresh] performing full reload because your application had an unrecoverable error @ webpack-internal:///(app-pages-browser)/./node_modules/next/dist/next-devtools/shared/forward-logs-shared.js:27
[  625622ms] [ERROR] Failed to load resource: the server responded with a status of 500 (Internal Server Error) @ http://localhost:3000/shopify-collection-mapping:0
[  630269ms] [WARNING] [Fast Refresh] performing full reload

Fast Refresh will perform a full reload when you edit a file that's imported by modules outside of the React rendering tree.
You might have a file which exports a React component but also exports a value that is imported by a non-React component file.
Consider migrating the non-React component export to a separate file and importing it into both files.

It is also possible the parent component of the component you edited is a class component, which disables Fast Refresh.
Fast Refresh requires at least one parent function component in your React tree. @ webpack-internal:///(app-pages-browser)/./node_modules/next/dist/next-devtools/shared/forward-logs-shared.js:27
[  630272ms] [ERROR] Failed to load resource: the server responded with a status of 500 (Internal Server Error) @ http://localhost:3000/shopify-collection-mapping:0
[  632838ms] ReferenceError: Cannot access 'appliedFilterTypeSet' before initialization
    at ShopifyCollectionMapping (webpack-internal:///(app-pages-browser)/./components/shopify-collection-mapping.tsx:921:9)
    at Object.react_stack_bottom_frame (webpack-internal:///(app-pages-browser)/./node_modules/next/dist/compiled/react-dom/cjs/react-dom-client.development.js:28039:20)
    at renderWithHooks (webpack-internal:///(app-pages-browser)/./node_modules/next/dist/compiled/react-dom/cjs/react-dom-client.development.js:7985:22)
    at updateFunctionComponent (webpack-internal:///(app-pages-browser)/./node_modules/next/dist/compiled/react-dom/cjs/react-dom-client.development.js:10502:19)
    at beginWork (webpack-internal:///(app-pages-browser)/./node_modules/next/dist/compiled/react-dom/cjs/react-dom-client.development.js:12086:35)
    at runWithFiberInDEV (webpack-internal:///(app-pages-browser)/./node_modules/next/dist/compiled/react-dom/cjs/react-dom-client.development.js:987:30)
    at performUnitOfWork (webpack-internal:///(app-pages-browser)/./node_modules/next/dist/compiled/react-dom/cjs/react-dom-client.development.js:18998:22)
    at workLoopSync (webpack-internal:///(app-pages-browser)/./node_modules/next/dist/compiled/react-dom/cjs/react-dom-client.development.js:18826:41)
    at renderRootSync (webpack-internal:///(app-pages-browser)/./node_modules/next/dist/compiled/react-dom/cjs/react-dom-client.development.js:18807:11)
    at performWorkOnRoot (webpack-internal:///(app-pages-browser)/./node_modules/next/dist/compiled/react-dom/cjs/react-dom-client.development.js:17915:35)
    at performWorkOnRootViaSchedulerTask (webpack-internal:///(app-pages-browser)/./node_modules/next/dist/compiled/react-dom/cjs/react-dom-client.development.js:20385:7)
    at MessagePort.performWorkUntilDeadline (webpack-internal:///(app-pages-browser)/./node_modules/next/dist/compiled/scheduler/cjs/scheduler.development.js:45:48)
[  633428ms] [WARNING] [Fast Refresh] performing full reload because your application had an unrecoverable error @ webpack-internal:///(app-pages-browser)/./node_modules/next/dist/next-devtools/shared/forward-logs-shared.js:27
[  633909ms] [ERROR] Failed to load resource: the server responded with a status of 500 (Internal Server Error) @ http://localhost:3000/shopify-collection-mapping:0
[  635019ms] ReferenceError: Cannot access 'appliedFilterTypeSet' before initialization
    at ShopifyCollectionMapping (webpack-internal:///(app-pages-browser)/./components/shopify-collection-mapping.tsx:921:9)
    at Object.react_stack_bottom_frame (webpack-internal:///(app-pages-browser)/./node_modules/next/dist/compiled/react-dom/cjs/react-dom-client.development.js:28039:20)
    at renderWithHooks (webpack-internal:///(app-pages-browser)/./node_modules/next/dist/compiled/react-dom/cjs/react-dom-client.development.js:7985:22)
    at updateFunctionComponent (webpack-internal:///(app-pages-browser)/./node_modules/next/dist/compiled/react-dom/cjs/react-dom-client.development.js:10502:19)
    at beginWork (webpack-internal:///(app-pages-browser)/./node_modules/next/dist/compiled/react-dom/cjs/react-dom-client.development.js:12086:35)
    at runWithFiberInDEV (webpack-internal:///(app-pages-browser)/./node_modules/next/dist/compiled/react-dom/cjs/react-dom-client.development.js:987:30)
    at performUnitOfWork (webpack-internal:///(app-pages-browser)/./node_modules/next/dist/compiled/react-dom/cjs/react-dom-client.development.js:18998:22)
    at workLoopSync (webpack-internal:///(app-pages-browser)/./node_modules/next/dist/compiled/react-dom/cjs/react-dom-client.development.js:18826:41)
    at renderRootSync (webpack-internal:///(app-pages-browser)/./node_modules/next/dist/compiled/react-dom/cjs/react-dom-client.development.js:18807:11)
    at performWorkOnRoot (webpack-internal:///(app-pages-browser)/./node_modules/next/dist/compiled/react-dom/cjs/react-dom-client.development.js:17915:35)
    at performWorkOnRootViaSchedulerTask (webpack-internal:///(app-pages-browser)/./node_modules/next/dist/compiled/react-dom/cjs/react-dom-client.development.js:20385:7)
    at MessagePort.performWorkUntilDeadline (webpack-internal:///(app-pages-browser)/./node_modules/next/dist/compiled/scheduler/cjs/scheduler.development.js:45:48)
[  635463ms] [WARNING] [Fast Refresh] performing full reload because your application had an unrecoverable error @ webpack-internal:///(app-pages-browser)/./node_modules/next/dist/next-devtools/shared/forward-logs-shared.js:27
[  635610ms] [ERROR] Failed to load resource: the server responded with a status of 500 (Internal Server Error) @ http://localhost:3000/shopify-collection-mapping:0
[  636839ms] ReferenceError: Cannot access 'appliedFilterTypeSet' before initialization
    at ShopifyCollectionMapping (webpack-internal:///(app-pages-browser)/./components/shopify-collection-mapping.tsx:921:9)
    at Object.react_stack_bottom_frame (webpack-internal:///(app-pages-browser)/./node_modules/next/dist/compiled/react-dom/cjs/react-dom-client.development.js:28039:20)
    at renderWithHooks (webpack-internal:///(app-pages-browser)/./node_modules/next/dist/compiled/react-dom/cjs/react-dom-client.development.js:7985:22)
    at updateFunctionComponent (webpack-internal:///(app-pages-browser)/./node_modules/next/dist/compiled/react-dom/cjs/react-dom-client.development.js:10502:19)
    at beginWork (webpack-internal:///(app-pages-browser)/./node_modules/next/dist/compiled/react-dom/cjs/react-dom-client.development.js:12086:35)
    at runWithFiberInDEV (webpack-internal:///(app-pages-browser)/./node_modules/next/dist/compiled/react-dom/cjs/react-dom-client.development.js:987:30)
    at performUnitOfWork (webpack-internal:///(app-pages-browser)/./node_modules/next/dist/compiled/react-dom/cjs/react-dom-client.development.js:18998:22)
    at workLoopSync (webpack-internal:///(app-pages-browser)/./node_modules/next/dist/compiled/react-dom/cjs/react-dom-client.development.js:18826:41)
    at renderRootSync (webpack-internal:///(app-pages-browser)/./node_modules/next/dist/compiled/react-dom/cjs/react-dom-client.development.js:18807:11)
    at performWorkOnRoot (webpack-internal:///(app-pages-browser)/./node_modules/next/dist/compiled/react-dom/cjs/react-dom-client.development.js:17915:35)
    at performWorkOnRootViaSchedulerTask (webpack-internal:///(app-pages-browser)/./node_modules/next/dist/compiled/react-dom/cjs/react-dom-client.development.js:20385:7)
    at MessagePort.performWorkUntilDeadline (webpack-internal:///(app-pages-browser)/./node_modules/next/dist/compiled/scheduler/cjs/scheduler.development.js:45:48)
[  637307ms] [WARNING] [Fast Refresh] performing full reload because your application had an unrecoverable error @ webpack-internal:///(app-pages-browser)/./node_modules/next/dist/next-devtools/shared/forward-logs-shared.js:27
[  637464ms] [ERROR] Failed to load resource: the server responded with a status of 500 (Internal Server Error) @ http://localhost:3000/shopify-collection-mapping:0
[  638762ms] ReferenceError: Cannot access 'appliedFilterTypeSet' before initialization
    at ShopifyCollectionMapping (webpack-internal:///(app-pages-browser)/./components/shopify-collection-mapping.tsx:921:9)
    at Object.react_stack_bottom_frame (webpack-internal:///(app-pages-browser)/./node_modules/next/dist/compiled/react-dom/cjs/react-dom-client.development.js:28039:20)
    at renderWithHooks (webpack-internal:///(app-pages-browser)/./node_modules/next/dist/compiled/react-dom/cjs/react-dom-client.development.js:7985:22)
    at updateFunctionComponent (webpack-internal:///(app-pages-browser)/./node_modules/next/dist/compiled/react-dom/cjs/react-dom-client.development.js:10502:19)
    at beginWork (webpack-internal:///(app-pages-browser)/./node_modules/next/dist/compiled/react-dom/cjs/react-dom-client.development.js:12086:35)
    at runWithFiberInDEV (webpack-internal:///(app-pages-browser)/./node_modules/next/dist/compiled/react-dom/cjs/react-dom-client.development.js:987:30)
    at performUnitOfWork (webpack-internal:///(app-pages-browser)/./node_modules/next/dist/compiled/react-dom/cjs/react-dom-client.development.js:18998:22)
    at workLoopSync (webpack-internal:///(app-pages-browser)/./node_modules/next/dist/compiled/react-dom/cjs/react-dom-client.development.js:18826:41)
    at renderRootSync (webpack-internal:///(app-pages-browser)/./node_modules/next/dist/compiled/react-dom/cjs/react-dom-client.development.js:18807:11)
    at performWorkOnRoot (webpack-internal:///(app-pages-browser)/./node_modules/next/dist/compiled/react-dom/cjs/react-dom-client.development.js:17915:35)
    at performWorkOnRootViaSchedulerTask (webpack-internal:///(app-pages-browser)/./node_modules/next/dist/compiled/react-dom/cjs/react-dom-client.development.js:20385:7)
    at MessagePort.performWorkUntilDeadline (webpack-internal:///(app-pages-browser)/./node_modules/next/dist/compiled/scheduler/cjs/scheduler.development.js:45:48)
[  639409ms] [WARNING] [Fast Refresh] performing full reload because your application had an unrecoverable error @ webpack-internal:///(app-pages-browser)/./node_modules/next/dist/next-devtools/shared/forward-logs-shared.js:27
[  639552ms] [ERROR] Failed to load resource: the server responded with a status of 500 (Internal Server Error) @ http://localhost:3000/shopify-collection-mapping:0
[  640844ms] ReferenceError: Cannot access 'appliedFilterTypeSet' before initialization
    at ShopifyCollectionMapping (webpack-internal:///(app-pages-browser)/./components/shopify-collection-mapping.tsx:921:9)
    at Object.react_stack_bottom_frame (webpack-internal:///(app-pages-browser)/./node_modules/next/dist/compiled/react-dom/cjs/react-dom-client.development.js:28039:20)
    at renderWithHooks (webpack-internal:///(app-pages-browser)/./node_modules/next/dist/compiled/react-dom/cjs/react-dom-client.development.js:7985:22)
    at updateFunctionComponent (webpack-internal:///(app-pages-browser)/./node_modules/next/dist/compiled/react-dom/cjs/react-dom-client.development.js:10502:19)
    at beginWork (webpack-internal:///(app-pages-browser)/./node_modules/next/dist/compiled/react-dom/cjs/react-dom-client.development.js:12086:35)
    at runWithFiberInDEV (webpack-internal:///(app-pages-browser)/./node_modules/next/dist/compiled/react-dom/cjs/react-dom-client.development.js:987:30)
    at performUnitOfWork (webpack-internal:///(app-pages-browser)/./node_modules/next/dist/compiled/react-dom/cjs/react-dom-client.development.js:18998:22)
    at workLoopSync (webpack-internal:///(app-pages-browser)/./node_modules/next/dist/compiled/react-dom/cjs/react-dom-client.development.js:18826:41)
    at renderRootSync (webpack-internal:///(app-pages-browser)/./node_modules/next/dist/compiled/react-dom/cjs/react-dom-client.development.js:18807:11)
    at performWorkOnRoot (webpack-internal:///(app-pages-browser)/./node_modules/next/dist/compiled/react-dom/cjs/react-dom-client.development.js:17915:35)
    at performWorkOnRootViaSchedulerTask (webpack-internal:///(app-pages-browser)/./node_modules/next/dist/compiled/react-dom/cjs/react-dom-client.development.js:20385:7)
    at MessagePort.performWorkUntilDeadline (webpack-internal:///(app-pages-browser)/./node_modules/next/dist/compiled/scheduler/cjs/scheduler.development.js:45:48)
[  642380ms] [WARNING] [Fast Refresh] performing full reload because your application had an unrecoverable error @ webpack-internal:///(app-pages-browser)/./node_modules/next/dist/next-devtools/shared/forward-logs-shared.js:27
[  644025ms] [WARNING] [Fast Refresh] performing full reload because your application had an unrecoverable error @ webpack-internal:///(app-pages-browser)/./node_modules/next/dist/next-devtools/shared/forward-logs-shared.js:27
[  644653ms] [WARNING] [Fast Refresh] performing full reload because your application had an unrecoverable error @ webpack-internal:///(app-pages-browser)/./node_modules/next/dist/next-devtools/shared/forward-logs-shared.js:27
[  645000ms] [ERROR] Failed to load resource: the server responded with a status of 500 (Internal Server Error) @ http://localhost:3000/shopify-collection-mapping:0
[  646573ms] ReferenceError: Cannot access 'appliedFilterTypeSet' before initialization
    at ShopifyCollectionMapping (webpack-internal:///(app-pages-browser)/./components/shopify-collection-mapping.tsx:921:9)
    at Object.react_stack_bottom_frame (webpack-internal:///(app-pages-browser)/./node_modules/next/dist/compiled/react-dom/cjs/react-dom-client.development.js:28039:20)
    at renderWithHooks (webpack-internal:///(app-pages-browser)/./node_modules/next/dist/compiled/react-dom/cjs/react-dom-client.development.js:7985:22)
    at updateFunctionComponent (webpack-internal:///(app-pages-browser)/./node_modules/next/dist/compiled/react-dom/cjs/react-dom-client.development.js:10502:19)
    at beginWork (webpack-internal:///(app-pages-browser)/./node_modules/next/dist/compiled/react-dom/cjs/react-dom-client.development.js:12086:35)
    at runWithFiberInDEV (webpack-internal:///(app-pages-browser)/./node_modules/next/dist/compiled/react-dom/cjs/react-dom-client.development.js:987:30)
    at performUnitOfWork (webpack-internal:///(app-pages-browser)/./node_modules/next/dist/compiled/react-dom/cjs/react-dom-client.development.js:18998:22)
    at workLoopSync (webpack-internal:///(app-pages-browser)/./node_modules/next/dist/compiled/react-dom/cjs/react-dom-client.development.js:18826:41)
    at renderRootSync (webpack-internal:///(app-pages-browser)/./node_modules/next/dist/compiled/react-dom/cjs/react-dom-client.development.js:18807:11)
    at performWorkOnRoot (webpack-internal:///(app-pages-browser)/./node_modules/next/dist/compiled/react-dom/cjs/react-dom-client.development.js:17915:35)
    at performWorkOnRootViaSchedulerTask (webpack-internal:///(app-pages-browser)/./node_modules/next/dist/compiled/react-dom/cjs/react-dom-client.development.js:20385:7)
    at MessagePort.performWorkUntilDeadline (webpack-internal:///(app-pages-browser)/./node_modules/next/dist/compiled/scheduler/cjs/scheduler.development.js:45:48)
[  647058ms] [WARNING] [Fast Refresh] performing full reload because your application had an unrecoverable error @ webpack-internal:///(app-pages-browser)/./node_modules/next/dist/next-devtools/shared/forward-logs-shared.js:27
[  647206ms] [ERROR] Failed to load resource: the server responded with a status of 500 (Internal Server Error) @ http://localhost:3000/shopify-collection-mapping:0
[  648437ms] ReferenceError: Cannot access 'appliedFilterTypeSet' before initialization
    at ShopifyCollectionMapping (webpack-internal:///(app-pages-browser)/./components/shopify-collection-mapping.tsx:921:9)
    at Object.react_stack_bottom_frame (webpack-internal:///(app-pages-browser)/./node_modules/next/dist/compiled/react-dom/cjs/react-dom-client.development.js:28039:20)
    at renderWithHooks (webpack-internal:///(app-pages-browser)/./node_modules/next/dist/compiled/react-dom/cjs/react-dom-client.development.js:7985:22)
    at updateFunctionComponent (webpack-internal:///(app-pages-browser)/./node_modules/next/dist/compiled/react-dom/cjs/react-dom-client.development.js:10502:19)
    at beginWork (webpack-internal:///(app-pages-browser)/./node_modules/next/dist/compiled/react-dom/cjs/react-dom-client.development.js:12086:35)
    at runWithFiberInDEV (webpack-internal:///(app-pages-browser)/./node_modules/next/dist/compiled/react-dom/cjs/react-dom-client.development.js:987:30)
    at performUnitOfWork (webpack-internal:///(app-pages-browser)/./node_modules/next/dist/compiled/react-dom/cjs/react-dom-client.development.js:18998:22)
    at workLoopSync (webpack-internal:///(app-pages-browser)/./node_modules/next/dist/compiled/react-dom/cjs/react-dom-client.development.js:18826:41)
    at renderRootSync (webpack-internal:///(app-pages-browser)/./node_modules/next/dist/compiled/react-dom/cjs/react-dom-client.development.js:18807:11)
    at performWorkOnRoot (webpack-internal:///(app-pages-browser)/./node_modules/next/dist/compiled/react-dom/cjs/react-dom-client.development.js:17915:35)
    at performWorkOnRootViaSchedulerTask (webpack-internal:///(app-pages-browser)/./node_modules/next/dist/compiled/react-dom/cjs/react-dom-client.development.js:20385:7)
    at MessagePort.performWorkUntilDeadline (webpack-internal:///(app-pages-browser)/./node_modules/next/dist/compiled/scheduler/cjs/scheduler.development.js:45:48)
[  648825ms] [WARNING] [Fast Refresh] performing full reload because your application had an unrecoverable error @ webpack-internal:///(app-pages-browser)/./node_modules/next/dist/next-devtools/shared/forward-logs-shared.js:27
[  648976ms] [ERROR] Failed to load resource: the server responded with a status of 500 (Internal Server Error) @ http://localhost:3000/shopify-collection-mapping:0
[  650159ms] ReferenceError: Cannot access 'appliedFilterTypeSet' before initialization
    at ShopifyCollectionMapping (webpack-internal:///(app-pages-browser)/./components/shopify-collection-mapping.tsx:921:9)
    at Object.react_stack_bottom_frame (webpack-internal:///(app-pages-browser)/./node_modules/next/dist/compiled/react-dom/cjs/react-dom-client.development.js:28039:20)
    at renderWithHooks (webpack-internal:///(app-pages-browser)/./node_modules/next/dist/compiled/react-dom/cjs/react-dom-client.development.js:7985:22)
    at updateFunctionComponent (webpack-internal:///(app-pages-browser)/./node_modules/next/dist/compiled/react-dom/cjs/react-dom-client.development.js:10502:19)
    at beginWork (webpack-internal:///(app-pages-browser)/./node_modules/next/dist/compiled/react-dom/cjs/react-dom-client.development.js:12086:35)
    at runWithFiberInDEV (webpack-internal:///(app-pages-browser)/./node_modules/next/dist/compiled/react-dom/cjs/react-dom-client.development.js:987:30)
    at performUnitOfWork (webpack-internal:///(app-pages-browser)/./node_modules/next/dist/compiled/react-dom/cjs/react-dom-client.development.js:18998:22)
    at workLoopSync (webpack-internal:///(app-pages-browser)/./node_modules/next/dist/compiled/react-dom/cjs/react-dom-client.development.js:18826:41)
    at renderRootSync (webpack-internal:///(app-pages-browser)/./node_modules/next/dist/compiled/react-dom/cjs/react-dom-client.development.js:18807:11)
    at performWorkOnRoot (webpack-internal:///(app-pages-browser)/./node_modules/next/dist/compiled/react-dom/cjs/react-dom-client.development.js:17915:35)
    at performWorkOnRootViaSchedulerTask (webpack-internal:///(app-pages-browser)/./node_modules/next/dist/compiled/react-dom/cjs/react-dom-client.development.js:20385:7)
    at MessagePort.performWorkUntilDeadline (webpack-internal:///(app-pages-browser)/./node_modules/next/dist/compiled/scheduler/cjs/scheduler.development.js:45:48)
[  650609ms] [WARNING] [Fast Refresh] performing full reload because your application had an unrecoverable error @ webpack-internal:///(app-pages-browser)/./node_modules/next/dist/next-devtools/shared/forward-logs-shared.js:27
[  650800ms] [ERROR] Failed to load resource: the server responded with a status of 500 (Internal Server Error) @ http://localhost:3000/shopify-collection-mapping:0
[  652213ms] ReferenceError: Cannot access 'appliedFilterTypeSet' before initialization
    at ShopifyCollectionMapping (webpack-internal:///(app-pages-browser)/./components/shopify-collection-mapping.tsx:921:9)
    at Object.react_stack_bottom_frame (webpack-internal:///(app-pages-browser)/./node_modules/next/dist/compiled/react-dom/cjs/react-dom-client.development.js:28039:20)
    at renderWithHooks (webpack-internal:///(app-pages-browser)/./node_modules/next/dist/compiled/react-dom/cjs/react-dom-client.development.js:7985:22)
    at updateFunctionComponent (webpack-internal:///(app-pages-browser)/./node_modules/next/dist/compiled/react-dom/cjs/react-dom-client.development.js:10502:19)
    at beginWork (webpack-internal:///(app-pages-browser)/./node_modules/next/dist/compiled/react-dom/cjs/react-dom-client.development.js:12086:35)
    at runWithFiberInDEV (webpack-internal:///(app-pages-browser)/./node_modules/next/dist/compiled/react-dom/cjs/react-dom-client.development.js:987:30)
    at performUnitOfWork (webpack-internal:///(app-pages-browser)/./node_modules/next/dist/compiled/react-dom/cjs/react-dom-client.development.js:18998:22)
    at workLoopSync (webpack-internal:///(app-pages-browser)/./node_modules/next/dist/compiled/react-dom/cjs/react-dom-client.development.js:18826:41)
    at renderRootSync (webpack-internal:///(app-pages-browser)/./node_modules/next/dist/compiled/react-dom/cjs/react-dom-client.development.js:18807:11)
    at performWorkOnRoot (webpack-internal:///(app-pages-browser)/./node_modules/next/dist/compiled/react-dom/cjs/react-dom-client.development.js:17915:35)
    at performWorkOnRootViaSchedulerTask (webpack-internal:///(app-pages-browser)/./node_modules/next/dist/compiled/react-dom/cjs/react-dom-client.development.js:20385:7)
    at MessagePort.performWorkUntilDeadline (webpack-internal:///(app-pages-browser)/./node_modules/next/dist/compiled/scheduler/cjs/scheduler.development.js:45:48)
[  652988ms] [ERROR] Failed to load resource: the server responded with a status of 500 (Internal Server Error) @ http://localhost:3000/shopify-collection-mapping:0
[  654125ms] ReferenceError: Cannot access 'appliedFilterTypeSet' before initialization
    at ShopifyCollectionMapping (webpack-internal:///(app-pages-browser)/./components/shopify-collection-mapping.tsx:921:9)
    at Object.react_stack_bottom_frame (webpack-internal:///(app-pages-browser)/./node_modules/next/dist/compiled/react-dom/cjs/react-dom-client.development.js:28039:20)
    at renderWithHooks (webpack-internal:///(app-pages-browser)/./node_modules/next/dist/compiled/react-dom/cjs/react-dom-client.development.js:7985:22)
    at updateFunctionComponent (webpack-internal:///(app-pages-browser)/./node_modules/next/dist/compiled/react-dom/cjs/react-dom-client.development.js:10502:19)
    at beginWork (webpack-internal:///(app-pages-browser)/./node_modules/next/dist/compiled/react-dom/cjs/react-dom-client.development.js:12086:35)
    at runWithFiberInDEV (webpack-internal:///(app-pages-browser)/./node_modules/next/dist/compiled/react-dom/cjs/react-dom-client.development.js:987:30)
    at performUnitOfWork (webpack-internal:///(app-pages-browser)/./node_modules/next/dist/compiled/react-dom/cjs/react-dom-client.development.js:18998:22)
    at workLoopSync (webpack-internal:///(app-pages-browser)/./node_modules/next/dist/compiled/react-dom/cjs/react-dom-client.development.js:18826:41)
    at renderRootSync (webpack-internal:///(app-pages-browser)/./node_modules/next/dist/compiled/react-dom/cjs/react-dom-client.development.js:18807:11)
    at performWorkOnRoot (webpack-internal:///(app-pages-browser)/./node_modules/next/dist/compiled/react-dom/cjs/react-dom-client.development.js:17915:35)
    at performWorkOnRootViaSchedulerTask (webpack-internal:///(app-pages-browser)/./node_modules/next/dist/compiled/react-dom/cjs/react-dom-client.development.js:20385:7)
    at MessagePort.performWorkUntilDeadline (webpack-internal:///(app-pages-browser)/./node_modules/next/dist/compiled/scheduler/cjs/scheduler.development.js:45:48)
[  654527ms] [WARNING] [Fast Refresh] performing full reload because your application had an unrecoverable error @ webpack-internal:///(app-pages-browser)/./node_modules/next/dist/next-devtools/shared/forward-logs-shared.js:27
[  654697ms] [ERROR] Failed to load resource: the server responded with a status of 500 (Internal Server Error) @ http://localhost:3000/shopify-collection-mapping:0
[  655944ms] ReferenceError: Cannot access 'appliedFilterTypeSet' before initialization
    at ShopifyCollectionMapping (webpack-internal:///(app-pages-browser)/./components/shopify-collection-mapping.tsx:921:9)
    at Object.react_stack_bottom_frame (webpack-internal:///(app-pages-browser)/./node_modules/next/dist/compiled/react-dom/cjs/react-dom-client.development.js:28039:20)
    at renderWithHooks (webpack-internal:///(app-pages-browser)/./node_modules/next/dist/compiled/react-dom/cjs/react-dom-client.development.js:7985:22)
    at updateFunctionComponent (webpack-internal:///(app-pages-browser)/./node_modules/next/dist/compiled/react-dom/cjs/react-dom-client.development.js:10502:19)
    at beginWork (webpack-internal:///(app-pages-browser)/./node_modules/next/dist/compiled/react-dom/cjs/react-dom-client.development.js:12086:35)
    at runWithFiberInDEV (webpack-internal:///(app-pages-browser)/./node_modules/next/dist/compiled/react-dom/cjs/react-dom-client.development.js:987:30)
    at performUnitOfWork (webpack-internal:///(app-pages-browser)/./node_modules/next/dist/compiled/react-dom/cjs/react-dom-client.development.js:18998:22)
    at workLoopSync (webpack-internal:///(app-pages-browser)/./node_modules/next/dist/compiled/react-dom/cjs/react-dom-client.development.js:18826:41)
    at renderRootSync (webpack-internal:///(app-pages-browser)/./node_modules/next/dist/compiled/react-dom/cjs/react-dom-client.development.js:18807:11)
    at performWorkOnRoot (webpack-internal:///(app-pages-browser)/./node_modules/next/dist/compiled/react-dom/cjs/react-dom-client.development.js:17915:35)
    at performWorkOnRootViaSchedulerTask (webpack-internal:///(app-pages-browser)/./node_modules/next/dist/compiled/react-dom/cjs/react-dom-client.development.js:20385:7)
    at MessagePort.performWorkUntilDeadline (webpack-internal:///(app-pages-browser)/./node_modules/next/dist/compiled/scheduler/cjs/scheduler.development.js:45:48)
[  656464ms] [WARNING] [Fast Refresh] performing full reload because your application had an unrecoverable error @ webpack-internal:///(app-pages-browser)/./node_modules/next/dist/next-devtools/shared/forward-logs-shared.js:27
[  656640ms] [ERROR] Failed to load resource: the server responded with a status of 500 (Internal Server Error) @ http://localhost:3000/shopify-collection-mapping:0
[  658159ms] ReferenceError: Cannot access 'appliedFilterTypeSet' before initialization
    at ShopifyCollectionMapping (webpack-internal:///(app-pages-browser)/./components/shopify-collection-mapping.tsx:921:9)
    at Object.react_stack_bottom_frame (webpack-internal:///(app-pages-browser)/./node_modules/next/dist/compiled/react-dom/cjs/react-dom-client.development.js:28039:20)
    at renderWithHooks (webpack-internal:///(app-pages-browser)/./node_modules/next/dist/compiled/react-dom/cjs/react-dom-client.development.js:7985:22)
    at updateFunctionComponent (webpack-internal:///(app-pages-browser)/./node_modules/next/dist/compiled/react-dom/cjs/react-dom-client.development.js:10502:19)
    at beginWork (webpack-internal:///(app-pages-browser)/./node_modules/next/dist/compiled/react-dom/cjs/react-dom-client.development.js:12086:35)
    at runWithFiberInDEV (webpack-internal:///(app-pages-browser)/./node_modules/next/dist/compiled/react-dom/cjs/react-dom-client.development.js:987:30)
    at performUnitOfWork (webpack-internal:///(app-pages-browser)/./node_modules/next/dist/compiled/react-dom/cjs/react-dom-client.development.js:18998:22)
    at workLoopSync (webpack-internal:///(app-pages-browser)/./node_modules/next/dist/compiled/react-dom/cjs/react-dom-client.development.js:18826:41)
    at renderRootSync (webpack-internal:///(app-pages-browser)/./node_modules/next/dist/compiled/react-dom/cjs/react-dom-client.development.js:18807:11)
    at performWorkOnRoot (webpack-internal:///(app-pages-browser)/./node_modules/next/dist/compiled/react-dom/cjs/react-dom-client.development.js:17915:35)
    at performWorkOnRootViaSchedulerTask (webpack-internal:///(app-pages-browser)/./node_modules/next/dist/compiled/react-dom/cjs/react-dom-client.development.js:20385:7)
    at MessagePort.performWorkUntilDeadline (webpack-internal:///(app-pages-browser)/./node_modules/next/dist/compiled/scheduler/cjs/scheduler.development.js:45:48)
[  658756ms] [WARNING] [Fast Refresh] performing full reload because your application had an unrecoverable error @ webpack-internal:///(app-pages-browser)/./node_modules/next/dist/next-devtools/shared/forward-logs-shared.js:27
[  658993ms] [ERROR] Failed to load resource: the server responded with a status of 500 (Internal Server Error) @ http://localhost:3000/shopify-collection-mapping:0
[  660720ms] ReferenceError: Cannot access 'appliedFilterTypeSet' before initialization
    at ShopifyCollectionMapping (webpack-internal:///(app-pages-browser)/./components/shopify-collection-mapping.tsx:921:9)
    at Object.react_stack_bottom_frame (webpack-internal:///(app-pages-browser)/./node_modules/next/dist/compiled/react-dom/cjs/react-dom-client.development.js:28039:20)
    at renderWithHooks (webpack-internal:///(app-pages-browser)/./node_modules/next/dist/compiled/react-dom/cjs/react-dom-client.development.js:7985:22)
    at updateFunctionComponent (webpack-internal:///(app-pages-browser)/./node_modules/next/dist/compiled/react-dom/cjs/react-dom-client.development.js:10502:19)
    at beginWork (webpack-internal:///(app-pages-browser)/./node_modules/next/dist/compiled/react-dom/cjs/react-dom-client.development.js:12086:35)
    at runWithFiberInDEV (webpack-internal:///(app-pages-browser)/./node_modules/next/dist/compiled/react-dom/cjs/react-dom-client.development.js:987:30)
    at performUnitOfWork (webpack-internal:///(app-pages-browser)/./node_modules/next/dist/compiled/react-dom/cjs/react-dom-client.development.js:18998:22)
    at workLoopSync (webpack-internal:///(app-pages-browser)/./node_modules/next/dist/compiled/react-dom/cjs/react-dom-client.development.js:18826:41)
    at renderRootSync (webpack-internal:///(app-pages-browser)/./node_modules/next/dist/compiled/react-dom/cjs/react-dom-client.development.js:18807:11)
    at performWorkOnRoot (webpack-internal:///(app-pages-browser)/./node_modules/next/dist/compiled/react-dom/cjs/react-dom-client.development.js:17915:35)
    at performWorkOnRootViaSchedulerTask (webpack-internal:///(app-pages-browser)/./node_modules/next/dist/compiled/react-dom/cjs/react-dom-client.development.js:20385:7)
    at MessagePort.performWorkUntilDeadline (webpack-internal:///(app-pages-browser)/./node_modules/next/dist/compiled/scheduler/cjs/scheduler.development.js:45:48)
[  661333ms] [WARNING] [Fast Refresh] performing full reload because your application had an unrecoverable error @ webpack-internal:///(app-pages-browser)/./node_modules/next/dist/next-devtools/shared/forward-logs-shared.js:27
[  661527ms] [ERROR] Failed to load resource: the server responded with a status of 500 (Internal Server Error) @ http://localhost:3000/shopify-collection-mapping:0
[  662929ms] ReferenceError: Cannot access 'appliedFilterTypeSet' before initialization
    at ShopifyCollectionMapping (webpack-internal:///(app-pages-browser)/./components/shopify-collection-mapping.tsx:921:9)
    at Object.react_stack_bottom_frame (webpack-internal:///(app-pages-browser)/./node_modules/next/dist/compiled/react-dom/cjs/react-dom-client.development.js:28039:20)
    at renderWithHooks (webpack-internal:///(app-pages-browser)/./node_modules/next/dist/compiled/react-dom/cjs/react-dom-client.development.js:7985:22)
    at updateFunctionComponent (webpack-internal:///(app-pages-browser)/./node_modules/next/dist/compiled/react-dom/cjs/react-dom-client.development.js:10502:19)
    at beginWork (webpack-internal:///(app-pages-browser)/./node_modules/next/dist/compiled/react-dom/cjs/react-dom-client.development.js:12086:35)
    at runWithFiberInDEV (webpack-internal:///(app-pages-browser)/./node_modules/next/dist/compiled/react-dom/cjs/react-dom-client.development.js:987:30)
    at performUnitOfWork (webpack-internal:///(app-pages-browser)/./node_modules/next/dist/compiled/react-dom/cjs/react-dom-client.development.js:18998:22)
    at workLoopSync (webpack-internal:///(app-pages-browser)/./node_modules/next/dist/compiled/react-dom/cjs/react-dom-client.development.js:18826:41)
    at renderRootSync (webpack-internal:///(app-pages-browser)/./node_modules/next/dist/compiled/react-dom/cjs/react-dom-client.development.js:18807:11)
    at performWorkOnRoot (webpack-internal:///(app-pages-browser)/./node_modules/next/dist/compiled/react-dom/cjs/react-dom-client.development.js:17915:35)
    at performWorkOnRootViaSchedulerTask (webpack-internal:///(app-pages-browser)/./node_modules/next/dist/compiled/react-dom/cjs/react-dom-client.development.js:20385:7)
    at MessagePort.performWorkUntilDeadline (webpack-internal:///(app-pages-browser)/./node_modules/next/dist/compiled/scheduler/cjs/scheduler.development.js:45:48)
[  663380ms] [WARNING] [Fast Refresh] performing full reload because your application had an unrecoverable error @ webpack-internal:///(app-pages-browser)/./node_modules/next/dist/next-devtools/shared/forward-logs-shared.js:27
[  663532ms] [ERROR] Failed to load resource: the server responded with a status of 500 (Internal Server Error) @ http://localhost:3000/shopify-collection-mapping:0
[  664727ms] ReferenceError: Cannot access 'appliedFilterTypeSet' before initialization
    at ShopifyCollectionMapping (webpack-internal:///(app-pages-browser)/./components/shopify-collection-mapping.tsx:921:9)
    at Object.react_stack_bottom_frame (webpack-internal:///(app-pages-browser)/./node_modules/next/dist/compiled/react-dom/cjs/react-dom-client.development.js:28039:20)
    at renderWithHooks (webpack-internal:///(app-pages-browser)/./node_modules/next/dist/compiled/react-dom/cjs/react-dom-client.development.js:7985:22)
    at updateFunctionComponent (webpack-internal:///(app-pages-browser)/./node_modules/next/dist/compiled/react-dom/cjs/react-dom-client.development.js:10502:19)
    at beginWork (webpack-internal:///(app-pages-browser)/./node_modules/next/dist/compiled/react-dom/cjs/react-dom-client.development.js:12086:35)
    at runWithFiberInDEV (webpack-internal:///(app-pages-browser)/./node_modules/next/dist/compiled/react-dom/cjs/react-dom-client.development.js:987:30)
    at performUnitOfWork (webpack-internal:///(app-pages-browser)/./node_modules/next/dist/compiled/react-dom/cjs/react-dom-client.development.js:18998:22)
    at workLoopSync (webpack-internal:///(app-pages-browser)/./node_modules/next/dist/compiled/react-dom/cjs/react-dom-client.development.js:18826:41)
    at renderRootSync (webpack-internal:///(app-pages-browser)/./node_modules/next/dist/compiled/react-dom/cjs/react-dom-client.development.js:18807:11)
    at performWorkOnRoot (webpack-internal:///(app-pages-browser)/./node_modules/next/dist/compiled/react-dom/cjs/react-dom-client.development.js:17915:35)
    at performWorkOnRootViaSchedulerTask (webpack-internal:///(app-pages-browser)/./node_modules/next/dist/compiled/react-dom/cjs/react-dom-client.development.js:20385:7)
    at MessagePort.performWorkUntilDeadline (webpack-internal:///(app-pages-browser)/./node_modules/next/dist/compiled/scheduler/cjs/scheduler.development.js:45:48)
[  665186ms] [WARNING] [Fast Refresh] performing full reload because your application had an unrecoverable error @ webpack-internal:///(app-pages-browser)/./node_modules/next/dist/next-devtools/shared/forward-logs-shared.js:27
[  665326ms] [ERROR] Failed to load resource: the server responded with a status of 500 (Internal Server Error) @ http://localhost:3000/shopify-collection-mapping:0
[  666622ms] ReferenceError: Cannot access 'appliedFilterTypeSet' before initialization
    at ShopifyCollectionMapping (webpack-internal:///(app-pages-browser)/./components/shopify-collection-mapping.tsx:921:9)
    at Object.react_stack_bottom_frame (webpack-internal:///(app-pages-browser)/./node_modules/next/dist/compiled/react-dom/cjs/react-dom-client.development.js:28039:20)
    at renderWithHooks (webpack-internal:///(app-pages-browser)/./node_modules/next/dist/compiled/react-dom/cjs/react-dom-client.development.js:7985:22)
    at updateFunctionComponent (webpack-internal:///(app-pages-browser)/./node_modules/next/dist/compiled/react-dom/cjs/react-dom-client.development.js:10502:19)
    at beginWork (webpack-internal:///(app-pages-browser)/./node_modules/next/dist/compiled/react-dom/cjs/react-dom-client.development.js:12086:35)
    at runWithFiberInDEV (webpack-internal:///(app-pages-browser)/./node_modules/next/dist/compiled/react-dom/cjs/react-dom-client.development.js:987:30)
    at performUnitOfWork (webpack-internal:///(app-pages-browser)/./node_modules/next/dist/compiled/react-dom/cjs/react-dom-client.development.js:18998:22)
    at workLoopSync (webpack-internal:///(app-pages-browser)/./node_modules/next/dist/compiled/react-dom/cjs/react-dom-client.development.js:18826:41)
    at renderRootSync (webpack-internal:///(app-pages-browser)/./node_modules/next/dist/compiled/react-dom/cjs/react-dom-client.development.js:18807:11)
    at performWorkOnRoot (webpack-internal:///(app-pages-browser)/./node_modules/next/dist/compiled/react-dom/cjs/react-dom-client.development.js:17915:35)
    at performWorkOnRootViaSchedulerTask (webpack-internal:///(app-pages-browser)/./node_modules/next/dist/compiled/react-dom/cjs/react-dom-client.development.js:20385:7)
    at MessagePort.performWorkUntilDeadline (webpack-internal:///(app-pages-browser)/./node_modules/next/dist/compiled/scheduler/cjs/scheduler.development.js:45:48)
[  667175ms] [WARNING] [Fast Refresh] performing full reload because your application had an unrecoverable error @ webpack-internal:///(app-pages-browser)/./node_modules/next/dist/next-devtools/shared/forward-logs-shared.js:27
[  667363ms] [ERROR] Failed to load resource: the server responded with a status of 500 (Internal Server Error) @ http://localhost:3000/shopify-collection-mapping:0
[  668623ms] ReferenceError: Cannot access 'appliedFilterTypeSet' before initialization
    at ShopifyCollectionMapping (webpack-internal:///(app-pages-browser)/./components/shopify-collection-mapping.tsx:921:9)
    at Object.react_stack_bottom_frame (webpack-internal:///(app-pages-browser)/./node_modules/next/dist/compiled/react-dom/cjs/react-dom-client.development.js:28039:20)
    at renderWithHooks (webpack-internal:///(app-pages-browser)/./node_modules/next/dist/compiled/react-dom/cjs/react-dom-client.development.js:7985:22)
    at updateFunctionComponent (webpack-internal:///(app-pages-browser)/./node_modules/next/dist/compiled/react-dom/cjs/react-dom-client.development.js:10502:19)
    at beginWork (webpack-internal:///(app-pages-browser)/./node_modules/next/dist/compiled/react-dom/cjs/react-dom-client.development.js:12086:35)
    at runWithFiberInDEV (webpack-internal:///(app-pages-browser)/./node_modules/next/dist/compiled/react-dom/cjs/react-dom-client.development.js:987:30)
    at performUnitOfWork (webpack-internal:///(app-pages-browser)/./node_modules/next/dist/compiled/react-dom/cjs/react-dom-client.development.js:18998:22)
    at workLoopSync (webpack-internal:///(app-pages-browser)/./node_modules/next/dist/compiled/react-dom/cjs/react-dom-client.development.js:18826:41)
    at renderRootSync (webpack-internal:///(app-pages-browser)/./node_modules/next/dist/compiled/react-dom/cjs/react-dom-client.development.js:18807:11)
    at performWorkOnRoot (webpack-internal:///(app-pages-browser)/./node_modules/next/dist/compiled/react-dom/cjs/react-dom-client.development.js:17915:35)
    at performWorkOnRootViaSchedulerTask (webpack-internal:///(app-pages-browser)/./node_modules/next/dist/compiled/react-dom/cjs/react-dom-client.development.js:20385:7)
    at MessagePort.performWorkUntilDeadline (webpack-internal:///(app-pages-browser)/./node_modules/next/dist/compiled/scheduler/cjs/scheduler.development.js:45:48)
[  669104ms] [WARNING] [Fast Refresh] performing full reload because your application had an unrecoverable error @ webpack-internal:///(app-pages-browser)/./node_modules/next/dist/next-devtools/shared/forward-logs-shared.js:27
[  669259ms] [ERROR] Failed to load resource: the server responded with a status of 500 (Internal Server Error) @ http://localhost:3000/shopify-collection-mapping:0
[  670563ms] ReferenceError: Cannot access 'appliedFilterTypeSet' before initialization
    at ShopifyCollectionMapping (webpack-internal:///(app-pages-browser)/./components/shopify-collection-mapping.tsx:921:9)
    at Object.react_stack_bottom_frame (webpack-internal:///(app-pages-browser)/./node_modules/next/dist/compiled/react-dom/cjs/react-dom-client.development.js:28039:20)
    at renderWithHooks (webpack-internal:///(app-pages-browser)/./node_modules/next/dist/compiled/react-dom/cjs/react-dom-client.development.js:7985:22)
    at updateFunctionComponent (webpack-internal:///(app-pages-browser)/./node_modules/next/dist/compiled/react-dom/cjs/react-dom-client.development.js:10502:19)
    at beginWork (webpack-internal:///(app-pages-browser)/./node_modules/next/dist/compiled/react-dom/cjs/react-dom-client.development.js:12086:35)
    at runWithFiberInDEV (webpack-internal:///(app-pages-browser)/./node_modules/next/dist/compiled/react-dom/cjs/react-dom-client.development.js:987:30)
    at performUnitOfWork (webpack-internal:///(app-pages-browser)/./node_modules/next/dist/compiled/react-dom/cjs/react-dom-client.development.js:18998:22)
    at workLoopSync (webpack-internal:///(app-pages-browser)/./node_modules/next/dist/compiled/react-dom/cjs/react-dom-client.development.js:18826:41)
    at renderRootSync (webpack-internal:///(app-pages-browser)/./node_modules/next/dist/compiled/react-dom/cjs/react-dom-client.development.js:18807:11)
    at performWorkOnRoot (webpack-internal:///(app-pages-browser)/./node_modules/next/dist/compiled/react-dom/cjs/react-dom-client.development.js:17915:35)
    at performWorkOnRootViaSchedulerTask (webpack-internal:///(app-pages-browser)/./node_modules/next/dist/compiled/react-dom/cjs/react-dom-client.development.js:20385:7)
    at MessagePort.performWorkUntilDeadline (webpack-internal:///(app-pages-browser)/./node_modules/next/dist/compiled/scheduler/cjs/scheduler.development.js:45:48)
[  671041ms] [WARNING] [Fast Refresh] performing full reload because your application had an unrecoverable error @ webpack-internal:///(app-pages-browser)/./node_modules/next/dist/next-devtools/shared/forward-logs-shared.js:27
[  671221ms] [ERROR] Failed to load resource: the server responded with a status of 500 (Internal Server Error) @ http://localhost:3000/shopify-collection-mapping:0
[  672533ms] ReferenceError: Cannot access 'appliedFilterTypeSet' before initialization
    at ShopifyCollectionMapping (webpack-internal:///(app-pages-browser)/./components/shopify-collection-mapping.tsx:921:9)
    at Object.react_stack_bottom_frame (webpack-internal:///(app-pages-browser)/./node_modules/next/dist/compiled/react-dom/cjs/react-dom-client.development.js:28039:20)
    at renderWithHooks (webpack-internal:///(app-pages-browser)/./node_modules/next/dist/compiled/react-dom/cjs/react-dom-client.development.js:7985:22)
    at updateFunctionComponent (webpack-internal:///(app-pages-browser)/./node_modules/next/dist/compiled/react-dom/cjs/react-dom-client.development.js:10502:19)
    at beginWork (webpack-internal:///(app-pages-browser)/./node_modules/next/dist/compiled/react-dom/cjs/react-dom-client.development.js:12086:35)
    at runWithFiberInDEV (webpack-internal:///(app-pages-browser)/./node_modules/next/dist/compiled/react-dom/cjs/react-dom-client.development.js:987:30)
    at performUnitOfWork (webpack-internal:///(app-pages-browser)/./node_modules/next/dist/compiled/react-dom/cjs/react-dom-client.development.js:18998:22)
    at workLoopSync (webpack-internal:///(app-pages-browser)/./node_modules/next/dist/compiled/react-dom/cjs/react-dom-client.development.js:18826:41)
    at renderRootSync (webpack-internal:///(app-pages-browser)/./node_modules/next/dist/compiled/react-dom/cjs/react-dom-client.development.js:18807:11)
    at performWorkOnRoot (webpack-internal:///(app-pages-browser)/./node_modules/next/dist/compiled/react-dom/cjs/react-dom-client.development.js:17915:35)
    at performWorkOnRootViaSchedulerTask (webpack-internal:///(app-pages-browser)/./node_modules/next/dist/compiled/react-dom/cjs/react-dom-client.development.js:20385:7)
    at MessagePort.performWorkUntilDeadline (webpack-internal:///(app-pages-browser)/./node_modules/next/dist/compiled/scheduler/cjs/scheduler.development.js:45:48)
[  673017ms] [WARNING] [Fast Refresh] performing full reload because your application had an unrecoverable error @ webpack-internal:///(app-pages-browser)/./node_modules/next/dist/next-devtools/shared/forward-logs-shared.js:27
[  673286ms] [ERROR] Failed to load resource: the server responded with a status of 500 (Internal Server Error) @ http://localhost:3000/shopify-collection-mapping:0
[  674840ms] ReferenceError: Cannot access 'appliedFilterTypeSet' before initialization
    at ShopifyCollectionMapping (webpack-internal:///(app-pages-browser)/./components/shopify-collection-mapping.tsx:921:9)
    at Object.react_stack_bottom_frame (webpack-internal:///(app-pages-browser)/./node_modules/next/dist/compiled/react-dom/cjs/react-dom-client.development.js:28039:20)
    at renderWithHooks (webpack-internal:///(app-pages-browser)/./node_modules/next/dist/compiled/react-dom/cjs/react-dom-client.development.js:7985:22)
    at updateFunctionComponent (webpack-internal:///(app-pages-browser)/./node_modules/next/dist/compiled/react-dom/cjs/react-dom-client.development.js:10502:19)
    at beginWork (webpack-internal:///(app-pages-browser)/./node_modules/next/dist/compiled/react-dom/cjs/react-dom-client.development.js:12086:35)
    at runWithFiberInDEV (webpack-internal:///(app-pages-browser)/./node_modules/next/dist/compiled/react-dom/cjs/react-dom-client.development.js:987:30)
    at performUnitOfWork (webpack-internal:///(app-pages-browser)/./node_modules/next/dist/compiled/react-dom/cjs/react-dom-client.development.js:18998:22)
    at workLoopSync (webpack-internal:///(app-pages-browser)/./node_modules/next/dist/compiled/react-dom/cjs/react-dom-client.development.js:18826:41)
    at renderRootSync (webpack-internal:///(app-pages-browser)/./node_modules/next/dist/compiled/react-dom/cjs/react-dom-client.development.js:18807:11)
    at performWorkOnRoot (webpack-internal:///(app-pages-browser)/./node_modules/next/dist/compiled/react-dom/cjs/react-dom-client.development.js:17915:35)
    at performWorkOnRootViaSchedulerTask (webpack-internal:///(app-pages-browser)/./node_modules/next/dist/compiled/react-dom/cjs/react-dom-client.development.js:20385:7)
    at MessagePort.performWorkUntilDeadline (webpack-internal:///(app-pages-browser)/./node_modules/next/dist/compiled/scheduler/cjs/scheduler.development.js:45:48)
[  675323ms] [WARNING] [Fast Refresh] performing full reload because your application had an unrecoverable error @ webpack-internal:///(app-pages-browser)/./node_modules/next/dist/next-devtools/shared/forward-logs-shared.js:27
[  675515ms] [ERROR] Failed to load resource: the server responded with a status of 500 (Internal Server Error) @ http://localhost:3000/shopify-collection-mapping:0
[  676926ms] ReferenceError: Cannot access 'appliedFilterTypeSet' before initialization
    at ShopifyCollectionMapping (webpack-internal:///(app-pages-browser)/./components/shopify-collection-mapping.tsx:921:9)
    at Object.react_stack_bottom_frame (webpack-internal:///(app-pages-browser)/./node_modules/next/dist/compiled/react-dom/cjs/react-dom-client.development.js:28039:20)
    at renderWithHooks (webpack-internal:///(app-pages-browser)/./node_modules/next/dist/compiled/react-dom/cjs/react-dom-client.development.js:7985:22)
    at updateFunctionComponent (webpack-internal:///(app-pages-browser)/./node_modules/next/dist/compiled/react-dom/cjs/react-dom-client.development.js:10502:19)
    at beginWork (webpack-internal:///(app-pages-browser)/./node_modules/next/dist/compiled/react-dom/cjs/react-dom-client.development.js:12086:35)
    at runWithFiberInDEV (webpack-internal:///(app-pages-browser)/./node_modules/next/dist/compiled/react-dom/cjs/react-dom-client.development.js:987:30)
    at performUnitOfWork (webpack-internal:///(app-pages-browser)/./node_modules/next/dist/compiled/react-dom/cjs/react-dom-client.development.js:18998:22)
    at workLoopSync (webpack-internal:///(app-pages-browser)/./node_modules/next/dist/compiled/react-dom/cjs/react-dom-client.development.js:18826:41)
    at renderRootSync (webpack-internal:///(app-pages-browser)/./node_modules/next/dist/compiled/react-dom/cjs/react-dom-client.development.js:18807:11)
    at performWorkOnRoot (webpack-internal:///(app-pages-browser)/./node_modules/next/dist/compiled/react-dom/cjs/react-dom-client.development.js:17915:35)
    at performWorkOnRootViaSchedulerTask (webpack-internal:///(app-pages-browser)/./node_modules/next/dist/compiled/react-dom/cjs/react-dom-client.development.js:20385:7)
    at MessagePort.performWorkUntilDeadline (webpack-internal:///(app-pages-browser)/./node_modules/next/dist/compiled/scheduler/cjs/scheduler.development.js:45:48)
[  679356ms] [WARNING] [Fast Refresh] performing full reload because your application had an unrecoverable error @ webpack-internal:///(app-pages-browser)/./node_modules/next/dist/next-devtools/shared/forward-logs-shared.js:27
[  679980ms] [ERROR] Failed to load resource: the server responded with a status of 500 (Internal Server Error) @ http://localhost:3000/shopify-collection-mapping:0
[  681791ms] ReferenceError: Cannot access 'appliedFilterTypeSet' before initialization
    at ShopifyCollectionMapping (webpack-internal:///(app-pages-browser)/./components/shopify-collection-mapping.tsx:921:9)
    at Object.react_stack_bottom_frame (webpack-internal:///(app-pages-browser)/./node_modules/next/dist/compiled/react-dom/cjs/react-dom-client.development.js:28039:20)
    at renderWithHooks (webpack-internal:///(app-pages-browser)/./node_modules/next/dist/compiled/react-dom/cjs/react-dom-client.development.js:7985:22)
    at updateFunctionComponent (webpack-internal:///(app-pages-browser)/./node_modules/next/dist/compiled/react-dom/cjs/react-dom-client.development.js:10502:19)
    at beginWork (webpack-internal:///(app-pages-browser)/./node_modules/next/dist/compiled/react-dom/cjs/react-dom-client.development.js:12086:35)
    at runWithFiberInDEV (webpack-internal:///(app-pages-browser)/./node_modules/next/dist/compiled/react-dom/cjs/react-dom-client.development.js:987:30)
    at performUnitOfWork (webpack-internal:///(app-pages-browser)/./node_modules/next/dist/compiled/react-dom/cjs/react-dom-client.development.js:18998:22)
    at workLoopSync (webpack-internal:///(app-pages-browser)/./node_modules/next/dist/compiled/react-dom/cjs/react-dom-client.development.js:18826:41)
    at renderRootSync (webpack-internal:///(app-pages-browser)/./node_modules/next/dist/compiled/react-dom/cjs/react-dom-client.development.js:18807:11)
    at performWorkOnRoot (webpack-internal:///(app-pages-browser)/./node_modules/next/dist/compiled/react-dom/cjs/react-dom-client.development.js:17915:35)
    at performWorkOnRootViaSchedulerTask (webpack-internal:///(app-pages-browser)/./node_modules/next/dist/compiled/react-dom/cjs/react-dom-client.development.js:20385:7)
    at MessagePort.performWorkUntilDeadline (webpack-internal:///(app-pages-browser)/./node_modules/next/dist/compiled/scheduler/cjs/scheduler.development.js:45:48)
[  682343ms] [WARNING] [Fast Refresh] performing full reload because your application had an unrecoverable error @ webpack-internal:///(app-pages-browser)/./node_modules/next/dist/next-devtools/shared/forward-logs-shared.js:27
[  682560ms] [ERROR] Failed to load resource: the server responded with a status of 500 (Internal Server Error) @ http://localhost:3000/shopify-collection-mapping:0
[  684002ms] ReferenceError: Cannot access 'appliedFilterTypeSet' before initialization
    at ShopifyCollectionMapping (webpack-internal:///(app-pages-browser)/./components/shopify-collection-mapping.tsx:921:9)
    at Object.react_stack_bottom_frame (webpack-internal:///(app-pages-browser)/./node_modules/next/dist/compiled/react-dom/cjs/react-dom-client.development.js:28039:20)
    at renderWithHooks (webpack-internal:///(app-pages-browser)/./node_modules/next/dist/compiled/react-dom/cjs/react-dom-client.development.js:7985:22)
    at updateFunctionComponent (webpack-internal:///(app-pages-browser)/./node_modules/next/dist/compiled/react-dom/cjs/react-dom-client.development.js:10502:19)
    at beginWork (webpack-internal:///(app-pages-browser)/./node_modules/next/dist/compiled/react-dom/cjs/react-dom-client.development.js:12086:35)
    at runWithFiberInDEV (webpack-internal:///(app-pages-browser)/./node_modules/next/dist/compiled/react-dom/cjs/react-dom-client.development.js:987:30)
    at performUnitOfWork (webpack-internal:///(app-pages-browser)/./node_modules/next/dist/compiled/react-dom/cjs/react-dom-client.development.js:18998:22)
    at workLoopSync (webpack-internal:///(app-pages-browser)/./node_modules/next/dist/compiled/react-dom/cjs/react-dom-client.development.js:18826:41)
    at renderRootSync (webpack-internal:///(app-pages-browser)/./node_modules/next/dist/compiled/react-dom/cjs/react-dom-client.development.js:18807:11)
    at performWorkOnRoot (webpack-internal:///(app-pages-browser)/./node_modules/next/dist/compiled/react-dom/cjs/react-dom-client.development.js:17915:35)
    at performWorkOnRootViaSchedulerTask (webpack-internal:///(app-pages-browser)/./node_modules/next/dist/compiled/react-dom/cjs/react-dom-client.development.js:20385:7)
    at MessagePort.performWorkUntilDeadline (webpack-internal:///(app-pages-browser)/./node_modules/next/dist/compiled/scheduler/cjs/scheduler.development.js:45:48)
[  684556ms] [WARNING] [Fast Refresh] performing full reload because your application had an unrecoverable error @ webpack-internal:///(app-pages-browser)/./node_modules/next/dist/next-devtools/shared/forward-logs-shared.js:27
[  684727ms] [ERROR] Failed to load resource: the server responded with a status of 500 (Internal Server Error) @ http://localhost:3000/shopify-collection-mapping:0
[  686015ms] ReferenceError: Cannot access 'appliedFilterTypeSet' before initialization
    at ShopifyCollectionMapping (webpack-internal:///(app-pages-browser)/./components/shopify-collection-mapping.tsx:921:9)
    at Object.react_stack_bottom_frame (webpack-internal:///(app-pages-browser)/./node_modules/next/dist/compiled/react-dom/cjs/react-dom-client.development.js:28039:20)
    at renderWithHooks (webpack-internal:///(app-pages-browser)/./node_modules/next/dist/compiled/react-dom/cjs/react-dom-client.development.js:7985:22)
    at updateFunctionComponent (webpack-internal:///(app-pages-browser)/./node_modules/next/dist/compiled/react-dom/cjs/react-dom-client.development.js:10502:19)
    at beginWork (webpack-internal:///(app-pages-browser)/./node_modules/next/dist/compiled/react-dom/cjs/react-dom-client.development.js:12086:35)
    at runWithFiberInDEV (webpack-internal:///(app-pages-browser)/./node_modules/next/dist/compiled/react-dom/cjs/react-dom-client.development.js:987:30)
    at performUnitOfWork (webpack-internal:///(app-pages-browser)/./node_modules/next/dist/compiled/react-dom/cjs/react-dom-client.development.js:18998:22)
    at workLoopSync (webpack-internal:///(app-pages-browser)/./node_modules/next/dist/compiled/react-dom/cjs/react-dom-client.development.js:18826:41)
    at renderRootSync (webpack-internal:///(app-pages-browser)/./node_modules/next/dist/compiled/react-dom/cjs/react-dom-client.development.js:18807:11)
    at performWorkOnRoot (webpack-internal:///(app-pages-browser)/./node_modules/next/dist/compiled/react-dom/cjs/react-dom-client.development.js:17915:35)
    at performWorkOnRootViaSchedulerTask (webpack-internal:///(app-pages-browser)/./node_modules/next/dist/compiled/react-dom/cjs/react-dom-client.development.js:20385:7)
    at MessagePort.performWorkUntilDeadline (webpack-internal:///(app-pages-browser)/./node_modules/next/dist/compiled/scheduler/cjs/scheduler.development.js:45:48)
[  686542ms] [WARNING] [Fast Refresh] performing full reload because your application had an unrecoverable error @ webpack-internal:///(app-pages-browser)/./node_modules/next/dist/next-devtools/shared/forward-logs-shared.js:27
[  686708ms] [ERROR] Failed to load resource: the server responded with a status of 500 (Internal Server Error) @ http://localhost:3000/shopify-collection-mapping:0
[  688068ms] ReferenceError: Cannot access 'appliedFilterTypeSet' before initialization
    at ShopifyCollectionMapping (webpack-internal:///(app-pages-browser)/./components/shopify-collection-mapping.tsx:921:9)
    at Object.react_stack_bottom_frame (webpack-internal:///(app-pages-browser)/./node_modules/next/dist/compiled/react-dom/cjs/react-dom-client.development.js:28039:20)
    at renderWithHooks (webpack-internal:///(app-pages-browser)/./node_modules/next/dist/compiled/react-dom/cjs/react-dom-client.development.js:7985:22)
    at updateFunctionComponent (webpack-internal:///(app-pages-browser)/./node_modules/next/dist/compiled/react-dom/cjs/react-dom-client.development.js:10502:19)
    at beginWork (webpack-internal:///(app-pages-browser)/./node_modules/next/dist/compiled/react-dom/cjs/react-dom-client.development.js:12086:35)
    at runWithFiberInDEV (webpack-internal:///(app-pages-browser)/./node_modules/next/dist/compiled/react-dom/cjs/react-dom-client.development.js:987:30)
    at performUnitOfWork (webpack-internal:///(app-pages-browser)/./node_modules/next/dist/compiled/react-dom/cjs/react-dom-client.development.js:18998:22)
    at workLoopSync (webpack-internal:///(app-pages-browser)/./node_modules/next/dist/compiled/react-dom/cjs/react-dom-client.development.js:18826:41)
    at renderRootSync (webpack-internal:///(app-pages-browser)/./node_modules/next/dist/compiled/react-dom/cjs/react-dom-client.development.js:18807:11)
    at performWorkOnRoot (webpack-internal:///(app-pages-browser)/./node_modules/next/dist/compiled/react-dom/cjs/react-dom-client.development.js:17915:35)
    at performWorkOnRootViaSchedulerTask (webpack-internal:///(app-pages-browser)/./node_modules/next/dist/compiled/react-dom/cjs/react-dom-client.development.js:20385:7)
    at MessagePort.performWorkUntilDeadline (webpack-internal:///(app-pages-browser)/./node_modules/next/dist/compiled/scheduler/cjs/scheduler.development.js:45:48)
[  688463ms] [WARNING] [Fast Refresh] performing full reload because your application had an unrecoverable error @ webpack-internal:///(app-pages-browser)/./node_modules/next/dist/next-devtools/shared/forward-logs-shared.js:27
[  688637ms] [ERROR] Failed to load resource: the server responded with a status of 500 (Internal Server Error) @ http://localhost:3000/shopify-collection-mapping:0
[  690009ms] ReferenceError: Cannot access 'appliedFilterTypeSet' before initialization
    at ShopifyCollectionMapping (webpack-internal:///(app-pages-browser)/./components/shopify-collection-mapping.tsx:921:9)
    at Object.react_stack_bottom_frame (webpack-internal:///(app-pages-browser)/./node_modules/next/dist/compiled/react-dom/cjs/react-dom-client.development.js:28039:20)
    at renderWithHooks (webpack-internal:///(app-pages-browser)/./node_modules/next/dist/compiled/react-dom/cjs/react-dom-client.development.js:7985:22)
    at updateFunctionComponent (webpack-internal:///(app-pages-browser)/./node_modules/next/dist/compiled/react-dom/cjs/react-dom-client.development.js:10502:19)
    at beginWork (webpack-internal:///(app-pages-browser)/./node_modules/next/dist/compiled/react-dom/cjs/react-dom-client.development.js:12086:35)
    at runWithFiberInDEV (webpack-internal:///(app-pages-browser)/./node_modules/next/dist/compiled/react-dom/cjs/react-dom-client.development.js:987:30)
    at performUnitOfWork (webpack-internal:///(app-pages-browser)/./node_modules/next/dist/compiled/react-dom/cjs/react-dom-client.development.js:18998:22)
    at workLoopSync (webpack-internal:///(app-pages-browser)/./node_modules/next/dist/compiled/react-dom/cjs/react-dom-client.development.js:18826:41)
    at renderRootSync (webpack-internal:///(app-pages-browser)/./node_modules/next/dist/compiled/react-dom/cjs/react-dom-client.development.js:18807:11)
    at performWorkOnRoot (webpack-internal:///(app-pages-browser)/./node_modules/next/dist/compiled/react-dom/cjs/react-dom-client.development.js:17915:35)
    at performWorkOnRootViaSchedulerTask (webpack-internal:///(app-pages-browser)/./node_modules/next/dist/compiled/react-dom/cjs/react-dom-client.development.js:20385:7)
    at MessagePort.performWorkUntilDeadline (webpack-internal:///(app-pages-browser)/./node_modules/next/dist/compiled/scheduler/cjs/scheduler.development.js:45:48)
[  690495ms] [WARNING] [Fast Refresh] performing full reload because your application had an unrecoverable error @ webpack-internal:///(app-pages-browser)/./node_modules/next/dist/next-devtools/shared/forward-logs-shared.js:27
[  690684ms] [ERROR] Failed to load resource: the server responded with a status of 500 (Internal Server Error) @ http://localhost:3000/shopify-collection-mapping:0
[  692059ms] ReferenceError: Cannot access 'appliedFilterTypeSet' before initialization
    at ShopifyCollectionMapping (webpack-internal:///(app-pages-browser)/./components/shopify-collection-mapping.tsx:921:9)
    at Object.react_stack_bottom_frame (webpack-internal:///(app-pages-browser)/./node_modules/next/dist/compiled/react-dom/cjs/react-dom-client.development.js:28039:20)
    at renderWithHooks (webpack-internal:///(app-pages-browser)/./node_modules/next/dist/compiled/react-dom/cjs/react-dom-client.development.js:7985:22)
    at updateFunctionComponent (webpack-internal:///(app-pages-browser)/./node_modules/next/dist/compiled/react-dom/cjs/react-dom-client.development.js:10502:19)
    at beginWork (webpack-internal:///(app-pages-browser)/./node_modules/next/dist/compiled/react-dom/cjs/react-dom-client.development.js:12086:35)
    at runWithFiberInDEV (webpack-internal:///(app-pages-browser)/./node_modules/next/dist/compiled/react-dom/cjs/react-dom-client.development.js:987:30)
    at performUnitOfWork (webpack-internal:///(app-pages-browser)/./node_modules/next/dist/compiled/react-dom/cjs/react-dom-client.development.js:18998:22)
    at workLoopSync (webpack-internal:///(app-pages-browser)/./node_modules/next/dist/compiled/react-dom/cjs/react-dom-client.development.js:18826:41)
    at renderRootSync (webpack-internal:///(app-pages-browser)/./node_modules/next/dist/compiled/react-dom/cjs/react-dom-client.development.js:18807:11)
    at performWorkOnRoot (webpack-internal:///(app-pages-browser)/./node_modules/next/dist/compiled/react-dom/cjs/react-dom-client.development.js:17915:35)
    at performWorkOnRootViaSchedulerTask (webpack-internal:///(app-pages-browser)/./node_modules/next/dist/compiled/react-dom/cjs/react-dom-client.development.js:20385:7)
    at MessagePort.performWorkUntilDeadline (webpack-internal:///(app-pages-browser)/./node_modules/next/dist/compiled/scheduler/cjs/scheduler.development.js:45:48)
[  692496ms] [WARNING] [Fast Refresh] performing full reload because your application had an unrecoverable error @ webpack-internal:///(app-pages-browser)/./node_modules/next/dist/next-devtools/shared/forward-logs-shared.js:27
[  692656ms] [ERROR] Failed to load resource: the server responded with a status of 500 (Internal Server Error) @ http://localhost:3000/shopify-collection-mapping:0
[  693959ms] ReferenceError: Cannot access 'appliedFilterTypeSet' before initialization
    at ShopifyCollectionMapping (webpack-internal:///(app-pages-browser)/./components/shopify-collection-mapping.tsx:921:9)
    at Object.react_stack_bottom_frame (webpack-internal:///(app-pages-browser)/./node_modules/next/dist/compiled/react-dom/cjs/react-dom-client.development.js:28039:20)
    at renderWithHooks (webpack-internal:///(app-pages-browser)/./node_modules/next/dist/compiled/react-dom/cjs/react-dom-client.development.js:7985:22)
    at updateFunctionComponent (webpack-internal:///(app-pages-browser)/./node_modules/next/dist/compiled/react-dom/cjs/react-dom-client.development.js:10502:19)
    at beginWork (webpack-internal:///(app-pages-browser)/./node_modules/next/dist/compiled/react-dom/cjs/react-dom-client.development.js:12086:35)
    at runWithFiberInDEV (webpack-internal:///(app-pages-browser)/./node_modules/next/dist/compiled/react-dom/cjs/react-dom-client.development.js:987:30)
    at performUnitOfWork (webpack-internal:///(app-pages-browser)/./node_modules/next/dist/compiled/react-dom/cjs/react-dom-client.development.js:18998:22)
    at workLoopSync (webpack-internal:///(app-pages-browser)/./node_modules/next/dist/compiled/react-dom/cjs/react-dom-client.development.js:18826:41)
    at renderRootSync (webpack-internal:///(app-pages-browser)/./node_modules/next/dist/compiled/react-dom/cjs/react-dom-client.development.js:18807:11)
    at performWorkOnRoot (webpack-internal:///(app-pages-browser)/./node_modules/next/dist/compiled/react-dom/cjs/react-dom-client.development.js:17915:35)
    at performWorkOnRootViaSchedulerTask (webpack-internal:///(app-pages-browser)/./node_modules/next/dist/compiled/react-dom/cjs/react-dom-client.development.js:20385:7)
    at MessagePort.performWorkUntilDeadline (webpack-internal:///(app-pages-browser)/./node_modules/next/dist/compiled/scheduler/cjs/scheduler.development.js:45:48)
[  694377ms] [WARNING] [Fast Refresh] performing full reload because your application had an unrecoverable error @ webpack-internal:///(app-pages-browser)/./node_modules/next/dist/next-devtools/shared/forward-logs-shared.js:27
[  694560ms] [ERROR] Failed to load resource: the server responded with a status of 500 (Internal Server Error) @ http://localhost:3000/shopify-collection-mapping:0
[  695854ms] ReferenceError: Cannot access 'appliedFilterTypeSet' before initialization
    at ShopifyCollectionMapping (webpack-internal:///(app-pages-browser)/./components/shopify-collection-mapping.tsx:921:9)
    at Object.react_stack_bottom_frame (webpack-internal:///(app-pages-browser)/./node_modules/next/dist/compiled/react-dom/cjs/react-dom-client.development.js:28039:20)
    at renderWithHooks (webpack-internal:///(app-pages-browser)/./node_modules/next/dist/compiled/react-dom/cjs/react-dom-client.development.js:7985:22)
    at updateFunctionComponent (webpack-internal:///(app-pages-browser)/./node_modules/next/dist/compiled/react-dom/cjs/react-dom-client.development.js:10502:19)
    at beginWork (webpack-internal:///(app-pages-browser)/./node_modules/next/dist/compiled/react-dom/cjs/react-dom-client.development.js:12086:35)
    at runWithFiberInDEV (webpack-internal:///(app-pages-browser)/./node_modules/next/dist/compiled/react-dom/cjs/react-dom-client.development.js:987:30)
    at performUnitOfWork (webpack-internal:///(app-pages-browser)/./node_modules/next/dist/compiled/react-dom/cjs/react-dom-client.development.js:18998:22)
    at workLoopSync (webpack-internal:///(app-pages-browser)/./node_modules/next/dist/compiled/react-dom/cjs/react-dom-client.development.js:18826:41)
    at renderRootSync (webpack-internal:///(app-pages-browser)/./node_modules/next/dist/compiled/react-dom/cjs/react-dom-client.development.js:18807:11)
    at performWorkOnRoot (webpack-internal:///(app-pages-browser)/./node_modules/next/dist/compiled/react-dom/cjs/react-dom-client.development.js:17915:35)
    at performWorkOnRootViaSchedulerTask (webpack-internal:///(app-pages-browser)/./node_modules/next/dist/compiled/react-dom/cjs/react-dom-client.development.js:20385:7)
    at MessagePort.performWorkUntilDeadline (webpack-internal:///(app-pages-browser)/./node_modules/next/dist/compiled/scheduler/cjs/scheduler.development.js:45:48)
[  696275ms] [WARNING] [Fast Refresh] performing full reload because your application had an unrecoverable error @ webpack-internal:///(app-pages-browser)/./node_modules/next/dist/next-devtools/shared/forward-logs-shared.js:27
[  696410ms] [ERROR] Failed to load resource: the server responded with a status of 500 (Internal Server Error) @ http://localhost:3000/shopify-collection-mapping:0
[  697752ms] ReferenceError: Cannot access 'appliedFilterTypeSet' before initialization
    at ShopifyCollectionMapping (webpack-internal:///(app-pages-browser)/./components/shopify-collection-mapping.tsx:921:9)
    at Object.react_stack_bottom_frame (webpack-internal:///(app-pages-browser)/./node_modules/next/dist/compiled/react-dom/cjs/react-dom-client.development.js:28039:20)
    at renderWithHooks (webpack-internal:///(app-pages-browser)/./node_modules/next/dist/compiled/react-dom/cjs/react-dom-client.development.js:7985:22)
    at updateFunctionComponent (webpack-internal:///(app-pages-browser)/./node_modules/next/dist/compiled/react-dom/cjs/react-dom-client.development.js:10502:19)
    at beginWork (webpack-internal:///(app-pages-browser)/./node_modules/next/dist/compiled/react-dom/cjs/react-dom-client.development.js:12086:35)
    at runWithFiberInDEV (webpack-internal:///(app-pages-browser)/./node_modules/next/dist/compiled/react-dom/cjs/react-dom-client.development.js:987:30)
    at performUnitOfWork (webpack-internal:///(app-pages-browser)/./node_modules/next/dist/compiled/react-dom/cjs/react-dom-client.development.js:18998:22)
    at workLoopSync (webpack-internal:///(app-pages-browser)/./node_modules/next/dist/compiled/react-dom/cjs/react-dom-client.development.js:18826:41)
    at renderRootSync (webpack-internal:///(app-pages-browser)/./node_modules/next/dist/compiled/react-dom/cjs/react-dom-client.development.js:18807:11)
    at performWorkOnRoot (webpack-internal:///(app-pages-browser)/./node_modules/next/dist/compiled/react-dom/cjs/react-dom-client.development.js:17915:35)
    at performWorkOnRootViaSchedulerTask (webpack-internal:///(app-pages-browser)/./node_modules/next/dist/compiled/react-dom/cjs/react-dom-client.development.js:20385:7)
    at MessagePort.performWorkUntilDeadline (webpack-internal:///(app-pages-browser)/./node_modules/next/dist/compiled/scheduler/cjs/scheduler.development.js:45:48)
[  698303ms] [WARNING] [Fast Refresh] performing full reload because your application had an unrecoverable error @ webpack-internal:///(app-pages-browser)/./node_modules/next/dist/next-devtools/shared/forward-logs-shared.js:27
[  698479ms] [ERROR] Failed to load resource: the server responded with a status of 500 (Internal Server Error) @ http://localhost:3000/shopify-collection-mapping:0
[  700103ms] ReferenceError: Cannot access 'appliedFilterTypeSet' before initialization
    at ShopifyCollectionMapping (webpack-internal:///(app-pages-browser)/./components/shopify-collection-mapping.tsx:921:9)
    at Object.react_stack_bottom_frame (webpack-internal:///(app-pages-browser)/./node_modules/next/dist/compiled/react-dom/cjs/react-dom-client.development.js:28039:20)
    at renderWithHooks (webpack-internal:///(app-pages-browser)/./node_modules/next/dist/compiled/react-dom/cjs/react-dom-client.development.js:7985:22)
    at updateFunctionComponent (webpack-internal:///(app-pages-browser)/./node_modules/next/dist/compiled/react-dom/cjs/react-dom-client.development.js:10502:19)
    at beginWork (webpack-internal:///(app-pages-browser)/./node_modules/next/dist/compiled/react-dom/cjs/react-dom-client.development.js:12086:35)
    at runWithFiberInDEV (webpack-internal:///(app-pages-browser)/./node_modules/next/dist/compiled/react-dom/cjs/react-dom-client.development.js:987:30)
    at performUnitOfWork (webpack-internal:///(app-pages-browser)/./node_modules/next/dist/compiled/react-dom/cjs/react-dom-client.development.js:18998:22)
    at workLoopSync (webpack-internal:///(app-pages-browser)/./node_modules/next/dist/compiled/react-dom/cjs/react-dom-client.development.js:18826:41)
    at renderRootSync (webpack-internal:///(app-pages-browser)/./node_modules/next/dist/compiled/react-dom/cjs/react-dom-client.development.js:18807:11)
    at performWorkOnRoot (webpack-internal:///(app-pages-browser)/./node_modules/next/dist/compiled/react-dom/cjs/react-dom-client.development.js:17915:35)
    at performWorkOnRootViaSchedulerTask (webpack-internal:///(app-pages-browser)/./node_modules/next/dist/compiled/react-dom/cjs/react-dom-client.development.js:20385:7)
    at MessagePort.performWorkUntilDeadline (webpack-internal:///(app-pages-browser)/./node_modules/next/dist/compiled/scheduler/cjs/scheduler.development.js:45:48)
[  700856ms] [WARNING] [Fast Refresh] performing full reload because your application had an unrecoverable error @ webpack-internal:///(app-pages-browser)/./node_modules/next/dist/next-devtools/shared/forward-logs-shared.js:27
[  701169ms] [ERROR] Failed to load resource: the server responded with a status of 500 (Internal Server Error) @ http://localhost:3000/shopify-collection-mapping:0
[  702890ms] ReferenceError: Cannot access 'appliedFilterTypeSet' before initialization
    at ShopifyCollectionMapping (webpack-internal:///(app-pages-browser)/./components/shopify-collection-mapping.tsx:921:9)
    at Object.react_stack_bottom_frame (webpack-internal:///(app-pages-browser)/./node_modules/next/dist/compiled/react-dom/cjs/react-dom-client.development.js:28039:20)
    at renderWithHooks (webpack-internal:///(app-pages-browser)/./node_modules/next/dist/compiled/react-dom/cjs/react-dom-client.development.js:7985:22)
    at updateFunctionComponent (webpack-internal:///(app-pages-browser)/./node_modules/next/dist/compiled/react-dom/cjs/react-dom-client.development.js:10502:19)
    at beginWork (webpack-internal:///(app-pages-browser)/./node_modules/next/dist/compiled/react-dom/cjs/react-dom-client.development.js:12086:35)
    at runWithFiberInDEV (webpack-internal:///(app-pages-browser)/./node_modules/next/dist/compiled/react-dom/cjs/react-dom-client.development.js:987:30)
    at performUnitOfWork (webpack-internal:///(app-pages-browser)/./node_modules/next/dist/compiled/react-dom/cjs/react-dom-client.development.js:18998:22)
    at workLoopSync (webpack-internal:///(app-pages-browser)/./node_modules/next/dist/compiled/react-dom/cjs/react-dom-client.development.js:18826:41)
    at renderRootSync (webpack-internal:///(app-pages-browser)/./node_modules/next/dist/compiled/react-dom/cjs/react-dom-client.development.js:18807:11)
    at performWorkOnRoot (webpack-internal:///(app-pages-browser)/./node_modules/next/dist/compiled/react-dom/cjs/react-dom-client.development.js:17915:35)
    at performWorkOnRootViaSchedulerTask (webpack-internal:///(app-pages-browser)/./node_modules/next/dist/compiled/react-dom/cjs/react-dom-client.development.js:20385:7)
    at MessagePort.performWorkUntilDeadline (webpack-internal:///(app-pages-browser)/./node_modules/next/dist/compiled/scheduler/cjs/scheduler.development.js:45:48)
[  703519ms] [WARNING] [Fast Refresh] performing full reload because your application had an unrecoverable error @ webpack-internal:///(app-pages-browser)/./node_modules/next/dist/next-devtools/shared/forward-logs-shared.js:27
[  703834ms] [ERROR] Failed to load resource: the server responded with a status of 500 (Internal Server Error) @ http://localhost:3000/shopify-collection-mapping:0
[  705029ms] ReferenceError: Cannot access 'appliedFilterTypeSet' before initialization
    at ShopifyCollectionMapping (webpack-internal:///(app-pages-browser)/./components/shopify-collection-mapping.tsx:921:9)
    at Object.react_stack_bottom_frame (webpack-internal:///(app-pages-browser)/./node_modules/next/dist/compiled/react-dom/cjs/react-dom-client.development.js:28039:20)
    at renderWithHooks (webpack-internal:///(app-pages-browser)/./node_modules/next/dist/compiled/react-dom/cjs/react-dom-client.development.js:7985:22)
    at updateFunctionComponent (webpack-internal:///(app-pages-browser)/./node_modules/next/dist/compiled/react-dom/cjs/react-dom-client.development.js:10502:19)
    at beginWork (webpack-internal:///(app-pages-browser)/./node_modules/next/dist/compiled/react-dom/cjs/react-dom-client.development.js:12086:35)
    at runWithFiberInDEV (webpack-internal:///(app-pages-browser)/./node_modules/next/dist/compiled/react-dom/cjs/react-dom-client.development.js:987:30)
    at performUnitOfWork (webpack-internal:///(app-pages-browser)/./node_modules/next/dist/compiled/react-dom/cjs/react-dom-client.development.js:18998:22)
    at workLoopSync (webpack-internal:///(app-pages-browser)/./node_modules/next/dist/compiled/react-dom/cjs/react-dom-client.development.js:18826:41)
    at renderRootSync (webpack-internal:///(app-pages-browser)/./node_modules/next/dist/compiled/react-dom/cjs/react-dom-client.development.js:18807:11)
    at performWorkOnRoot (webpack-internal:///(app-pages-browser)/./node_modules/next/dist/compiled/react-dom/cjs/react-dom-client.development.js:17915:35)
    at performWorkOnRootViaSchedulerTask (webpack-internal:///(app-pages-browser)/./node_modules/next/dist/compiled/react-dom/cjs/react-dom-client.development.js:20385:7)
    at MessagePort.performWorkUntilDeadline (webpack-internal:///(app-pages-browser)/./node_modules/next/dist/compiled/scheduler/cjs/scheduler.development.js:45:48)
[  705585ms] [WARNING] [Fast Refresh] performing full reload because your application had an unrecoverable error @ webpack-internal:///(app-pages-browser)/./node_modules/next/dist/next-devtools/shared/forward-logs-shared.js:27
[  705786ms] [ERROR] Failed to load resource: the server responded with a status of 500 (Internal Server Error) @ http://localhost:3000/shopify-collection-mapping:0
[  707354ms] ReferenceError: Cannot access 'appliedFilterTypeSet' before initialization
    at ShopifyCollectionMapping (webpack-internal:///(app-pages-browser)/./components/shopify-collection-mapping.tsx:921:9)
    at Object.react_stack_bottom_frame (webpack-internal:///(app-pages-browser)/./node_modules/next/dist/compiled/react-dom/cjs/react-dom-client.development.js:28039:20)
    at renderWithHooks (webpack-internal:///(app-pages-browser)/./node_modules/next/dist/compiled/react-dom/cjs/react-dom-client.development.js:7985:22)
    at updateFunctionComponent (webpack-internal:///(app-pages-browser)/./node_modules/next/dist/compiled/react-dom/cjs/react-dom-client.development.js:10502:19)
    at beginWork (webpack-internal:///(app-pages-browser)/./node_modules/next/dist/compiled/react-dom/cjs/react-dom-client.development.js:12086:35)
    at runWithFiberInDEV (webpack-internal:///(app-pages-browser)/./node_modules/next/dist/compiled/react-dom/cjs/react-dom-client.development.js:987:30)
    at performUnitOfWork (webpack-internal:///(app-pages-browser)/./node_modules/next/dist/compiled/react-dom/cjs/react-dom-client.development.js:18998:22)
    at workLoopSync (webpack-internal:///(app-pages-browser)/./node_modules/next/dist/compiled/react-dom/cjs/react-dom-client.development.js:18826:41)
    at renderRootSync (webpack-internal:///(app-pages-browser)/./node_modules/next/dist/compiled/react-dom/cjs/react-dom-client.development.js:18807:11)
    at performWorkOnRoot (webpack-internal:///(app-pages-browser)/./node_modules/next/dist/compiled/react-dom/cjs/react-dom-client.development.js:17915:35)
    at performWorkOnRootViaSchedulerTask (webpack-internal:///(app-pages-browser)/./node_modules/next/dist/compiled/react-dom/cjs/react-dom-client.development.js:20385:7)
    at MessagePort.performWorkUntilDeadline (webpack-internal:///(app-pages-browser)/./node_modules/next/dist/compiled/scheduler/cjs/scheduler.development.js:45:48)
[  709130ms] [WARNING] [Fast Refresh] performing full reload because your application had an unrecoverable error @ webpack-internal:///(app-pages-browser)/./node_modules/next/dist/next-devtools/shared/forward-logs-shared.js:27
[  709534ms] [ERROR] Failed to load resource: the server responded with a status of 500 (Internal Server Error) @ http://localhost:3000/shopify-collection-mapping:0
[  711237ms] ReferenceError: Cannot access 'appliedFilterTypeSet' before initialization
    at ShopifyCollectionMapping (webpack-internal:///(app-pages-browser)/./components/shopify-collection-mapping.tsx:921:9)
    at Object.react_stack_bottom_frame (webpack-internal:///(app-pages-browser)/./node_modules/next/dist/compiled/react-dom/cjs/react-dom-client.development.js:28039:20)
    at renderWithHooks (webpack-internal:///(app-pages-browser)/./node_modules/next/dist/compiled/react-dom/cjs/react-dom-client.development.js:7985:22)
    at updateFunctionComponent (webpack-internal:///(app-pages-browser)/./node_modules/next/dist/compiled/react-dom/cjs/react-dom-client.development.js:10502:19)
    at beginWork (webpack-internal:///(app-pages-browser)/./node_modules/next/dist/compiled/react-dom/cjs/react-dom-client.development.js:12086:35)
    at runWithFiberInDEV (webpack-internal:///(app-pages-browser)/./node_modules/next/dist/compiled/react-dom/cjs/react-dom-client.development.js:987:30)
    at performUnitOfWork (webpack-internal:///(app-pages-browser)/./node_modules/next/dist/compiled/react-dom/cjs/react-dom-client.development.js:18998:22)
    at workLoopSync (webpack-internal:///(app-pages-browser)/./node_modules/next/dist/compiled/react-dom/cjs/react-dom-client.development.js:18826:41)
    at renderRootSync (webpack-internal:///(app-pages-browser)/./node_modules/next/dist/compiled/react-dom/cjs/react-dom-client.development.js:18807:11)
    at performWorkOnRoot (webpack-internal:///(app-pages-browser)/./node_modules/next/dist/compiled/react-dom/cjs/react-dom-client.development.js:17915:35)
    at performWorkOnRootViaSchedulerTask (webpack-internal:///(app-pages-browser)/./node_modules/next/dist/compiled/react-dom/cjs/react-dom-client.development.js:20385:7)
    at MessagePort.performWorkUntilDeadline (webpack-internal:///(app-pages-browser)/./node_modules/next/dist/compiled/scheduler/cjs/scheduler.development.js:45:48)
[  711923ms] [WARNING] [Fast Refresh] performing full reload because your application had an unrecoverable error @ webpack-internal:///(app-pages-browser)/./node_modules/next/dist/next-devtools/shared/forward-logs-shared.js:27
[  712091ms] [ERROR] Failed to load resource: the server responded with a status of 500 (Internal Server Error) @ http://localhost:3000/shopify-collection-mapping:0
[  713415ms] ReferenceError: Cannot access 'appliedFilterTypeSet' before initialization
    at ShopifyCollectionMapping (webpack-internal:///(app-pages-browser)/./components/shopify-collection-mapping.tsx:921:9)
    at Object.react_stack_bottom_frame (webpack-internal:///(app-pages-browser)/./node_modules/next/dist/compiled/react-dom/cjs/react-dom-client.development.js:28039:20)
    at renderWithHooks (webpack-internal:///(app-pages-browser)/./node_modules/next/dist/compiled/react-dom/cjs/react-dom-client.development.js:7985:22)
    at updateFunctionComponent (webpack-internal:///(app-pages-browser)/./node_modules/next/dist/compiled/react-dom/cjs/react-dom-client.development.js:10502:19)
    at beginWork (webpack-internal:///(app-pages-browser)/./node_modules/next/dist/compiled/react-dom/cjs/react-dom-client.development.js:12086:35)
    at runWithFiberInDEV (webpack-internal:///(app-pages-browser)/./node_modules/next/dist/compiled/react-dom/cjs/react-dom-client.development.js:987:30)
    at performUnitOfWork (webpack-internal:///(app-pages-browser)/./node_modules/next/dist/compiled/react-dom/cjs/react-dom-client.development.js:18998:22)
    at workLoopSync (webpack-internal:///(app-pages-browser)/./node_modules/next/dist/compiled/react-dom/cjs/react-dom-client.development.js:18826:41)
    at renderRootSync (webpack-internal:///(app-pages-browser)/./node_modules/next/dist/compiled/react-dom/cjs/react-dom-client.development.js:18807:11)
    at performWorkOnRoot (webpack-internal:///(app-pages-browser)/./node_modules/next/dist/compiled/react-dom/cjs/react-dom-client.development.js:17915:35)
    at performWorkOnRootViaSchedulerTask (webpack-internal:///(app-pages-browser)/./node_modules/next/dist/compiled/react-dom/cjs/react-dom-client.development.js:20385:7)
    at MessagePort.performWorkUntilDeadline (webpack-internal:///(app-pages-browser)/./node_modules/next/dist/compiled/scheduler/cjs/scheduler.development.js:45:48)
[  713839ms] [WARNING] [Fast Refresh] performing full reload because your application had an unrecoverable error @ webpack-internal:///(app-pages-browser)/./node_modules/next/dist/next-devtools/shared/forward-logs-shared.js:27
[  713965ms] [ERROR] Failed to load resource: the server responded with a status of 500 (Internal Server Error) @ http://localhost:3000/shopify-collection-mapping:0
[  715124ms] ReferenceError: Cannot access 'appliedFilterTypeSet' before initialization
    at ShopifyCollectionMapping (webpack-internal:///(app-pages-browser)/./components/shopify-collection-mapping.tsx:921:9)
    at Object.react_stack_bottom_frame (webpack-internal:///(app-pages-browser)/./node_modules/next/dist/compiled/react-dom/cjs/react-dom-client.development.js:28039:20)
    at renderWithHooks (webpack-internal:///(app-pages-browser)/./node_modules/next/dist/compiled/react-dom/cjs/react-dom-client.development.js:7985:22)
    at updateFunctionComponent (webpack-internal:///(app-pages-browser)/./node_modules/next/dist/compiled/react-dom/cjs/react-dom-client.development.js:10502:19)
    at beginWork (webpack-internal:///(app-pages-browser)/./node_modules/next/dist/compiled/react-dom/cjs/react-dom-client.development.js:12086:35)
    at runWithFiberInDEV (webpack-internal:///(app-pages-browser)/./node_modules/next/dist/compiled/react-dom/cjs/react-dom-client.development.js:987:30)
    at performUnitOfWork (webpack-internal:///(app-pages-browser)/./node_modules/next/dist/compiled/react-dom/cjs/react-dom-client.development.js:18998:22)
    at workLoopSync (webpack-internal:///(app-pages-browser)/./node_modules/next/dist/compiled/react-dom/cjs/react-dom-client.development.js:18826:41)
    at renderRootSync (webpack-internal:///(app-pages-browser)/./node_modules/next/dist/compiled/react-dom/cjs/react-dom-client.development.js:18807:11)
    at performWorkOnRoot (webpack-internal:///(app-pages-browser)/./node_modules/next/dist/compiled/react-dom/cjs/react-dom-client.development.js:17915:35)
    at performWorkOnRootViaSchedulerTask (webpack-internal:///(app-pages-browser)/./node_modules/next/dist/compiled/react-dom/cjs/react-dom-client.development.js:20385:7)
    at MessagePort.performWorkUntilDeadline (webpack-internal:///(app-pages-browser)/./node_modules/next/dist/compiled/scheduler/cjs/scheduler.development.js:45:48)
[  715646ms] [WARNING] [Fast Refresh] performing full reload because your application had an unrecoverable error @ webpack-internal:///(app-pages-browser)/./node_modules/next/dist/next-devtools/shared/forward-logs-shared.js:27
[  715813ms] [ERROR] Failed to load resource: the server responded with a status of 500 (Internal Server Error) @ http://localhost:3000/shopify-collection-mapping:0
[  717211ms] ReferenceError: Cannot access 'appliedFilterTypeSet' before initialization
    at ShopifyCollectionMapping (webpack-internal:///(app-pages-browser)/./components/shopify-collection-mapping.tsx:921:9)
    at Object.react_stack_bottom_frame (webpack-internal:///(app-pages-browser)/./node_modules/next/dist/compiled/react-dom/cjs/react-dom-client.development.js:28039:20)
    at renderWithHooks (webpack-internal:///(app-pages-browser)/./node_modules/next/dist/compiled/react-dom/cjs/react-dom-client.development.js:7985:22)
    at updateFunctionComponent (webpack-internal:///(app-pages-browser)/./node_modules/next/dist/compiled/react-dom/cjs/react-dom-client.development.js:10502:19)
    at beginWork (webpack-internal:///(app-pages-browser)/./node_modules/next/dist/compiled/react-dom/cjs/react-dom-client.development.js:12086:35)
    at runWithFiberInDEV (webpack-internal:///(app-pages-browser)/./node_modules/next/dist/compiled/react-dom/cjs/react-dom-client.development.js:987:30)
    at performUnitOfWork (webpack-internal:///(app-pages-browser)/./node_modules/next/dist/compiled/react-dom/cjs/react-dom-client.development.js:18998:22)
    at workLoopSync (webpack-internal:///(app-pages-browser)/./node_modules/next/dist/compiled/react-dom/cjs/react-dom-client.development.js:18826:41)
    at renderRootSync (webpack-internal:///(app-pages-browser)/./node_modules/next/dist/compiled/react-dom/cjs/react-dom-client.development.js:18807:11)
    at performWorkOnRoot (webpack-internal:///(app-pages-browser)/./node_modules/next/dist/compiled/react-dom/cjs/react-dom-client.development.js:17915:35)
    at performWorkOnRootViaSchedulerTask (webpack-internal:///(app-pages-browser)/./node_modules/next/dist/compiled/react-dom/cjs/react-dom-client.development.js:20385:7)
    at MessagePort.performWorkUntilDeadline (webpack-internal:///(app-pages-browser)/./node_modules/next/dist/compiled/scheduler/cjs/scheduler.development.js:45:48)
[  717705ms] [WARNING] [Fast Refresh] performing full reload because your application had an unrecoverable error @ webpack-internal:///(app-pages-browser)/./node_modules/next/dist/next-devtools/shared/forward-logs-shared.js:27
[  717883ms] [ERROR] Failed to load resource: the server responded with a status of 500 (Internal Server Error) @ http://localhost:3000/shopify-collection-mapping:0
[  719189ms] ReferenceError: Cannot access 'appliedFilterTypeSet' before initialization
    at ShopifyCollectionMapping (webpack-internal:///(app-pages-browser)/./components/shopify-collection-mapping.tsx:921:9)
    at Object.react_stack_bottom_frame (webpack-internal:///(app-pages-browser)/./node_modules/next/dist/compiled/react-dom/cjs/react-dom-client.development.js:28039:20)
    at renderWithHooks (webpack-internal:///(app-pages-browser)/./node_modules/next/dist/compiled/react-dom/cjs/react-dom-client.development.js:7985:22)
    at updateFunctionComponent (webpack-internal:///(app-pages-browser)/./node_modules/next/dist/compiled/react-dom/cjs/react-dom-client.development.js:10502:19)
    at beginWork (webpack-internal:///(app-pages-browser)/./node_modules/next/dist/compiled/react-dom/cjs/react-dom-client.development.js:12086:35)
    at runWithFiberInDEV (webpack-internal:///(app-pages-browser)/./node_modules/next/dist/compiled/react-dom/cjs/react-dom-client.development.js:987:30)
    at performUnitOfWork (webpack-internal:///(app-pages-browser)/./node_modules/next/dist/compiled/react-dom/cjs/react-dom-client.development.js:18998:22)
    at workLoopSync (webpack-internal:///(app-pages-browser)/./node_modules/next/dist/compiled/react-dom/cjs/react-dom-client.development.js:18826:41)
    at renderRootSync (webpack-internal:///(app-pages-browser)/./node_modules/next/dist/compiled/react-dom/cjs/react-dom-client.development.js:18807:11)
    at performWorkOnRoot (webpack-internal:///(app-pages-browser)/./node_modules/next/dist/compiled/react-dom/cjs/react-dom-client.development.js:17915:35)
    at performWorkOnRootViaSchedulerTask (webpack-internal:///(app-pages-browser)/./node_modules/next/dist/compiled/react-dom/cjs/react-dom-client.development.js:20385:7)
    at MessagePort.performWorkUntilDeadline (webpack-internal:///(app-pages-browser)/./node_modules/next/dist/compiled/scheduler/cjs/scheduler.development.js:45:48)
[  719633ms] [WARNING] [Fast Refresh] performing full reload because your application had an unrecoverable error @ webpack-internal:///(app-pages-browser)/./node_modules/next/dist/next-devtools/shared/forward-logs-shared.js:27
[  719781ms] [ERROR] Failed to load resource: the server responded with a status of 500 (Internal Server Error) @ http://localhost:3000/shopify-collection-mapping:0
[  721012ms] ReferenceError: Cannot access 'appliedFilterTypeSet' before initialization
    at ShopifyCollectionMapping (webpack-internal:///(app-pages-browser)/./components/shopify-collection-mapping.tsx:921:9)
    at Object.react_stack_bottom_frame (webpack-internal:///(app-pages-browser)/./node_modules/next/dist/compiled/react-dom/cjs/react-dom-client.development.js:28039:20)
    at renderWithHooks (webpack-internal:///(app-pages-browser)/./node_modules/next/dist/compiled/react-dom/cjs/react-dom-client.development.js:7985:22)
    at updateFunctionComponent (webpack-internal:///(app-pages-browser)/./node_modules/next/dist/compiled/react-dom/cjs/react-dom-client.development.js:10502:19)
    at beginWork (webpack-internal:///(app-pages-browser)/./node_modules/next/dist/compiled/react-dom/cjs/react-dom-client.development.js:12086:35)
    at runWithFiberInDEV (webpack-internal:///(app-pages-browser)/./node_modules/next/dist/compiled/react-dom/cjs/react-dom-client.development.js:987:30)
    at performUnitOfWork (webpack-internal:///(app-pages-browser)/./node_modules/next/dist/compiled/react-dom/cjs/react-dom-client.development.js:18998:22)
    at workLoopSync (webpack-internal:///(app-pages-browser)/./node_modules/next/dist/compiled/react-dom/cjs/react-dom-client.development.js:18826:41)
    at renderRootSync (webpack-internal:///(app-pages-browser)/./node_modules/next/dist/compiled/react-dom/cjs/react-dom-client.development.js:18807:11)
    at performWorkOnRoot (webpack-internal:///(app-pages-browser)/./node_modules/next/dist/compiled/react-dom/cjs/react-dom-client.development.js:17915:35)
    at performWorkOnRootViaSchedulerTask (webpack-internal:///(app-pages-browser)/./node_modules/next/dist/compiled/react-dom/cjs/react-dom-client.development.js:20385:7)
    at MessagePort.performWorkUntilDeadline (webpack-internal:///(app-pages-browser)/./node_modules/next/dist/compiled/scheduler/cjs/scheduler.development.js:45:48)
[  721424ms] [WARNING] [Fast Refresh] performing full reload because your application had an unrecoverable error @ webpack-internal:///(app-pages-browser)/./node_modules/next/dist/next-devtools/shared/forward-logs-shared.js:27
[  721559ms] [ERROR] Failed to load resource: the server responded with a status of 500 (Internal Server Error) @ http://localhost:3000/shopify-collection-mapping:0
[  722668ms] ReferenceError: Cannot access 'appliedFilterTypeSet' before initialization
    at ShopifyCollectionMapping (webpack-internal:///(app-pages-browser)/./components/shopify-collection-mapping.tsx:921:9)
    at Object.react_stack_bottom_frame (webpack-internal:///(app-pages-browser)/./node_modules/next/dist/compiled/react-dom/cjs/react-dom-client.development.js:28039:20)
    at renderWithHooks (webpack-internal:///(app-pages-browser)/./node_modules/next/dist/compiled/react-dom/cjs/react-dom-client.development.js:7985:22)
    at updateFunctionComponent (webpack-internal:///(app-pages-browser)/./node_modules/next/dist/compiled/react-dom/cjs/react-dom-client.development.js:10502:19)
    at beginWork (webpack-internal:///(app-pages-browser)/./node_modules/next/dist/compiled/react-dom/cjs/react-dom-client.development.js:12086:35)
    at runWithFiberInDEV (webpack-internal:///(app-pages-browser)/./node_modules/next/dist/compiled/react-dom/cjs/react-dom-client.development.js:987:30)
    at performUnitOfWork (webpack-internal:///(app-pages-browser)/./node_modules/next/dist/compiled/react-dom/cjs/react-dom-client.development.js:18998:22)
    at workLoopSync (webpack-internal:///(app-pages-browser)/./node_modules/next/dist/compiled/react-dom/cjs/react-dom-client.development.js:18826:41)
    at renderRootSync (webpack-internal:///(app-pages-browser)/./node_modules/next/dist/compiled/react-dom/cjs/react-dom-client.development.js:18807:11)
    at performWorkOnRoot (webpack-internal:///(app-pages-browser)/./node_modules/next/dist/compiled/react-dom/cjs/react-dom-client.development.js:17915:35)
    at performWorkOnRootViaSchedulerTask (webpack-internal:///(app-pages-browser)/./node_modules/next/dist/compiled/react-dom/cjs/react-dom-client.development.js:20385:7)
    at MessagePort.performWorkUntilDeadline (webpack-internal:///(app-pages-browser)/./node_modules/next/dist/compiled/scheduler/cjs/scheduler.development.js:45:48)
[  723355ms] [ERROR] Failed to load resource: the server responded with a status of 500 (Internal Server Error) @ http://localhost:3000/shopify-collection-mapping:0
[  724221ms] ReferenceError: Cannot access 'appliedFilterTypeSet' before initialization
    at ShopifyCollectionMapping (webpack-internal:///(app-pages-browser)/./components/shopify-collection-mapping.tsx:921:9)
    at Object.react_stack_bottom_frame (webpack-internal:///(app-pages-browser)/./node_modules/next/dist/compiled/react-dom/cjs/react-dom-client.development.js:28039:20)
    at renderWithHooks (webpack-internal:///(app-pages-browser)/./node_modules/next/dist/compiled/react-dom/cjs/react-dom-client.development.js:7985:22)
    at updateFunctionComponent (webpack-internal:///(app-pages-browser)/./node_modules/next/dist/compiled/react-dom/cjs/react-dom-client.development.js:10502:19)
    at beginWork (webpack-internal:///(app-pages-browser)/./node_modules/next/dist/compiled/react-dom/cjs/react-dom-client.development.js:12086:35)
    at runWithFiberInDEV (webpack-internal:///(app-pages-browser)/./node_modules/next/dist/compiled/react-dom/cjs/react-dom-client.development.js:987:30)
    at performUnitOfWork (webpack-internal:///(app-pages-browser)/./node_modules/next/dist/compiled/react-dom/cjs/react-dom-client.development.js:18998:22)
    at workLoopSync (webpack-internal:///(app-pages-browser)/./node_modules/next/dist/compiled/react-dom/cjs/react-dom-client.development.js:18826:41)
    at renderRootSync (webpack-internal:///(app-pages-browser)/./node_modules/next/dist/compiled/react-dom/cjs/react-dom-client.development.js:18807:11)
    at performWorkOnRoot (webpack-internal:///(app-pages-browser)/./node_modules/next/dist/compiled/react-dom/cjs/react-dom-client.development.js:17915:35)
    at performWorkOnRootViaSchedulerTask (webpack-internal:///(app-pages-browser)/./node_modules/next/dist/compiled/react-dom/cjs/react-dom-client.development.js:20385:7)
    at MessagePort.performWorkUntilDeadline (webpack-internal:///(app-pages-browser)/./node_modules/next/dist/compiled/scheduler/cjs/scheduler.development.js:45:48)
[  724704ms] [WARNING] [Fast Refresh] performing full reload because your application had an unrecoverable error @ webpack-internal:///(app-pages-browser)/./node_modules/next/dist/next-devtools/shared/forward-logs-shared.js:27
[  724855ms] [ERROR] Failed to load resource: the server responded with a status of 500 (Internal Server Error) @ http://localhost:3000/shopify-collection-mapping:0
[  726143ms] ReferenceError: Cannot access 'appliedFilterTypeSet' before initialization
    at ShopifyCollectionMapping (webpack-internal:///(app-pages-browser)/./components/shopify-collection-mapping.tsx:921:9)
    at Object.react_stack_bottom_frame (webpack-internal:///(app-pages-browser)/./node_modules/next/dist/compiled/react-dom/cjs/react-dom-client.development.js:28039:20)
    at renderWithHooks (webpack-internal:///(app-pages-browser)/./node_modules/next/dist/compiled/react-dom/cjs/react-dom-client.development.js:7985:22)
    at updateFunctionComponent (webpack-internal:///(app-pages-browser)/./node_modules/next/dist/compiled/react-dom/cjs/react-dom-client.development.js:10502:19)
    at beginWork (webpack-internal:///(app-pages-browser)/./node_modules/next/dist/compiled/react-dom/cjs/react-dom-client.development.js:12086:35)
    at runWithFiberInDEV (webpack-internal:///(app-pages-browser)/./node_modules/next/dist/compiled/react-dom/cjs/react-dom-client.development.js:987:30)
    at performUnitOfWork (webpack-internal:///(app-pages-browser)/./node_modules/next/dist/compiled/react-dom/cjs/react-dom-client.development.js:18998:22)
    at workLoopSync (webpack-internal:///(app-pages-browser)/./node_modules/next/dist/compiled/react-dom/cjs/react-dom-client.development.js:18826:41)
    at renderRootSync (webpack-internal:///(app-pages-browser)/./node_modules/next/dist/compiled/react-dom/cjs/react-dom-client.development.js:18807:11)
    at performWorkOnRoot (webpack-internal:///(app-pages-browser)/./node_modules/next/dist/compiled/react-dom/cjs/react-dom-client.development.js:17915:35)
    at performWorkOnRootViaSchedulerTask (webpack-internal:///(app-pages-browser)/./node_modules/next/dist/compiled/react-dom/cjs/react-dom-client.development.js:20385:7)
    at MessagePort.performWorkUntilDeadline (webpack-internal:///(app-pages-browser)/./node_modules/next/dist/compiled/scheduler/cjs/scheduler.development.js:45:48)
[  726582ms] [WARNING] [Fast Refresh] performing full reload because your application had an unrecoverable error @ webpack-internal:///(app-pages-browser)/./node_modules/next/dist/next-devtools/shared/forward-logs-shared.js:27
[  726746ms] [ERROR] Failed to load resource: the server responded with a status of 500 (Internal Server Error) @ http://localhost:3000/shopify-collection-mapping:0
[  727808ms] ReferenceError: Cannot access 'appliedFilterTypeSet' before initialization
    at ShopifyCollectionMapping (webpack-internal:///(app-pages-browser)/./components/shopify-collection-mapping.tsx:921:9)
    at Object.react_stack_bottom_frame (webpack-internal:///(app-pages-browser)/./node_modules/next/dist/compiled/react-dom/cjs/react-dom-client.development.js:28039:20)
    at renderWithHooks (webpack-internal:///(app-pages-browser)/./node_modules/next/dist/compiled/react-dom/cjs/react-dom-client.development.js:7985:22)
    at updateFunctionComponent (webpack-internal:///(app-pages-browser)/./node_modules/next/dist/compiled/react-dom/cjs/react-dom-client.development.js:10502:19)
    at beginWork (webpack-internal:///(app-pages-browser)/./node_modules/next/dist/compiled/react-dom/cjs/react-dom-client.development.js:12086:35)
    at runWithFiberInDEV (webpack-internal:///(app-pages-browser)/./node_modules/next/dist/compiled/react-dom/cjs/react-dom-client.development.js:987:30)
    at performUnitOfWork (webpack-internal:///(app-pages-browser)/./node_modules/next/dist/compiled/react-dom/cjs/react-dom-client.development.js:18998:22)
    at workLoopSync (webpack-internal:///(app-pages-browser)/./node_modules/next/dist/compiled/react-dom/cjs/react-dom-client.development.js:18826:41)
    at renderRootSync (webpack-internal:///(app-pages-browser)/./node_modules/next/dist/compiled/react-dom/cjs/react-dom-client.development.js:18807:11)
    at performWorkOnRoot (webpack-internal:///(app-pages-browser)/./node_modules/next/dist/compiled/react-dom/cjs/react-dom-client.development.js:17915:35)
    at performWorkOnRootViaSchedulerTask (webpack-internal:///(app-pages-browser)/./node_modules/next/dist/compiled/react-dom/cjs/react-dom-client.development.js:20385:7)
    at MessagePort.performWorkUntilDeadline (webpack-internal:///(app-pages-browser)/./node_modules/next/dist/compiled/scheduler/cjs/scheduler.development.js:45:48)
[  728340ms] [WARNING] [Fast Refresh] performing full reload because your application had an unrecoverable error @ webpack-internal:///(app-pages-browser)/./node_modules/next/dist/next-devtools/shared/forward-logs-shared.js:27
[  728474ms] [ERROR] Failed to load resource: the server responded with a status of 500 (Internal Server Error) @ http://localhost:3000/shopify-collection-mapping:0
[  729490ms] ReferenceError: Cannot access 'appliedFilterTypeSet' before initialization
    at ShopifyCollectionMapping (webpack-internal:///(app-pages-browser)/./components/shopify-collection-mapping.tsx:921:9)
    at Object.react_stack_bottom_frame (webpack-internal:///(app-pages-browser)/./node_modules/next/dist/compiled/react-dom/cjs/react-dom-client.development.js:28039:20)
    at renderWithHooks (webpack-internal:///(app-pages-browser)/./node_modules/next/dist/compiled/react-dom/cjs/react-dom-client.development.js:7985:22)
    at updateFunctionComponent (webpack-internal:///(app-pages-browser)/./node_modules/next/dist/compiled/react-dom/cjs/react-dom-client.development.js:10502:19)
    at beginWork (webpack-internal:///(app-pages-browser)/./node_modules/next/dist/compiled/react-dom/cjs/react-dom-client.development.js:12086:35)
    at runWithFiberInDEV (webpack-internal:///(app-pages-browser)/./node_modules/next/dist/compiled/react-dom/cjs/react-dom-client.development.js:987:30)
    at performUnitOfWork (webpack-internal:///(app-pages-browser)/./node_modules/next/dist/compiled/react-dom/cjs/react-dom-client.development.js:18998:22)
    at workLoopSync (webpack-internal:///(app-pages-browser)/./node_modules/next/dist/compiled/react-dom/cjs/react-dom-client.development.js:18826:41)
    at renderRootSync (webpack-internal:///(app-pages-browser)/./node_modules/next/dist/compiled/react-dom/cjs/react-dom-client.development.js:18807:11)
    at performWorkOnRoot (webpack-internal:///(app-pages-browser)/./node_modules/next/dist/compiled/react-dom/cjs/react-dom-client.development.js:17915:35)
    at performWorkOnRootViaSchedulerTask (webpack-internal:///(app-pages-browser)/./node_modules/next/dist/compiled/react-dom/cjs/react-dom-client.development.js:20385:7)
    at MessagePort.performWorkUntilDeadline (webpack-internal:///(app-pages-browser)/./node_modules/next/dist/compiled/scheduler/cjs/scheduler.development.js:45:48)
[  729920ms] [WARNING] [Fast Refresh] performing full reload because your application had an unrecoverable error @ webpack-internal:///(app-pages-browser)/./node_modules/next/dist/next-devtools/shared/forward-logs-shared.js:27
[  730075ms] [ERROR] Failed to load resource: the server responded with a status of 500 (Internal Server Error) @ http://localhost:3000/shopify-collection-mapping:0
[  731184ms] ReferenceError: Cannot access 'appliedFilterTypeSet' before initialization
    at ShopifyCollectionMapping (webpack-internal:///(app-pages-browser)/./components/shopify-collection-mapping.tsx:921:9)
    at Object.react_stack_bottom_frame (webpack-internal:///(app-pages-browser)/./node_modules/next/dist/compiled/react-dom/cjs/react-dom-client.development.js:28039:20)
    at renderWithHooks (webpack-internal:///(app-pages-browser)/./node_modules/next/dist/compiled/react-dom/cjs/react-dom-client.development.js:7985:22)
    at updateFunctionComponent (webpack-internal:///(app-pages-browser)/./node_modules/next/dist/compiled/react-dom/cjs/react-dom-client.development.js:10502:19)
    at beginWork (webpack-internal:///(app-pages-browser)/./node_modules/next/dist/compiled/react-dom/cjs/react-dom-client.development.js:12086:35)
    at runWithFiberInDEV (webpack-internal:///(app-pages-browser)/./node_modules/next/dist/compiled/react-dom/cjs/react-dom-client.development.js:987:30)
    at performUnitOfWork (webpack-internal:///(app-pages-browser)/./node_modules/next/dist/compiled/react-dom/cjs/react-dom-client.development.js:18998:22)
    at workLoopSync (webpack-internal:///(app-pages-browser)/./node_modules/next/dist/compiled/react-dom/cjs/react-dom-client.development.js:18826:41)
    at renderRootSync (webpack-internal:///(app-pages-browser)/./node_modules/next/dist/compiled/react-dom/cjs/react-dom-client.development.js:18807:11)
    at performWorkOnRoot (webpack-internal:///(app-pages-browser)/./node_modules/next/dist/compiled/react-dom/cjs/react-dom-client.development.js:17915:35)
    at performWorkOnRootViaSchedulerTask (webpack-internal:///(app-pages-browser)/./node_modules/next/dist/compiled/react-dom/cjs/react-dom-client.development.js:20385:7)
    at MessagePort.performWorkUntilDeadline (webpack-internal:///(app-pages-browser)/./node_modules/next/dist/compiled/scheduler/cjs/scheduler.development.js:45:48)
[  731638ms] [WARNING] [Fast Refresh] performing full reload because your application had an unrecoverable error @ webpack-internal:///(app-pages-browser)/./node_modules/next/dist/next-devtools/shared/forward-logs-shared.js:27
[  731787ms] [ERROR] Failed to load resource: the server responded with a status of 500 (Internal Server Error) @ http://localhost:3000/shopify-collection-mapping:0
